sklep_id,status,churn,zakup_hist_srednia,zakup_hist_sd,zakup_biezacy,zmiana_absolutna,zmiana_wzgledna,zmiana_standaryzowana
1,brak churnu,0,667.3832125379664,157.54383997247734,725.1389614608385,57.755748922872044,0.08654060791136009,0.36660112469622347
2,brak churnu,0,735.7117373808121,112.08308027247298,800.7400544921329,65.0283171113208,0.08838830999601338,0.5801796038549042
3,brak churnu,0,1013.0410284665086,242.63047965898826,775.636828993891,-237.40419947261762,-0.23434805975429085,-0.9784599189940354
4,brak churnu,0,1260.724045775991,236.07749745191364,1809.1276497146932,548.4036039387022,0.4349909924984044,2.3229812661429365
5,brak churnu,0,1377.0893897733247,316.33084029655424,1306.3647774214587,-70.72461235186597,-0.051358040281980225,-0.22357798653322253
6,brak churnu,0,1836.2291160500793,481.63084603927274,1140.1838615520865,-696.0452544979928,-0.3790623122212869,-1.4451841285124758
7,brak churnu,0,1101.9773718914498,160.07492436827084,1086.6280125772578,-15.349359314192043,-0.013928924228132,-0.09588859326198443
8,brak churnu,0,322.94738532700165,96.13459689812441,241.4394902994968,-81.50789502750484,-0.2523875365796001,-0.847851841661959
9,brak churnu,0,226.2689053777463,44.13622584689504,200.6183560306474,-25.650549347098917,-0.11336312121312656,-0.5811677109882158
10,brak churnu,0,315.56671660146804,55.644105967542664,366.75698092891895,51.190264327450905,0.1622169311096884,0.9199584293314067
11,brak churnu,0,404.40850972259835,71.74848645582314,497.7557443655635,93.34723464296513,0.2308241107661066,1.3010341995219752
12,brak churnu,0,612.9719460439242,117.21769531667113,556.7493650687429,-56.222580975181245,-0.09172129546553907,-0.4796424364366859
13,brak churnu,0,1263.6114231296274,282.9764212998269,1562.6511026055914,299.039679475964,0.23665477693714002,1.0567653591149113
14,brak churnu,0,1074.1333381877268,137.21103959485674,1179.236282661263,105.10294447353613,0.09784906653289932,0.7659948119617325
15,brak churnu,0,1003.4153016788412,171.6361419038341,1140.5609985264396,137.1456968475984,0.13667889718059537,0.7990490541580669
16,brak churnu,0,1423.432612078728,331.66716718019785,1450.210031667142,26.777419588413977,0.018811863210938543,0.08073581662023711
17,brak churnu,0,3150.7838134976023,890.6892350698923,2631.6964075206524,-519.0874059769499,-0.1647486583348683,-0.5827929490314511
18,brak churnu,0,983.7942680663406,201.66395240511088,945.5419360777735,-38.25233198856711,-0.03888245055925415,-0.18968353804612656
19,brak churnu,0,2503.578836050496,584.1505295306338,2557.9150015060395,54.33616545554332,0.02170339702234461,0.09301740340662286
20,brak churnu,0,778.4279546106827,226.3576013890947,823.6901753356691,45.26222072498638,0.0581456773962126,0.19995891654278233
21,brak churnu,0,1674.1357835929282,457.86885909859325,1515.1106020741436,-159.02518151878462,-0.09498941667532754,-0.347316001861008
22,brak churnu,0,596.7153873835538,87.38590369241186,600.803455061456,4.088067677902245,0.006850950661465911,0.04678177492209458
23,brak churnu,0,346.97755962363124,64.96603949892504,298.51105573279335,-48.466503890837885,-0.13968195506190606,-0.7460282982409576
24,brak churnu,0,816.4856793146682,149.57186005743552,1083.1502505768337,266.6645712621655,0.32660042670435463,1.7828525443206125
25,brak churnu,0,1400.1620212261696,280.76562857973994,1262.9558246052973,-137.20619662087233,-0.09799308547214856,-0.4886858741040823
26,brak churnu,0,2665.2683632751123,776.8727093052586,2132.3661936631197,-532.9021696119926,-0.19994315655221911,-0.68595815405661
27,brak churnu,0,2021.0552594269366,524.8302587949768,1498.5206351349984,-522.5346242919381,-0.25854544147402536,-0.9956259486480268
28,brak churnu,0,1062.951354840022,312.2957286710217,598.9444845763743,-464.0068702636478,-0.4365269098636056,-1.4857932006890862
29,brak churnu,0,1298.5987576821121,289.5732573607392,1119.7892769874798,-178.80948069463238,-0.137694171996431,-0.6174930735122354
30,brak churnu,0,784.5160333110996,134.26529048693735,770.4909461647226,-14.025087146377018,-0.01787737477739397,-0.10445802556649231
31,brak churnu,0,2610.977040319249,653.8122566128271,1863.4244291366622,-747.552611182587,-0.28631144573036243,-1.1433750340738424
32,brak churnu,0,1690.863416431347,385.8435044873246,1632.591786301377,-58.27163012997016,-0.034462647641259746,-0.1510240018356573
33,brak churnu,0,3387.0924140644775,730.8920094798374,3889.3663091466037,502.2738950821263,0.14829057896279912,0.6872067125752073
34,brak churnu,0,1957.2857547497274,572.972761976145,2494.3256457282164,537.039890978489,0.2743799108920398,0.937286947334589
35,brak churnu,0,1479.8368447044415,432.480279779263,1375.678545962963,-104.15829874147857,-0.07038498812501283,-0.24083941768313863
36,brak churnu,0,512.2358918863206,133.86392165463872,490.4887472743852,-21.74714461193537,-0.04245533153065671,-0.16245710078658657
37,brak churnu,0,403.71539721039454,100.54418400650346,390.8915150452499,-12.823882165144653,-0.031764659593752236,-0.12754474355587958
38,brak churnu,0,490.15846031484824,118.3222494541765,758.1079077670507,267.9494474522025,0.5466588239241814,2.2645736426433745
39,brak churnu,0,2391.821254814539,608.9602714483573,2365.009718909401,-26.811535905138044,-0.011209673737604193,-0.044028382740583745
40,brak churnu,0,1228.4306967070972,150.15608178330098,931.6002069628338,-296.83048974426345,-0.2416338915495521,-1.9768129683394169
41,brak churnu,0,1295.5177279750026,313.96001576098047,1558.1822393168277,262.6645113418251,0.2027486816042191,0.8366177161291554
42,brak churnu,0,992.9419999928658,148.78309980896867,1192.0284631824645,199.0864631895987,0.20050160350859278,1.3380986378507873
43,brak churnu,0,1051.140049910742,226.66041852720343,958.8460414627234,-92.29400844801853,-0.0878037217360862,-0.4071906733770614
44,brak churnu,0,907.8165418002532,219.37261719486776,854.295164926635,-53.521376873618124,-0.05895615954241384,-0.24397473831510755
45,brak churnu,0,949.1803133546548,173.1512197264718,734.1018593939278,-215.07845396072696,-0.2265938841489271,-1.2421422979317611
46,brak churnu,0,2067.849132450719,484.37562625929894,1785.7287982711528,-282.12033417956627,-0.13643177819515795,-0.5824412271903622
47,brak churnu,0,580.1900771612598,71.91050056313468,630.4961279566212,50.30605079536144,0.08670615506128215,0.6995647423034506
48,brak churnu,0,1274.6701429230516,343.56912162341916,1060.6730429344273,-213.9970999886243,-0.1678842963230392,-0.6228647643811926
49,brak churnu,0,1244.642787429788,191.4885438491217,1416.4921647311276,171.84937730133947,0.1380712434418327,0.8974394699911845
50,brak churnu,0,941.1807961335101,122.16195521246732,986.1008443344441,44.92004820093405,0.04772733186383668,0.36770898208700004
51,brak churnu,0,554.3253722590327,82.44893748411214,615.8918467429139,61.566474483881166,0.11106558993137976,0.746722472872922
52,brak churnu,0,1392.53887710612,283.15235018601396,1160.5656281017466,-231.97324900437343,-0.16658296067571524,-0.8192524231283301
53,brak churnu,0,1310.8027421868842,188.60377761452602,1439.219982338023,128.4172401511389,0.09796839449457771,0.6808837117441087
54,brak churnu,0,6233.260988446398,1348.1331552136144,8357.035019643517,2123.7740311971193,0.34071636582097564,1.5753444108869223
55,brak churnu,0,702.3652784253891,178.20783229723884,723.1720100978425,20.806731672453452,0.029623804466956876,0.11675542766127812
56,brak churnu,0,641.8367754414193,156.13846824849367,334.09820791052175,-307.7385675308975,-0.4794654642829592,-1.9709336909923632
57,brak churnu,0,1613.5053009117698,331.03869627671406,1923.5908978156872,310.08559690391735,0.1921813313713269,0.9367049846182269
58,brak churnu,0,2849.472666192914,803.9012292610794,2811.396455227121,-38.07621096579305,-0.013362546487124377,-0.047364290014572444
59,brak churnu,0,596.1448114562043,116.84567433010945,769.8822253273736,173.73741387116934,0.2914349173765021,1.4868964115892795
60,brak churnu,0,1818.7874807505927,310.2981378490917,1589.197961493433,-229.58951925715974,-0.12623218583097504,-0.7398997649441801
61,brak churnu,0,820.4876168632521,185.29676963888755,680.7847264533315,-139.70289040992066,-0.17026812780430356,-0.7539413163120882
62,brak churnu,0,3698.240630561199,552.3501264904969,3145.3887509031006,-552.8518796580984,-0.1494905104577266,-1.0009083969452301
63,brak churnu,0,1544.8654117589253,308.46376576595776,1356.3081604393108,-188.55725131961458,-0.12205416076014701,-0.611278445788928
64,brak churnu,0,478.52010206920517,108.12609726810338,406.6607561441302,-71.85934592507499,-0.150169962796427,-0.6645883624828944
65,brak churnu,0,1275.62546739731,240.22008537688518,1391.3684086125936,115.74294121528351,0.09073426658017159,0.48182041494861905
66,brak churnu,0,749.8972631852963,186.83048047901812,533.1041847572302,-216.7930784280661,-0.28909703911600687,-1.1603731782534965
67,brak churnu,0,1549.4286192447246,341.0533483478555,1642.7781667239274,93.34954747920278,0.06024772378653133,0.27370951767930285
68,brak churnu,0,1684.8264107443601,213.86176542660493,1955.0891547295475,270.2627439851874,0.1604098453476787,1.2637263301650743
69,brak churnu,0,1837.7243855501167,362.60209175844494,2202.065693827814,364.3413082776972,0.19825677405299968,1.004796487827243
70,brak churnu,0,1229.8875503913323,170.99012600321538,1446.63990126456,216.75235087322767,0.17623753554075755,1.2676308038345545
71,brak churnu,0,1139.3084411841805,177.14422460430683,1173.9555786103692,34.64713742618869,0.030410673855955077,0.19558716917574478
72,brak churnu,0,377.39399070857576,79.80521721792424,382.2982978771488,4.904307168573041,0.012995191469172478,0.06145346556956097
73,brak churnu,0,2209.2547213447037,589.1888532171573,3501.5437388587575,1292.2890175140537,0.5849434223354192,2.193335821711065
74,brak churnu,0,655.6066934875669,124.09479962634398,472.1324336630748,-183.4742598244921,-0.2798541589752264,-1.4785007943680382
75,brak churnu,0,1429.0777118756455,227.26999945712228,1523.6298421825204,94.55213030687491,0.06616304314394247,0.41603436675641614
76,brak churnu,0,1307.4094500729773,281.0289912628847,1344.0330860798997,36.623636006922425,0.028012369043896812,0.13031977890374788
77,brak churnu,0,1524.9483484343266,443.84137691280966,1648.7949960803694,123.84664764604281,0.08121366718629972,0.27903357840918885
78,brak churnu,0,888.3356911983825,245.35542080158248,741.3798786513698,-146.95581254701267,-0.16542824295257838,-0.5989507469079112
79,brak churnu,0,601.1499319361593,164.22811679436208,749.0558597494093,147.90592781324995,0.2460383341255326,0.9006127007986706
80,brak churnu,0,1304.7811526979838,285.4099026730238,729.9498790058301,-574.8312736921537,-0.4405576157377322,-2.0140551126941864
81,brak churnu,0,1086.9901839462502,195.54027801619944,902.3297529463332,-184.66043099991703,-0.16988233539471242,-0.9443600718651884
82,brak churnu,0,907.2581096095345,262.3882823661941,912.9194350836201,5.661325474085629,0.006240038434621597,0.02157613679632452
83,brak churnu,0,1594.2746652380106,447.5226673033129,2202.039153838952,607.7644886009416,0.38121692695292747,1.3580641451375315
84,brak churnu,0,502.31469477645186,143.31444827846818,361.8750815990261,-140.43961317742577,-0.27958491885236697,-0.9799403679421321
85,brak churnu,0,831.837813196493,166.04287631642865,650.1965678535396,-181.64124534295343,-0.21836137100447842,-1.0939418141420225
86,brak churnu,0,654.5215158433895,119.32124193600916,617.0331791388749,-37.48833670451461,-0.05727594249702958,-0.31417990708326055
87,brak churnu,0,6605.564579189351,1980.4143593072463,11533.897963559846,4928.333384370495,0.7460881390664279,2.48853648288757
88,brak churnu,0,537.1408862269182,81.77811094264493,561.2765621666435,24.135675939725388,0.04493360412249299,0.29513613926167775
89,brak churnu,0,2775.3450763054893,518.1813017960518,3401.536249106373,626.1911728008836,0.22562641962867652,1.2084403096569911
90,brak churnu,0,476.5968626677247,64.39653266040527,429.36048063802883,-47.23638202969585,-0.09911181908603595,-0.7335236864195255
91,brak churnu,0,1823.1966985386252,433.09523835327326,1878.7902738606374,55.59357532201216,0.030492362873722253,0.1283633953894104
92,brak churnu,0,868.1080965681231,187.5230068300168,933.486549146767,65.37845257864387,0.07531141897777868,0.3486423009306117
93,brak churnu,0,530.6684270884067,86.10727857638064,520.3190636177926,-10.349363470614094,-0.019502504656999202,-0.12019150577884993
94,brak churnu,0,710.9226072120366,206.3790182619259,580.2067650057744,-130.7158422062622,-0.1838678934671654,-0.6333775754295149
95,brak churnu,0,376.1704394323668,78.07003602705034,223.76134461752355,-152.40909481484323,-0.4051596798643331,-1.9522098691236072
96,brak churnu,0,2366.651742667101,505.931312683145,2641.1983267462424,274.5465840791412,0.11600633043277445,0.5426558451642712
97,brak churnu,0,989.1329789645426,228.02732911373474,1215.5591424802074,226.4261635156647,0.2289137743164677,0.9929781855346321
98,brak churnu,0,1861.3121477139916,371.7492771143304,1836.7858504219569,-24.52629729203477,-0.013176885629934366,-0.06597537319350799
99,brak churnu,0,734.6211236824847,95.51809937398764,709.9465981934037,-24.67452548908102,-0.03358809690278625,-0.2583230366893231
100,brak churnu,0,1145.283493596652,320.92818982173327,1055.669720224474,-89.613773372178,-0.07824593113688787,-0.27923310015849956
101,brak churnu,0,1905.760593467344,370.99917807733675,2548.1324174685756,642.3718240012315,0.3370684786972634,1.73146427798103
102,brak churnu,0,678.1646208932373,83.56929860997553,686.829332417653,8.66471152441568,0.012776708276233943,0.10368295137733018
103,brak churnu,0,808.9382266993063,97.78779741177176,817.2751420358102,8.336915336503921,0.010305997493184199,0.08525517045238527
104,brak churnu,0,595.991156466754,86.73296408908988,697.2713451047723,101.28018863801833,0.16993572394336026,1.1677242868580615
105,brak churnu,0,865.7563596168698,192.30620705270667,658.3293994968824,-207.42696011998737,-0.23959045500027482,-1.0786285232235715
106,brak churnu,0,940.4134055927786,124.53956224627608,964.0464367990469,23.633031206268242,0.025130470350293907,0.1897632429406978
107,brak churnu,0,945.0487399730503,170.73018285955035,995.6721730518702,50.62343307881997,0.053567007644773526,0.29651132700106625
108,brak churnu,0,920.0920288203794,147.22958694023214,619.8039969470415,-300.2880318733379,-0.3263673876822165,-2.0395902624873887
109,brak churnu,0,1631.7142366557143,430.12858337921426,1959.2611420396213,327.54690538390696,0.20073790987767065,0.7615092742979412
110,brak churnu,0,2655.700145418311,569.5215171960401,1982.5556410193662,-673.1445043989447,-0.2534715771885138,-1.1819474489973232
111,brak churnu,0,6054.509033605027,1798.9663264080302,6802.113326412789,747.6042928077622,0.12347892928365446,0.41557436725371777
112,brak churnu,0,5365.032071746125,1242.4088376342338,3969.0721461912676,-1395.9599255548578,-0.2601960075702815,-1.1235914324410412
113,brak churnu,0,1467.567290101651,307.9347732222531,1800.8457097027156,333.27841960106457,0.2270958352975965,1.0823019956908848
114,brak churnu,0,338.9020365025707,80.16008957090979,258.0745444061638,-80.8274920964069,-0.23849810089823345,-1.008325870505755
115,brak churnu,0,921.9010660993779,159.0898945779107,858.3613604661829,-63.53970563319501,-0.06892247766024998,-0.39939498232603243
116,brak churnu,0,2370.7584152997238,462.69851729173575,2373.4810940159937,2.722678716269911,0.0011484420760458191,0.00588434718184592
117,brak churnu,0,2015.6097707240117,533.5229247802025,2738.922646457554,723.3128757335423,0.3588556109617025,1.3557297018333905
118,brak churnu,0,584.7655082057927,117.03883876365097,530.6711747435123,-54.09433346228036,-0.0925060262672731,-0.46219130361946625
119,brak churnu,0,997.3607053500913,278.56403204376176,652.1409997568564,-345.21970559323483,-0.34613325323665783,-1.2392831302032619
120,brak churnu,0,497.3104186130325,96.17067054089988,475.5922558081135,-21.71816280491896,-0.04367124032005915,-0.2258293789860035
121,brak churnu,0,3020.2206828102635,392.15353575950155,3230.049759091981,209.82907628171733,0.06947474980089037,0.5350686839411809
122,brak churnu,0,1036.7569162138502,221.76549098089703,1677.8967908166742,641.139874602824,0.6184090644354834,2.8910714276012044
123,brak churnu,0,1480.6373811478522,277.66276311539707,1499.6647701372478,19.027388989395604,0.0128508095443631,0.06852697414628764
124,brak churnu,0,947.6977665511293,141.20059636840696,617.6632457632238,-330.03452078790554,-0.34824870590227336,-2.337345091141197
125,brak churnu,0,771.5101606406996,129.2689090675945,627.5159476927445,-143.99421294795513,-0.1866394252389046,-1.113912184968319
126,brak churnu,0,894.8985175930774,120.59330258224551,1123.1289429485157,228.23042535543834,0.2550349797978075,1.8925630235541773
127,brak churnu,0,602.6816545690538,131.6019379048767,607.9402992058738,5.258644636820009,0.008725410167960383,0.039958717329991095
128,brak churnu,0,732.0705344875687,174.1066184067166,723.7720615505683,-8.298472937000383,-0.011335619378273584,-0.04766316762074479
129,brak churnu,0,3417.280086475745,430.87465945852045,3718.8780112414306,301.59792476568555,0.08825671795510467,0.6999667261581436
130,brak churnu,0,658.9010416096571,154.19827397821047,808.2068486326657,149.30580702300858,0.22659822582502395,0.9682715841819783
131,brak churnu,0,935.2690340783449,187.79850495390846,1086.148252206463,150.87921812811805,0.16132172950299914,0.8034101132229379
132,brak churnu,0,644.2465895390881,139.08701026486784,789.2132529958631,144.966663456775,0.225017354861728,1.0422732013630198
133,brak churnu,0,1386.0419557080907,314.77788631444827,1047.582093107681,-338.4598626004097,-0.2441916431220149,-1.075233926255875
134,brak churnu,0,6122.729510990283,1156.7241811119225,6945.835005695607,823.1054947053235,0.13443440433353315,0.7115832003391666
135,brak churnu,0,1023.246771574926,163.20086289581457,1143.456661454017,120.20988987909095,0.11747888507292371,0.7365763130543708
136,brak churnu,0,1389.5720922524436,169.5882149787678,1668.1555566678462,278.58346441540266,0.20048147625347704,1.642705328611902
137,brak churnu,0,827.4909932490776,157.74326322522185,858.3778006236954,30.886807374617774,0.03732585324384399,0.19580428820290327
138,brak churnu,0,451.3199686279342,121.18015299029067,558.1435124470306,106.82354381909641,0.23669137473321322,0.8815267284540849
139,brak churnu,0,1147.3931646867125,192.4129780557609,1013.5556465933374,-133.83751809337502,-0.11664486264385095,-0.6955742769834848
140,brak churnu,0,2658.4538018254016,364.31504710977634,1726.621740546043,-931.8320612793586,-0.350516552380758,-2.557764409326131
141,brak churnu,0,2312.5828057400145,531.6057942434693,2021.2648397700648,-291.3179659699497,-0.12597082588648298,-0.5479962203657424
142,brak churnu,0,1458.9301353002008,262.4196917027646,1495.5962537877626,36.66611848756179,0.025132196258333565,0.13972319778918293
143,brak churnu,0,2154.250852679556,347.37626451182166,2210.7124110730306,56.46155839347466,0.026209370335513706,0.16253717988712266
144,brak churnu,0,449.9393418008908,76.26238677644237,434.9583327457366,-14.981009055154232,-0.03329561934991605,-0.1964403382636052
145,brak churnu,0,802.311115875072,181.52307275227884,954.8358278862261,152.52471201115407,0.1901066917723021,0.8402497252748784
146,brak churnu,0,428.0169518999135,120.34785324636323,413.61723365353765,-14.399718246375869,-0.033642869008943053,-0.11965081102774894
147,brak churnu,0,599.527864590436,102.43497469648685,712.015104791964,112.48724020152792,0.1876263754285598,1.098133137971926
148,brak churnu,0,687.915787581314,113.79519426135316,616.1033278825206,-71.81245969879342,-0.10439135283009468,-0.6310675961751241
149,brak churnu,0,1398.127369415978,254.18358823857614,1580.6071227780571,182.47975336207924,0.130517259982046,0.7179053322309864
150,brak churnu,0,1838.7500213753594,230.7317931822544,1838.4581020360833,-0.2919193392760917,-0.00015875966601362163,-0.0012651890545725766
151,brak churnu,0,965.2400116292231,171.0859465838818,904.4301173037879,-60.80989432543515,-0.0629997654394729,-0.355434771468039
152,brak churnu,0,4459.612987886844,716.6893650874928,4533.776975302721,74.16398741587727,0.016630139794040592,0.10348135611977918
153,brak churnu,0,1315.4484198612547,336.07365734532476,1491.8724263104355,176.42400644918075,0.13411700815132596,0.524956367728341
154,brak churnu,0,695.8310754805607,171.73337172472188,849.5855654748437,153.75448999428306,0.22096525351084076,0.8953093300977176
155,brak churnu,0,951.030162738637,139.27685234325395,1038.5234259426513,87.49326320401428,0.09199841038907118,0.6281967299805374
156,brak churnu,0,628.9932619185221,117.76196835891443,579.9392800248273,-49.053981893694754,-0.07798808805053473,-0.41655198683660105
157,brak churnu,0,3320.147150044063,864.7470561576757,2523.414955979047,-796.7321940650158,-0.23996894054965068,-0.921347101897207
158,brak churnu,0,608.2672834701442,157.22366533948173,676.941167601526,68.67388413138178,0.11290083487574673,0.4367910135099523
159,brak churnu,0,1595.3906450473705,429.4800462102621,1173.6166462590957,-421.77399878827487,-0.26437035975960077,-0.9820572632186628
160,brak churnu,0,2213.9202761825295,403.10157257546933,1742.1747740987398,-471.7455020837897,-0.21308152202175143,-1.1702894113504574
161,brak churnu,0,1367.8705838475869,344.4225639958031,1288.2007944798097,-79.66978936777718,-0.05824366011562267,-0.23131408245584045
162,brak churnu,0,1132.6860005246047,223.20210432997212,1442.1946641100858,309.50866358548114,0.2732519545947702,1.386674487297473
163,brak churnu,0,2061.132532074238,512.6190318201379,1642.0766735064246,-419.0558585678134,-0.20331339787553254,-0.817480102289388
164,brak churnu,0,675.3604612701528,118.75444488537437,771.9028286854127,96.54236741525995,0.14294939214192726,0.8129579276670087
165,brak churnu,0,1531.859813398862,208.30592521170195,1839.8004786465535,307.94066524769164,0.20102405099618004,1.4783096781079588
166,brak churnu,0,1695.7740123117412,453.8532175964076,1662.9242619210468,-32.84975039069445,-0.019371537806451268,-0.07237967941411917
167,brak churnu,0,3777.823871939795,1084.5609730901988,4553.489285798154,775.665413858359,0.20532069258699426,0.7151883878398139
168,brak churnu,0,2345.7491256795083,663.6586357441122,1970.9082101120084,-374.8409155674999,-0.1597958244826873,-0.5648098214637379
169,brak churnu,0,488.6347781355432,114.9769763616895,521.8417602714859,33.206982135942724,0.06795869557760252,0.288814188603131
170,brak churnu,0,3758.400592464929,537.4151173698903,3339.8966200532714,-418.50397241165774,-0.111351614101674,-0.7787350204434448
171,brak churnu,0,758.6893064295022,130.0569541846599,819.8505490617069,61.16124263220479,0.0806143464971691,0.47026506975832827
172,brak churnu,0,1198.9595945475337,238.825246082961,1140.1687870713636,-58.79080747617013,-0.04903485300383017,-0.24616663623471322
173,brak churnu,0,2103.5901667638527,298.56491533317626,1632.279016278263,-471.3111504855897,-0.2240508431405397,-1.5785885289289314
174,brak churnu,0,2532.804993094623,675.1191398080969,2875.414457803198,342.6094647085747,0.13526878920511318,0.5074800053898068
175,brak churnu,0,1856.2420501461334,551.6746996549174,1720.2825983653688,-135.95945178076454,-0.07324446279517323,-0.24644858984073342
176,brak churnu,0,747.4673006733696,213.94726200011127,637.5193462617045,-109.94795441166502,-0.14709399904533135,-0.5139021335622788
177,brak churnu,0,935.0299560062501,280.09419405046464,1111.435008546535,176.40505254028494,0.1886624609266591,0.6298061733778816
178,brak churnu,0,1259.9173220963721,337.88346856997447,1257.4769711179044,-2.440350978467677,-0.0019369135860495873,-0.007222463380040415
179,brak churnu,0,3200.876461294255,667.2076984504695,2004.36619416922,-1196.510267125035,-0.37380707490386345,-1.7933100440894545
180,brak churnu,0,534.1503980667169,91.55668057182946,523.7570334893736,-10.393364577343277,-0.019457749380999464,-0.11351836384226834
181,brak churnu,0,1565.303561820608,222.54487694844596,1963.1974162027063,397.8938543820984,0.2541959681732962,1.787926371696587
182,brak churnu,0,604.6985561671651,119.7660858078882,459.2269205468882,-145.47163562027686,-0.24056884895234007,-1.2146312926484202
183,brak churnu,0,1951.59600924411,538.3583351783436,1202.544366010649,-749.0516432334612,-0.38381490825223763,-1.391362581922913
184,brak churnu,0,1641.514662017871,197.38570510381194,1359.2940573389253,-282.2206046789456,-0.171926947233002,-1.4297925198307349
185,brak churnu,0,1710.5919752109326,374.5239264852029,1130.3396095226856,-580.252365688247,-0.3392114391374344,-1.5493065319851393
186,brak churnu,0,646.8735280967855,187.57027619220412,898.5487601135021,251.67523201671656,0.3890640458841914,1.3417650020348844
187,brak churnu,0,946.7347590408465,196.08103342797648,895.5855000955215,-51.14925894532496,-0.0540270212505403,-0.2608577589127857
188,brak churnu,0,468.567082230869,59.06191823328608,451.6829010273343,-16.884181203534695,-0.0360336477824015,-0.2858725505129144
189,brak churnu,0,848.8216266652898,159.10971322278877,1068.4026151506607,219.58098848537088,0.2586892011081579,1.3800602366614096
190,brak churnu,0,886.266229775078,161.31018528481746,837.3661942103032,-48.90003556477484,-0.05517533436559462,-0.30314288882896295
191,brak churnu,0,313.71152187284366,65.1870190476137,388.569092250254,74.85757037741035,0.23861912986336628,1.1483508752368798
192,brak churnu,0,987.7480245895985,181.5572774002922,1078.9516660860086,91.20364149641011,0.0923349267484534,0.5023408744741582
193,brak churnu,0,1983.7431007060727,241.2643170993369,1743.3623784999472,-240.38072220612548,-0.12117532866053417,-0.9963376478385422
194,brak churnu,0,1701.8434888971042,221.61203454335907,1801.6155533652166,99.77206446811238,0.05862587548092957,0.4502104981514064
195,brak churnu,0,4092.9622882394833,847.7561874459795,2573.6939711214654,-1519.2683171180179,-0.3711904019940298,-1.7921052533925954
196,brak churnu,0,2633.642099235458,392.70694735132514,2234.0844003133343,-399.55769892212356,-0.1517129829592694,-1.0174449462048085
197,brak churnu,0,1040.990837219616,261.6937449296458,792.9103291261613,-248.08050809345468,-0.238311903643699,-0.9479802742711679
198,brak churnu,0,534.7763652646925,116.35581016142547,487.0647353934968,-47.71162987119567,-0.08921791045791704,-0.4100493976622504
199,brak churnu,0,548.8656377218899,120.92173867047289,521.268391476472,-27.597246245417978,-0.05028051375189477,-0.22822402777902476
200,brak churnu,0,829.3306508641481,150.80248138833835,916.5157079433652,87.18505707921713,0.10512701657459762,0.5781407326760288
201,brak churnu,0,3040.990054541914,421.61034028788055,2981.492259316174,-59.49779522573999,-0.019565271230294296,-0.1411203415578332
202,brak churnu,0,975.7608629480103,129.9533474322242,832.3837988441786,-143.37706410383169,-0.1469387321711744,-1.1032964285787903
203,brak churnu,0,614.6353994858091,153.4818427773644,742.7087253229729,128.0733258371638,0.20837284338700182,0.8344526200597074
204,brak churnu,0,598.1382837442965,171.28097976063285,531.401442817363,-66.7368409269335,-0.11157426759104326,-0.38963369441369966
205,brak churnu,0,869.0256741565905,254.67250802931585,945.1833743620392,76.15770020544869,0.08763573099190826,0.2990417018105544
206,brak churnu,0,1536.4931761357639,389.7731363205729,773.9792722797532,-762.5139038560106,-0.4962689816649308,-1.9563018402296284
207,brak churnu,0,841.7756645330559,207.01279394943546,969.1761882327531,127.40052369969726,0.15134735900255328,0.6154234299683712
208,brak churnu,0,2457.268314312195,474.055021141779,2139.453461855471,-317.8148524567241,-0.12933665021667873,-0.670417648338067
209,brak churnu,0,444.96694977583263,111.81256888307117,457.909884872281,12.942935096448366,0.029087407734369516,0.11575563664925308
210,brak churnu,0,1763.160654221427,528.9040104300531,1498.337377030163,-264.82327719126397,-0.15019804154386834,-0.5007019647590412
211,brak churnu,0,1238.0901283296394,192.32339559035773,1369.964943272866,131.87481494322674,0.10651471320682018,0.6856930460198175
212,brak churnu,0,3061.6002187971903,900.1964267932726,2798.773840487383,-262.8263783098073,-0.08584608032627584,-0.29196558716197235
213,brak churnu,0,794.5665518579103,130.25732572115155,756.2610336882022,-38.30551816970808,-0.048209326305190515,-0.2940757301567103
214,brak churnu,0,1307.8552466494243,206.33949801757956,943.0438330277748,-364.81141362164954,-0.27893867808096856,-1.7680154169540947
215,brak churnu,0,1288.5182249365455,246.40766204141002,1559.6900536635785,271.171828727033,0.2104524588624947,1.1005007980695878
216,brak churnu,0,1190.1209052290258,227.49044722608434,1213.9889304324115,23.86802520338574,0.020055126414902022,0.10491880206145643
217,brak churnu,0,563.9816140924785,147.47989670840556,718.5653313109285,154.58371721845003,0.2740935402073272,1.0481680599769474
218,brak churnu,0,803.2304758131125,171.09092056233328,848.1087776829746,44.87830186986207,0.05587225985721176,0.26230674148200417
219,brak churnu,0,831.8949426063097,229.97108456272124,1206.1200569439482,374.2251143376385,0.4498466034247052,1.6272702937815389
220,brak churnu,0,146.40078627869525,19.963186370751917,138.95616531649972,-7.444620962195529,-0.05085096297245021,-0.3729174703845199
221,brak churnu,0,1726.7881015664054,330.7872930573972,1686.9255907772888,-39.86251078911664,-0.02308477267879975,-0.12050798693225442
222,brak churnu,0,661.1904681715139,178.7754876566239,331.39337779518854,-329.79709037632534,-0.49879286869993933,-1.8447556468690514
223,brak churnu,0,1398.0774560867924,327.5514567509232,1752.9026399249494,354.82518383815705,0.2537950828785337,1.0832654733328613
224,brak churnu,0,952.1117794618115,148.11696194362776,845.2612257405843,-106.85055372122713,-0.1122247996780643,-0.7213930958285093
225,brak churnu,0,1214.8000910553562,277.8506842070987,1125.672861422954,-89.1272296324023,-0.07336781606179592,-0.3207738353668061
226,brak churnu,0,632.5834461868056,139.37543780571337,360.6116032166789,-271.9718429701268,-0.429938286576364,-1.951361353563963
227,brak churnu,0,1430.5344049456082,403.1655364543167,2100.4485720499274,669.9141671043192,0.46829643858148984,1.6616354984008614
228,brak churnu,0,1029.2290159953463,305.60636741204377,1370.2462356169226,341.01721962157626,0.331332691093814,1.1158707932344507
229,brak churnu,0,928.1113833275094,192.83946889897425,1076.2735071635611,148.1621238360517,0.15963830042128538,0.7683184603338212
230,brak churnu,0,783.2039795639281,214.6157881509153,691.8767469157206,-91.32723264820754,-0.11660721220933616,-0.42553827672728023
231,brak churnu,0,538.3492955690778,112.13769545862355,231.06239781251338,-307.2868977565644,-0.5707946500268712,-2.7402640699883722
232,brak churnu,0,1446.5769048027923,349.1434179496146,1359.0960003634768,-87.48090443931551,-0.06047442355043096,-0.2505586528110921
233,brak churnu,0,1615.932240935184,464.0138987653731,1192.4812154122242,-423.45102552295975,-0.2620475133771062,-0.9125826330841788
234,brak churnu,0,1038.973669522914,259.44150843840623,1371.7042388860618,332.7305693631479,0.3202492797684992,1.2824877999124844
235,brak churnu,0,1427.4841262534608,200.6934284305233,1345.7297819673286,-81.75434428613221,-0.05727163110437005,-0.4073593486616538
236,brak churnu,0,614.9978858753329,94.02121003502778,647.1794017208775,32.181515845544595,0.052327847923802705,0.34227932009761747
237,brak churnu,0,659.3555377406146,158.07068369264533,640.2366206011367,-19.118917139477958,-0.028996370008496374,-0.12095169510782294
238,brak churnu,0,2267.226019092057,524.7684975092012,1848.0564014549727,-419.16961763708423,-0.18488214854068527,-0.7987705428711154
239,brak churnu,0,276.5226677368901,39.083003971244196,395.4981504262347,118.97548268934457,0.43025580384805606,3.0441744646056956
240,brak churnu,0,981.809870533465,193.72288225583043,1012.4331400502276,30.62326951676266,0.031190631135255907,0.15807770956206182
241,brak churnu,0,1089.8634023636816,300.42719471813234,590.0587673961024,-499.8046349675792,-0.4585938328451156,-1.6636464466424463
242,brak churnu,0,1678.4381755726117,485.1549416155988,664.5810405004513,-1013.8571350721604,-0.604047947566657,-2.089759472913844
243,brak churnu,0,4892.23838851851,840.834339663546,7304.011364781031,2411.7729762625213,0.49297944718365727,2.86830932384086
244,brak churnu,0,549.6272488447465,94.53220709758963,687.2733917343656,137.6461428896191,0.2504354417997571,1.4560766866209007
245,brak churnu,0,843.778612126946,222.40869374313053,913.2698611960874,69.49124906914142,0.0823572061088063,0.312448438501239
246,brak churnu,0,1245.5117870439524,223.30798418903944,1427.2311172522932,181.7193302083408,0.14589932596272426,0.8137610075531732
247,brak churnu,0,2510.8966406209543,663.1412881661576,2163.1505694736175,-347.7460711473368,-0.13849477733234686,-0.5243921278208892
248,brak churnu,0,1075.2085896831734,262.8183801201049,942.0425393778323,-133.16605030534106,-0.12385136389635844,-0.5066846932261196
249,brak churnu,0,484.4329632642073,142.643174387615,466.79500768923845,-17.637955574968828,-0.03640948678661484,-0.12365089076775512
250,brak churnu,0,699.8457414871812,104.36599533907157,673.9137999511538,-25.931941536027352,-0.03705379628505225,-0.24847117542239539
251,brak churnu,0,556.3898462346451,124.40968654217946,578.4502869998713,22.06044076522619,0.03964925117616666,0.17732092555145929
252,brak churnu,0,1466.7326433506596,247.9857443695439,1753.6050378543657,286.8723945037061,0.19558601617290247,1.156810022418926
253,brak churnu,0,784.4369426839813,224.581453204895,1329.0384371421371,544.6014944581558,0.6942578361936662,2.4249620201775666
254,brak churnu,0,1261.6883947626045,369.0852363297993,1016.6566414959439,-245.03175326666064,-0.19420940565341815,-0.6638893381465696
255,brak churnu,0,531.5217254979916,78.67499602821472,495.9315938675393,-35.59013163045233,-0.06695894057219832,-0.4523690298972353
256,brak churnu,0,867.6299252017908,168.52137618986345,903.5435991829683,35.91367398117745,0.04139284842304714,0.21311049549414765
257,brak churnu,0,645.0303590575876,131.53929783543617,615.6797576504692,-29.350601407118347,-0.045502666649676185,-0.22313180844129007
258,brak churnu,0,354.14043354535255,64.72195669975568,342.56746719079666,-11.572966354555888,-0.03267903141896902,-0.1788105141543036
259,brak churnu,0,1083.0895451393117,323.8225329190638,1056.2328496998346,-26.856695439477107,-0.024796375849074126,-0.08293646275131097
260,brak churnu,0,4028.4379190705517,635.1077898774581,4998.579922259722,970.1420031891698,0.24082337190714426,1.5275233883942054
261,brak churnu,0,3966.7196411306436,872.0423139964074,3823.520012244167,-143.1996288864766,-0.036100264662430256,-0.16421178948326418
262,brak churnu,0,2055.0041971120672,418.3377051259496,2133.214156773935,78.20995966186774,0.038058296801426264,0.18695412510885423
263,brak churnu,0,1461.4088395503593,250.78587279512126,1221.8115628859655,-239.5972766643938,-0.16394951924480775,-0.955385859633856
264,brak churnu,0,2748.455872238192,672.8304964026563,3927.1546324270353,1178.6987601888432,0.42885853547613095,1.751850973597144
265,brak churnu,0,1297.7374367190648,250.90576986798132,1425.0895377093736,127.35210099030883,0.09813395020203776,0.5075694395442459
266,brak churnu,0,802.9228517584767,194.6680331000022,554.941461536074,-247.98139022240264,-0.308848340384509,-1.273868062842208
267,brak churnu,0,753.898327851887,107.37424483559941,702.2279611590718,-51.67036669281515,-0.06853757964955516,-0.4812175095799518
268,brak churnu,0,1776.866009196587,356.2101712316734,1601.855747157697,-175.01026203889,-0.09849378688830972,-0.49131180458366563
269,brak churnu,0,1564.559744237247,417.73144694274373,1580.694692698398,16.134948461150998,0.010312772344156852,0.038625170738851584
270,brak churnu,0,879.3255668390071,159.47647829194437,1169.166252873359,289.84068603435196,0.32961703487852523,1.8174510068109064
271,brak churnu,0,1265.1092895920765,285.51271244944894,1133.6254536211286,-131.4838359709479,-0.10393081218567585,-0.4605183245359962
272,brak churnu,0,1087.6009299536709,170.7205194690875,1235.0051426942412,147.4042127405703,0.13553152510346728,0.8634241109327278
273,brak churnu,0,728.9608207877246,149.98785167418478,593.8245364500281,-135.13628433769657,-0.18538209528416977,-0.9009815316993143
274,brak churnu,0,377.2369334332086,45.59433108097015,347.07410033447434,-30.162833098734268,-0.07995726405743017,-0.6615478807040427
275,brak churnu,0,2772.7443049609487,641.4968701713128,3683.731447501511,910.9871425405622,0.3285507217202246,1.4200960049848437
276,brak churnu,0,482.9799953524299,74.77891424110939,503.7581450313982,20.778149678968305,0.043020725245165724,0.27786107741513055
277,brak churnu,0,1359.109939566654,169.694339825368,1573.3269114574287,214.21697189077463,0.15761563185909502,1.2623695764468323
278,brak churnu,0,970.4789101110626,257.728568352641,779.6410963533107,-190.83781375775197,-0.19664292729031307,-0.7404604579832037
279,brak churnu,0,932.6588333025597,230.11895784431346,867.1951047470712,-65.4637285554885,-0.07019043429169099,-0.2844777725778589
280,brak churnu,0,1804.1634250609438,312.0496906664366,1798.3600568774878,-5.803368183456087,-0.0032166532714518648,-0.018597577107229236
281,brak churnu,0,3404.9141857182344,727.9090718360977,2135.5628508693135,-1269.351334848921,-0.3727998021721547,-1.743832277906737
282,brak churnu,0,1014.4925887784046,181.00001010692512,1025.2872244492391,10.79463567083451,0.010640428318784277,0.0596388677793864
283,brak churnu,0,286.76938379908955,43.263074886975794,295.2521863219148,8.482802522825239,0.029580572411343202,0.19607488707139858
284,brak churnu,0,1255.9263275632866,303.2010168448865,1632.2321373400632,376.30580977677664,0.299624111317799,1.2411099860172619
285,brak churnu,0,2280.1042944123355,530.884626754093,2146.7995433245396,-133.30475108779592,-0.058464321748121315,-0.2510992866808761
286,brak churnu,0,1247.8144428534301,281.4232624350833,1715.5947484504686,467.7803055970385,0.37487970128583015,1.6621948788080114
287,brak churnu,0,3356.567670595904,626.9749499167194,4614.524572842755,1257.9569022468513,0.37477477759997657,2.006391008785829
288,brak churnu,0,1769.4476184306088,254.76611249755126,1450.6098416052137,-318.83777682539517,-0.18019057105978908,-1.2514920987714162
289,brak churnu,0,884.0726096179667,213.4924065979709,880.7632731934916,-3.3093364244750774,-0.0037432857759331977,-0.015500956109914078
290,brak churnu,0,2769.5972398734025,677.4022618442146,2574.219627653036,-195.3776122203667,-0.07054369112142,-0.28842184802934506
291,brak churnu,0,917.5780380437266,144.83240668364445,965.8839376511821,48.30589960745556,0.05264500413549956,0.3335296341030189
292,brak churnu,0,4914.011803155696,864.7060532155348,4621.035849326105,-292.97595382959116,-0.05962052301979554,-0.3388156619698886
293,brak churnu,0,1005.4146327978949,257.645980112354,1007.8390766229601,2.4244438250651683,0.002411387049657673,0.009409981184289852
294,brak churnu,0,669.1341608089031,86.77838294302167,648.4611343960565,-20.673026412846525,-0.03089518907218145,-0.23822783637741152
295,brak churnu,0,418.5361213422434,101.3918342953456,485.7736212739917,67.23749993174829,0.16064921640721938,0.6631451181353648
296,brak churnu,0,583.431853615611,138.4073269379976,670.9427235940568,87.51086997844584,0.14999330159319962,0.6322705012405024
297,brak churnu,0,1151.951138336147,158.0932894898116,1145.7193203468153,-6.23181798933183,-0.005409793681295311,-0.03941861169087409
298,brak churnu,0,1189.3396646881665,285.2551928105821,1435.7549524135861,246.4152877254196,0.20718663897418013,0.8638415493773207
299,brak churnu,0,416.1136176621808,68.91824118635313,287.99611302936296,-128.11750463281783,-0.30789067984030555,-1.8589781519001831
300,brak churnu,0,3396.7205025059297,502.30980964143174,4170.269840036004,773.5493375300744,0.22773417387724085,1.5399845328170356
301,brak churnu,0,689.2316606900295,196.24436187186942,846.8297204554201,157.59805976539064,0.2286576034647192,0.8030705099608851
302,brak churnu,0,1188.7472344932637,167.24158395233312,1229.7077091814315,40.96047468816778,0.034456841201929954,0.24491800256951798
303,brak churnu,0,532.3307149378129,89.39942120360651,550.4576057504371,18.126890812624197,0.034051934829163084,0.20276295493390656
304,brak churnu,0,813.0408971050759,134.82091524298363,834.6287745259783,21.587877420902373,0.026552019090021733,0.160122614373261
305,brak churnu,0,3361.0303543784457,588.2429935353932,2845.3219645859162,-515.7083897925295,-0.15343758770899268,-0.8766927876064885
306,brak churnu,0,2704.5022682942617,450.25177569458134,2966.6425963696393,262.1403280753775,0.09692738332983919,0.5822083159383136
307,brak churnu,0,320.08919653011776,60.696855247463745,351.5386508310321,31.44945430091434,0.09825215796670977,0.5181397647817755
308,brak churnu,0,2974.1434762029066,753.7064552605768,3473.5840033883082,499.4405271854016,0.16792751633590927,0.6626459461763949
309,brak churnu,0,296.1517641730458,62.324384048069874,283.0702406723839,-13.081523500661945,-0.04417168858402687,-0.20989414818078841
310,brak churnu,0,2572.960698727085,455.3385519663476,2642.760461979081,69.79976325199596,0.027128188660840345,0.1532920130539586
311,brak churnu,0,1199.2922506335894,280.1686984137128,1156.0284403951675,-43.26381023842191,-0.03607445159056562,-0.15442057047549312
312,brak churnu,0,1289.4585113946966,363.1701119655541,1507.599026593221,218.14051519852433,0.16917218605395876,0.6006565739066504
313,brak churnu,0,1051.6847817460934,267.1168271714353,1283.5913739869193,231.90659224082583,0.2205096016087591,0.8681841376170151
314,brak churnu,0,2548.791000740702,636.7634206309409,2811.7972405713454,263.00623983064315,0.10318862541268041,0.41303603710470965
315,brak churnu,0,2031.8910861925765,606.8108424028602,1930.5604857755263,-101.33060041705016,-0.0498700944679701,-0.16698877695691705
316,brak churnu,0,519.2968280095836,93.24549074392131,515.7803060135989,-3.5165219959847036,-0.006771699356345398,-0.037712515296231056
317,brak churnu,0,342.84862279784886,89.06563041999131,551.6754927088442,208.82686991099536,0.6090935066527139,2.344640339110236
318,brak churnu,0,557.0077938955516,97.57469027284196,584.6838953231976,27.676101427646017,0.04968709905132092,0.2836401668327829
319,brak churnu,0,368.61602160132793,93.89151676842681,370.5076576059045,1.8916360045765828,0.005131724867408118,0.02014703851512056
320,brak churnu,0,2340.6819932476637,427.23787411623465,2546.717478124309,206.0354848766451,0.08802369799528971,0.48225004700915386
321,brak churnu,0,1773.58279232894,305.4147952452977,1721.1748922857066,-52.40790004323344,-0.029549170340345484,-0.1715958128391959
322,brak churnu,0,742.4148032813263,204.52394152756406,695.8635079370478,-46.551295344278515,-0.06270254194626915,-0.2276080491926404
323,brak churnu,0,606.1272697489904,161.15417368115726,501.1361815924801,-104.99108815651033,-0.17321624252277787,-0.6514946883363671
324,brak churnu,0,973.881815886117,278.75417848425315,1048.1264007230952,74.24458483697822,0.07623572349939037,0.26634429388893377
325,brak churnu,0,1444.4367907838916,402.0023712803398,1492.3152982052463,47.8785074213547,0.03314683461875211,0.11910006219333023
326,brak churnu,0,1464.9467342884402,359.14086069696526,1514.9753664125365,50.02863212409625,0.03415047861681903,0.13930086380872503
327,brak churnu,0,2401.353156789982,321.0214431757376,2192.5856489283515,-208.76750786163075,-0.08693744494487496,-0.6503226257921487
328,brak churnu,0,3425.5024500601758,432.45549759953803,2780.8433388520375,-644.6591112081383,-0.18819403010405483,-1.490694683699234
329,brak churnu,0,1559.8530682176781,191.09004107439983,1838.5140261451818,278.66095792750366,0.17864564528882693,1.4582704381700802
330,brak churnu,0,430.1508277133535,121.18544996666019,314.5255754549289,-115.62525225842461,-0.26880165004698225,-0.9541182731939745
331,brak churnu,0,622.7679162132449,94.23690192983408,607.3431894929356,-15.424726720309309,-0.024768017617381007,-0.16368032484550574
332,brak churnu,0,1356.1029719982894,304.8051856290822,782.8685191878998,-573.2344528103896,-0.42270717242489214,-1.8806584659224246
333,brak churnu,0,5018.360080123817,934.422732219351,5786.543372879429,768.1832927556115,0.15307456629071908,0.82209396910871
334,brak churnu,0,1116.8321442378565,183.93816613731707,1143.8352593398968,27.003115102040283,0.024178311164626827,0.14680539481882948
335,brak churnu,0,968.7120451391648,121.0346535855911,694.0986349725127,-274.6134101666521,-0.2834830139096714,-2.268882522743422
336,brak churnu,0,1294.3215284709624,293.40978658631053,1331.648536607749,37.32700813678662,0.028839053755740748,0.12721800649892898
337,brak churnu,0,1507.6927519354622,197.70788146130536,996.4725539089752,-511.22019802648697,-0.33907452123134574,-2.5857350463114495
338,brak churnu,0,2773.9938176998853,565.5608885581998,2643.8542950816664,-130.13952261821896,-0.04691413578063662,-0.23010700571955617
339,brak churnu,0,1987.018080300663,373.1766439268781,2670.437431461409,683.4193511607457,0.3439421905297082,1.831356174837828
340,brak churnu,0,10131.938261957015,1740.3193592438063,11130.788799810942,998.8505378539267,0.09858434901882195,0.573946691191174
341,brak churnu,0,2216.7611803392188,414.82185090705553,2305.701835780222,88.9406554410034,0.04012189325121315,0.2144068718813256
342,brak churnu,0,3020.2943795188776,513.3439162809385,3202.367291504448,182.0729119855705,0.060283167501895656,0.35468017874770563
343,brak churnu,0,987.9418428694131,131.8379080899147,1030.2508110696303,42.30896820021724,0.04282536315835513,0.3209165619600254
344,brak churnu,0,1679.6016495097472,489.9645797727251,1649.3082257535254,-30.293423756221728,-0.01803607645007015,-0.06182778308234777
345,brak churnu,0,710.9958619857612,103.88198205166321,771.5490558166669,60.553193830905684,0.0851667317187823,0.582903720500741
346,brak churnu,0,2870.32356846345,595.1046161370232,1558.1356664109753,-1312.1879020524748,-0.4571567876422096,-2.2049701287316896
347,brak churnu,0,5695.028231999015,1104.3243294777365,6772.124436508677,1077.0962045096621,0.189129212469521,0.9753440866588974
348,brak churnu,0,1055.5112616614144,291.7416112250061,1119.286621228418,63.775359567003534,0.0604212971319877,0.21860220521582263
349,brak churnu,0,2293.220415961004,552.2634286500355,2321.452203219576,28.231787258571785,0.012310978509556345,0.05112014628160725
350,brak churnu,0,1516.7164284770686,357.9697795837201,1406.7673455538181,-109.94908292325044,-0.07249152238276345,-0.30714627098161545
351,brak churnu,0,903.2043600598446,239.21985112600166,1142.8922962033541,239.68793614350955,0.2653750875689177,1.001956714776406
352,brak churnu,0,453.4767602937041,63.126813765535196,501.63565882559965,48.158898531895545,0.10619926476652163,0.762891323974733
353,brak churnu,0,2007.5672378400795,319.05583382229264,1491.4457214227348,-516.1215164173448,-0.25708803505512196,-1.6176526541897163
354,brak churnu,0,981.2879477047508,118.72043253077616,1266.6343580798227,285.34641037507197,0.2907876439759625,2.4035155894593037
355,brak churnu,0,1016.7629944559386,245.36254698460098,871.1198616940264,-145.64313276191217,-0.14324196843910963,-0.5935833914010225
356,brak churnu,0,1800.7550377237478,443.72703661485974,1232.8417124339549,-567.913325289793,-0.31537511398977747,-1.2798709080752335
357,brak churnu,0,1106.7399762087882,218.03231994109728,1265.4129830082695,158.6730067994813,0.14336972569024414,0.727749935616645
358,brak churnu,0,1246.335435363807,358.74321500815154,1212.5937260886606,-33.74170927514638,-0.02707273525068083,-0.09405532387387364
359,brak churnu,0,1245.312628620853,268.5640447915388,1361.2221892741966,115.90956065334353,0.09307667648220186,0.43159001698575594
360,brak churnu,0,443.37676757084074,113.17955737486905,349.23852972172057,-94.13823784912017,-0.2123210883711429,-0.8317600813486049
361,brak churnu,0,1550.4980981224026,420.6352382361084,1545.493225179309,-5.00487294309346,-0.0032279129843204458,-0.011898368201582186
362,brak churnu,0,2022.3059523513145,344.46288245193034,2495.0703997600663,472.7644474087517,0.23377493739712002,1.3724684762652934
363,brak churnu,0,1675.3249893066566,219.93296153853257,2192.337996613041,517.0130073063845,0.30860460543858625,2.3507754530727905
364,brak churnu,0,881.0423165364743,220.01736313736504,819.4445317326731,-61.59778480380123,-0.06991467225541731,-0.27996783492648003
365,brak churnu,0,584.0719830397898,140.34436905773723,681.5328210215348,97.46083798174504,0.16686442906319912,0.6944406721558595
366,brak churnu,0,983.7793425279749,172.2403068535216,945.0133694863755,-38.76597304159941,-0.039405150490336764,-0.22506911274006947
367,brak churnu,0,2439.043073021092,470.18182834505427,2861.7507675757006,422.7076945546087,0.17330882723240584,0.8990302667426663
368,brak churnu,0,1242.501357523584,246.27418628547133,1126.6122079490788,-115.88914957450515,-0.093270843426266,-0.4705696172321163
369,brak churnu,0,1015.1788615077872,236.29250516445612,1130.9738797533687,115.79501824558145,0.11406366172124359,0.4900494756064726
370,brak churnu,0,462.0701026876237,66.22803356023502,564.1755385433048,102.1054358556811,0.2209739069067364,1.541725314293308
371,brak churnu,0,2309.491139148852,617.4475589563712,2313.8328511597206,4.3417120108683775,0.001879943134342783,0.007031709734518787
372,brak churnu,0,660.6800801268436,101.36915353027602,527.1075842249065,-133.57249590193703,-0.20217424426704758,-1.317683844149323
373,brak churnu,0,1077.6353751527304,204.9507999615195,1227.6141773238523,149.97880217112197,0.13917397816479982,0.7317795402568871
374,brak churnu,0,1692.4540674528494,304.9635394792946,1956.579223206898,264.1251557540486,0.1560604573166101,0.8660876516747711
375,brak churnu,0,1071.1465298310804,182.76646140150285,776.513906704374,-294.63262312670645,-0.2750628554742832,-1.6120716069424526
376,brak churnu,0,3788.512289520003,1135.7016054969934,4030.0862500018115,241.57396048180863,0.06376486124911464,0.21270900676070953
377,brak churnu,0,776.2184965156487,93.58931572676703,708.435068009055,-67.78342850659362,-0.08732519105234579,-0.7242646020031452
378,brak churnu,0,743.521648592284,180.32938434415593,887.3677522000523,143.84610360776833,0.1934659251416733,0.7976853252781044
379,brak churnu,0,4034.761538681706,1201.8400979774206,2725.1712176481315,-1309.5903210335746,-0.3245768822961127,-1.089654375184758
380,brak churnu,0,1596.9133746712241,371.733492029075,2232.255669917954,635.3422952467299,0.3978564556624967,1.7091338522627302
381,brak churnu,0,1148.4158073864883,174.15539659702836,1021.0907870636531,-127.32502032283514,-0.11087013911154318,-0.7311000566778171
382,brak churnu,0,434.3296921240815,78.36983698247802,505.3294135213165,70.99972139723502,0.1634696468712792,0.9059572423649316
383,brak churnu,0,1499.648074333261,424.84388834112383,1449.7688388104707,-49.879235522790395,-0.033260627194127895,-0.1174060328784591
384,brak churnu,0,1414.8667132472394,243.7667861134287,1689.2104319898947,274.34371874265526,0.19390075133862827,1.1254351879381903
385,brak churnu,0,1745.9951362985564,363.7973259197085,1546.7606586242305,-199.23447767432594,-0.11410941160849708,-0.5476523973084337
386,brak churnu,0,915.9661866991038,225.17778028433358,892.3445337673663,-23.621652931737458,-0.025788782680792568,-0.10490223725409421
387,brak churnu,0,718.0815929237174,112.76443887389509,680.5384401203595,-37.543152803357884,-0.052282572305604465,-0.33293432910478576
388,brak churnu,0,705.1027873478267,195.4077898512926,754.5154574958345,49.412670148007805,0.07007867652015475,0.25286950016481624
389,brak churnu,0,898.6931583382479,185.33463107772153,1042.6382722761612,143.94511393791322,0.16017159205270762,0.7766768309887466
390,brak churnu,0,1096.2428315163809,272.8682029323799,868.2733795743445,-227.96945194203636,-0.2079552498662153,-0.8354562733662668
391,brak churnu,0,2678.614084007903,761.672682429838,1804.6013409398347,-874.0127430680682,-0.3262928946301656,-1.1474912560600838
392,brak churnu,0,935.970016298593,229.9847960292702,1383.8025259866145,447.83250968802145,0.478468863200372,1.9472265881046578
393,brak churnu,0,528.3942221246657,109.9239238207396,521.6608350006476,-6.7333871240181224,-0.01274311270275301,-0.061254974258367206
394,brak churnu,0,1262.7873511604819,221.8326041502556,1633.2900154461636,370.5026642856817,0.293400677434087,1.6701903027506555
395,brak churnu,0,840.3107610287622,141.28895719050573,759.8789496197245,-80.43181140903766,-0.09571674568414178,-0.5692717464153135
396,brak churnu,0,631.011520289582,121.95609409139377,746.2965654197684,115.2850451301864,0.18269879617614607,0.9452995849784425
397,brak churnu,0,2106.063461371079,429.86361970466726,2268.0325929592705,161.96913158819143,0.07690610209948141,0.37679190367277515
398,brak churnu,0,844.1017243973365,128.42045131410515,869.68421887365,25.582494476313514,0.030307359571595062,0.19920888156467367
399,brak churnu,0,2288.859493120332,382.8043810985139,1879.4348378996883,-409.4246552206437,-0.17887714665371948,-1.0695401501041837
400,brak churnu,0,370.05411063814836,104.52111327715714,454.5813235658645,84.52721292771616,0.2284185217722653,0.8087094585720357
401,brak churnu,0,1207.6674997279051,344.6753491269922,1412.7319824453098,205.06448271740464,0.16980210427423684,0.5949496627385751
402,brak churnu,0,5830.138811563061,857.5828143167605,6161.653876739812,331.5150651767517,0.056862293659157744,0.3865691565203193
403,brak churnu,0,2826.6195268199945,639.9904418568525,2785.716817088772,-40.90270973122233,-0.01447053957673558,-0.06391143844671839
404,brak churnu,0,812.8694408779932,129.37855840204767,634.0757658496312,-178.79367502836192,-0.21995374169220094,-1.3819420871328254
405,brak churnu,0,1563.4322935259604,328.4376994925324,1465.6668380598119,-97.76545546614852,-0.06253258031766833,-0.297668189788217
406,brak churnu,0,972.5669908044463,239.08827448194944,627.3299715455737,-345.2370192588726,-0.35497505315630157,-1.4439730263097328
407,brak churnu,0,1368.175114576302,294.1793391236267,1366.6558288435997,-1.5192857327022011,-0.0011104468401127844,-0.005164488224183999
408,brak churnu,0,718.0793799670731,209.05751325446056,974.9840131245645,256.9046331574914,0.35776634216856573,1.2288706067444335
409,brak churnu,0,615.8544688686096,131.23216388483644,559.8358571334833,-56.01861173512634,-0.09096079441956231,-0.4268664790461415
410,brak churnu,0,1781.2883987726364,376.51538114372755,1762.321333634456,-18.96706513818026,-0.0106479473796883,-0.05037527306471431
411,brak churnu,0,540.8333862875156,102.29233277672255,714.5294357592138,173.6960494716982,0.32116369639088554,1.6980358620897942
412,brak churnu,0,1389.6813786366613,206.0211199383263,1434.3570997754882,44.67572113882693,0.03214817570820139,0.216850200368782
413,brak churnu,0,1072.8654081802763,160.59372475014857,1097.4138206391194,24.54841245884313,0.02288116689350674,0.1528603467977065
414,brak churnu,0,485.73401695815875,86.16984721124219,578.8934773710271,93.15946041286833,0.19179109792694035,1.0811143738539
415,brak churnu,0,1481.7569589265615,396.139837958404,1718.7524659801059,236.99550705354432,0.15994222643990985,0.5982622406142086
416,brak churnu,0,894.1885774882353,130.13107325999306,1083.7171199152735,189.52854242703825,0.21195589744550483,1.4564433972535757
417,brak churnu,0,1974.7075298703442,289.293721253619,1883.5855417962007,-91.12198807414347,-0.04614454884877377,-0.31498087023554283
418,brak churnu,0,1571.4214501802633,211.25471753656325,1823.4520032451721,252.03055306490887,0.16038380603497399,1.1930173962685036
419,brak churnu,0,531.9906738601363,67.32317297958717,578.9950724462917,47.00439858615539,0.08835568158571355,0.6981904819074323
420,brak churnu,0,1337.7954782045815,395.5668612441684,1817.3650532896377,479.56957508505616,0.35847749741886803,1.2123603417553122
421,brak churnu,0,2116.516597445648,615.0541332292696,2684.217869666587,567.7012722209388,0.2682243422546642,0.92301025478894
422,brak churnu,0,1317.8694799575196,184.14247419340762,1229.0982818629961,-88.77119809452347,-0.06735962813053759,-0.4820788820361224
423,brak churnu,0,811.7422982546309,102.32054100432009,797.8668246796575,-13.875473574973398,-0.01709344653445776,-0.13560789885178148
424,brak churnu,0,1958.2976773544196,562.2491090789404,1498.5658028409189,-459.73187451350077,-0.23476097624472486,-0.8176658123418279
425,brak churnu,0,1491.3136734598284,210.25770585516472,1302.960804884081,-188.35286857574738,-0.12629996755730882,-0.8958190988038917
426,brak churnu,0,754.9395930388089,148.6577331023001,796.1654987681485,41.225905729339615,0.05460821780905102,0.277320963188438
427,brak churnu,0,535.945924351865,82.0641505287885,560.2432987533333,24.297374401468346,0.04533549617128234,0.29607781528116484
428,brak churnu,0,905.4717182191179,123.44279221523286,795.1439768849701,-110.32774133414773,-0.12184559618398726,-0.8937560415984601
429,brak churnu,0,1862.430527664842,369.0909382615795,2502.0219595679064,639.5914319030644,0.343417605329418,1.7328830529287549
430,brak churnu,0,556.5225703177717,89.3919407797925,543.7131808694448,-12.809389448326897,-0.023016837288401072,-0.1432946788780597
431,brak churnu,0,728.6614138952646,217.22096176126053,706.4116818677375,-22.249732027527102,-0.03053507651597043,-0.10242902824443322
432,brak churnu,0,959.7934491770599,125.04540574682673,1074.596729626803,114.80328044974306,0.11961248594494676,0.9180927501021476
433,brak churnu,0,941.4771526657902,172.16950974950356,911.0854199432,-30.391732722590177,-0.03228090308568409,-0.1765221540492759
434,brak churnu,0,3709.2621287543534,717.7143015377496,4215.508857842613,506.2467290882596,0.13648178843005299,0.7053596786403629
435,brak churnu,0,1374.2731952378667,287.89426512546765,1829.088583184493,454.8153879466263,0.3309497627710801,1.5798000969154855
436,brak churnu,0,4913.302593251408,1277.514336669234,6956.722816106791,2043.4202228553822,0.4158954560751237,1.5995282120927399
437,brak churnu,0,4012.383668544557,931.6636083712782,4195.081196311021,182.69752776646374,0.045533414264128685,0.19609816904392466
438,brak churnu,0,763.5845830058263,219.65007764835045,585.769455798265,-177.81512720756132,-0.2328689331411037,-0.8095381941646069
439,brak churnu,0,991.1674847217336,222.10171399423606,1094.5191136221304,103.3516289003968,0.10427261839547973,0.4653346750087618
440,brak churnu,0,2581.987299407373,680.7576520155204,3206.7183976241604,624.7310982167874,0.24195746367930543,0.9176997076230357
441,brak churnu,0,1571.8679394162714,325.3265515921508,1657.3076831630704,85.43974374679897,0.054355548328397015,0.262627637764751
442,brak churnu,0,2896.973262586747,729.9449775617107,2719.988129810204,-176.98513277654274,-0.06109311917449673,-0.2424636626280234
443,brak churnu,0,674.9525948519457,154.47607035614098,475.23099234553285,-199.72160250641286,-0.2959046369030151,-1.2928967059167116
444,brak churnu,0,1207.7991770931935,317.5418167732652,1343.9729648609662,136.17378776777264,0.11274538876198083,0.4288373391306915
445,brak churnu,0,1158.048564308183,155.3683231494784,1286.8192248043867,128.77066049620385,0.11119625244139163,0.8288089739651422
446,brak churnu,0,532.9955124768408,85.26696944131851,543.4217016800245,10.426189203183753,0.019561495283014756,0.1222769997749146
447,brak churnu,0,1997.2408500796855,342.28542586746005,2235.9642062781727,238.72335619848718,0.1195265739677629,0.6974394413477767
448,brak churnu,0,899.0189841736899,214.11705435589033,913.2336733403514,14.214689166661515,0.01581133370584669,0.06638746833792537
449,brak churnu,0,865.4293024264958,239.1827193794787,1060.935430588118,195.5061281616221,0.22590652709985765,0.8173923629133052
450,brak churnu,0,935.4242822019185,263.6461505034093,709.8248720287004,-225.59941017321808,-0.24117335252637875,-0.8556901352151576
451,brak churnu,0,920.4827418859021,179.12304035986773,934.0812796976418,13.598537811739675,0.0147732675398984,0.07591730122724295
452,brak churnu,0,5835.605642434483,1546.82925030679,6477.823942443642,642.2183000091591,0.11005169632080211,0.41518370555882933
453,brak churnu,0,608.2575821306339,142.46321287907554,604.9544030541987,-3.3031790764351854,-0.005430559640316609,-0.023186189681394895
454,brak churnu,0,548.3165379160541,130.50223136594576,516.5252960143924,-31.791241901661692,-0.05797972467233671,-0.24360688372074488
455,brak churnu,0,2612.4834668336084,595.6756726059414,2631.305418914626,18.82195208101757,0.007204620553572429,0.031597651115540686
456,brak churnu,0,3105.102630673499,435.71209891284803,3810.8627616232916,705.7601309497927,0.2272904360641738,1.6197854792436237
457,brak churnu,0,533.9359081161621,101.01903133619204,644.4489397670471,110.51303165088507,0.20697808476826035,1.0939822941193815
458,brak churnu,0,1834.5212163472413,377.9156119524569,2213.0525657169983,378.531349369757,0.2063379512848915,1.001629298705388
459,brak churnu,0,1753.5038265716341,507.69234645428384,989.031481372909,-764.4723451987252,-0.4359684499197156,-1.5057787467898407
460,brak churnu,0,782.5578635864872,222.16445616148928,1177.2403002814888,394.68243669500157,0.5043492054199795,1.7765327699769875
461,brak churnu,0,1111.4483620756337,304.0191043314388,1274.1349673241803,162.68660524854658,0.146373516575011,0.5351196781080808
462,brak churnu,0,1770.8535821358494,354.92482448016267,2296.0921760619403,525.238593926091,0.29660193209909197,1.479858712884839
463,brak churnu,0,1385.750968092275,219.38412219663084,1408.269393284089,22.518425191814003,0.016249979765711076,0.10264382383895158
464,brak churnu,0,983.2418000058716,252.91867381811963,1205.9240753173053,222.68227531143373,0.22647763277568544,0.8804501144568325
465,brak churnu,0,886.2981599024687,263.37191221083594,826.5753447514446,-59.722815151024065,-0.06738456408122992,-0.22676227943097602
466,brak churnu,0,2814.3404502155495,823.961528418541,2292.9985023189192,-521.3419478966302,-0.18524480499745538,-0.6327260799387814
467,brak churnu,0,1167.325490450393,334.7262772731461,1512.271916483584,344.94642603319085,0.29550149367516937,1.0305328546157277
468,brak churnu,0,2325.4893198033433,678.8751668038511,1823.6037269143794,-501.88559288896386,-0.21581934976652836,-0.739289957020883
469,brak churnu,0,1313.7768615044051,212.61040987840357,1156.4550881212313,-157.32177338317388,-0.11974771210616757,-0.7399532951991841
470,brak churnu,0,1114.3655348844836,155.19658289335132,1037.272359148044,-77.09317573643966,-0.06918122763410053,-0.4967453168051831
471,brak churnu,0,622.5688643241328,158.63113844632355,337.30839117706375,-285.2604731470691,-0.45819906759511786,-1.79826278712356
472,brak churnu,0,1570.942423294014,278.75923375090974,1726.115450759151,155.173027465137,0.09877703037630374,0.5566560984444182
473,brak churnu,0,4605.852959401484,918.3941495932843,5036.340862874785,430.4879034733003,0.09346540310076265,0.4687398146688371
474,brak churnu,0,1611.9596617999705,448.8311470791083,961.7390451591828,-650.2206166407877,-0.4033727592877409,-1.448697624646321
475,brak churnu,0,1145.4178200292968,175.3075050146319,1099.8184541213193,-45.59936590797747,-0.03981024662844093,-0.2601107459955668
476,brak churnu,0,760.9046656595593,215.46449154315656,456.4856020633795,-304.41906359617985,-0.4000751701690599,-1.4128502632425914
477,brak churnu,0,1972.283735382866,558.1016100525361,2392.4444309436576,420.1606955607915,0.21303258148058934,0.7528390672824619
478,brak churnu,0,322.59595745895797,96.31094067289946,340.01384186242166,17.417884403463688,0.053992878710142134,0.1808505272793461
479,brak churnu,0,1408.4667954168258,254.1474640175125,1462.4512427623097,53.984447345483886,0.03832851972169324,0.21241387378850252
480,brak churnu,0,697.0975103769758,133.37617486184521,766.4643685264252,69.3668581494494,0.09950811345164215,0.5200843270644216
481,brak churnu,0,1129.2086757268373,322.990158561933,1171.2674956212647,42.058819894427415,0.03724627767968169,0.13021703225165818
482,brak churnu,0,956.8978015355466,235.68315714232435,1083.813238004205,126.91543646865841,0.13263217478919434,0.5385002390816443
483,brak churnu,0,2306.5861929353873,360.9592930218549,2719.303836555818,412.71764362043086,0.17893007635461555,1.1433911014321556
484,brak churnu,0,829.2013651605903,110.79260812222863,687.6726925558514,-141.52867260473886,-0.17068070380869332,-1.2774198116953939
485,brak churnu,0,1973.7039057541626,288.57029508502046,1909.702323625316,-64.00158212884662,-0.03242714469088071,-0.22178853201085738
486,brak churnu,0,1998.6803108671825,534.0544734346993,1230.442121322153,-768.2381895450294,-0.3843727210239581,-1.4385015532295968
487,brak churnu,0,2950.0560672874794,655.145763948954,2767.1519132301487,-182.90415405733074,-0.06200022978732999,-0.27918085428021144
488,brak churnu,0,679.3228967744025,106.64725613272,395.9363997921703,-283.3864969822322,-0.4171602316480472,-2.657231955687302
489,brak churnu,0,2316.2289561627126,641.9310066056422,2015.4943859923762,-300.7345701703364,-0.12983801509353468,-0.46848425621398093
490,brak churnu,0,468.1084922238533,77.66267619551218,574.6280308037029,106.51953857984961,0.22755310008114762,1.3715666752416775
491,brak churnu,0,603.1998686233007,127.94438775453351,654.1559808964324,50.95611227313168,0.08447633184906055,0.39826766275120284
492,brak churnu,0,514.4373905828096,67.75358005294092,528.3841260522885,13.946735469478881,0.02711065666062595,0.20584499680432028
493,brak churnu,0,2311.382183463282,366.4849293876184,1953.1335221729685,-358.24866129031375,-0.154993260678997,-0.9775263116246904
494,brak churnu,0,315.9347831348785,46.0572501724631,309.4412525072836,-6.493530627594907,-0.02055338941525377,-0.14098823970774718
495,brak churnu,0,421.2541361874215,78.06862181665518,407.1936894826857,-14.060446704735796,-0.033377587296804886,-0.18010368798051635
496,brak churnu,0,563.4808128196072,131.95621438115765,753.8405749486805,190.35976212907326,0.3378282947675364,1.4425979331236043
497,brak churnu,0,564.4675657459354,107.91636867626757,541.759491775216,-22.708073970719397,-0.04022919180610673,-0.21042288810551169
498,brak churnu,0,1485.8515262742535,298.14635400389005,1985.2032276549817,499.3517013807282,0.33607106265377923,1.6748542944590659
499,brak churnu,0,1243.0887863402022,149.47073577054078,1407.0004429122291,163.9116565720269,0.13185836633166154,1.0966136998459353
500,brak churnu,0,1001.665143485918,281.3052175711809,753.0709896768979,-248.5941538090201,-0.24818089700504287,-0.8837168252882347
501,brak churnu,0,1134.713231154341,247.7396978806484,1657.5169407334276,522.8037095790867,0.4607364179998498,2.110294450391046
502,brak churnu,0,2869.006126361278,762.1654222217098,3251.7716516909218,382.7655253296439,0.13341397977950653,0.5022079382896741
503,brak churnu,0,2227.32842026954,619.7760690309783,2839.8643949290413,612.5359746595013,0.2750092752757922,0.9883182092157948
504,brak churnu,0,684.3881545369416,101.66593241132547,794.8446985443602,110.45654400741864,0.16139458766955686,1.0864656565635737
505,brak churnu,0,2650.798981141882,387.46293181846795,2172.830224574508,-477.96875656737393,-0.18031120426999706,-1.233585763479716
506,brak churnu,0,1341.0152880894743,352.4436700402674,1231.167490080114,-109.8477980093603,-0.08191390432681712,-0.3116747649257255
507,brak churnu,0,767.8330498383368,112.75162366700711,747.2167294200339,-20.616320418302962,-0.026850003946357375,-0.1828472153907937
508,brak churnu,0,831.986078304259,184.73227458372529,680.7953936532845,-151.1906846509745,-0.1817226136272965,-0.818431348781185
509,brak churnu,0,714.2899681536559,191.26074017547404,370.6573868949449,-343.63258125871096,-0.4810827487147205,-1.796670769669938
510,brak churnu,0,2036.2458427895806,565.6078746228541,2099.25807704117,63.01223425158946,0.030945297923980073,0.1114062181217082
511,brak churnu,0,1195.6931841517332,276.90860075445704,1057.7877409120404,-137.9054432396929,-0.11533514204777194,-0.49801791227849107
512,brak churnu,0,1601.0446963239015,418.75402082943623,1315.712922628959,-285.3317736949425,-0.17821599506252517,-0.6813827676920665
513,brak churnu,0,1238.8172980509366,275.12042690252616,1402.3940625366333,163.57676448569669,0.1320426867973641,0.5945642289354659
514,brak churnu,0,3134.8144614786534,838.0635052003379,2931.075329345949,-203.73913213270453,-0.06499240533572226,-0.24310703290200064
515,brak churnu,0,746.9125814083616,203.58478757809158,342.58212782860295,-404.3304535797586,-0.5413357113591021,-1.986054353028045
516,brak churnu,0,420.5904221236174,83.5822535265651,528.7152879858694,108.12486586225202,0.2570787639821066,1.29363425009696
517,brak churnu,0,578.6246903512674,85.26031457371575,583.586317658356,4.961627307088634,0.008574862756161622,0.05819386583190271
518,brak churnu,0,1229.6919503666734,257.905568060358,1038.185606861637,-191.50634350503628,-0.15573521762741663,-0.7425444318449836
519,brak churnu,0,1597.2693076727749,200.36533694271932,1532.2576199562732,-65.01168771650168,-0.04070176982942461,-0.3244657419715632
520,brak churnu,0,1418.582351251463,242.57974276142366,1319.5574331367034,-99.02491811475966,-0.06980554779029965,-0.4082159416425399
521,brak churnu,0,739.5758701109552,188.38219046828107,518.6254050535518,-220.95046505740333,-0.29875293933569674,-1.172884042319308
522,brak churnu,0,985.3202089119139,240.71393060197852,1275.9845677868855,290.6643588749715,0.2949948212225864,1.2075095037004162
523,brak churnu,0,739.0690447217746,205.2490402109704,494.4087983350445,-244.66024638673014,-0.3310384166865403,-1.19201651873865
524,brak churnu,0,655.8709180383617,90.80871490143409,627.8382611506784,-28.032656887683288,-0.04274111889505012,-0.3087000726539363
525,brak churnu,0,1077.556567490787,296.3412653715758,1232.829407689176,155.27284019838885,0.14409715914957422,0.523966312972632
526,brak churnu,0,1064.8213654982994,307.60920281756864,1157.4885849670025,92.66721946870302,0.08702607073003084,0.3012498280932786
527,brak churnu,0,858.2604991013773,111.45381128468716,762.5169463719894,-95.74355272938783,-0.11155535275086527,-0.8590424286597923
528,brak churnu,0,1495.4295578241329,392.16852068515107,1044.2904851888893,-451.13907263524356,-0.30167858477510373,-1.1503704372983992
529,brak churnu,0,1741.9077107509015,468.70641682544755,1814.5559101530553,72.64819940215375,0.041706112760036274,0.15499723663738296
530,brak churnu,0,625.6622004833994,152.87141993565953,474.06473802594144,-151.59746245745794,-0.2422992188761454,-0.9916664771038447
531,brak churnu,0,2950.8278305907393,572.4036761642811,2704.087617979272,-246.7402126114671,-0.08361728531009248,-0.431059797283084
532,brak churnu,0,412.73758270674773,101.9036302779796,533.9925981860281,121.25501547928036,0.29378234636178674,1.1898988794463234
533,brak churnu,0,732.2961793480866,216.74095675613708,211.2648276426312,-521.0313517054554,-0.7115035779229302,-2.4039358296811724
534,brak churnu,0,2849.9329348091674,570.3906077297712,2530.4693652117803,-319.46356959738705,-0.11209511834311935,-0.5600785939812256
535,brak churnu,0,278.78065682670945,55.81050797500795,268.9943661708809,-9.786290655828566,-0.03510390845341806,-0.17534853221925314
536,brak churnu,0,173.94884409100115,25.128371391803775,165.24538252627033,-8.703461564730816,-0.050034604197643356,-0.3463599542137323
537,brak churnu,0,445.907882081287,106.40536604345412,374.58675449147154,-71.32112758981549,-0.15994587773807048,-0.670277545595672
538,brak churnu,0,539.5044443284955,95.05308305803655,572.7808295568645,33.27638522836901,0.061679538654750274,0.3500821241963446
539,brak churnu,0,685.5147207709642,177.2371991034721,1049.875729230975,364.3610084600107,0.5315144918408637,2.0557818014676172
540,brak churnu,0,2056.1899505103047,436.72999490353817,2596.6643403594408,540.4743898491361,0.2628523642550637,1.2375481330713551
541,brak churnu,0,1192.8358968905316,310.2832900440218,1375.1508542876295,182.31495739709794,0.15284160870104102,0.5875758161879482
542,brak churnu,0,482.1322236280182,119.82678901910138,341.8388125310824,-140.2934110969358,-0.2909853443133,-1.170801723432411
543,brak churnu,0,2092.1050348287454,318.5518936650944,2400.9570528778313,308.8520180490859,0.14762739580824527,0.969550092751273
544,brak churnu,0,446.2884658187963,128.1432434054587,449.6263335317474,3.3378677129510947,0.007479170914325956,0.02604794153984171
545,brak churnu,0,708.5967523600972,174.7713935513955,720.6818844250627,12.085132064965478,0.017055020397304915,0.06914822740376886
546,brak churnu,0,770.2391645451394,169.20362177914527,817.4797706997559,47.24060615461656,0.06133238652245662,0.2791938237366918
547,brak churnu,0,2224.0599921394746,621.5623894044601,1913.9886875287211,-310.0713046107535,-0.1394167898827562,-0.4988578940689177
548,brak churnu,0,5326.721012854174,836.3982062990101,6176.781586200474,850.0605733462999,0.159584211618175,1.0163347636860014
549,brak churnu,0,808.125850294281,113.53055292370385,910.9621295706462,102.83627927636519,0.12725280256647786,0.9058026815519382
550,brak churnu,0,3257.546592031036,897.4583049836316,1951.8149185158127,-1305.7316735152235,-0.40083284663048135,-1.4549218234033037
551,brak churnu,0,1278.456401878624,326.3132943586324,1610.1126099711116,331.65620809248753,0.2594192556000629,1.016373570510992
552,brak churnu,0,760.0268017927486,113.48749219004374,636.6092061873221,-123.41759560542653,-0.16238584654423965,-1.0874995404670151
553,brak churnu,0,1034.1446804554255,125.81699486431403,1168.5642956229538,134.41961516752826,0.12998144041927615,1.068374072298354
554,brak churnu,0,2893.2623142245525,736.5059822922261,909.1211876728007,-1984.1411265517518,-0.6857798951712188,-2.693991867352541
555,brak churnu,0,1021.7395082602109,253.4047956356544,745.1070298659251,-276.6324783942857,-0.27074658086318665,-1.0916623645593042
556,brak churnu,0,1632.0317018257506,352.3506192417023,1517.0199779563081,-115.01172386944245,-0.07047150109938372,-0.3264127195716598
557,brak churnu,0,2490.1456630560233,299.9258172047267,2541.8916706461414,51.7460075901181,0.02078031352054039,0.17252935433296407
558,brak churnu,0,1044.2918649371254,179.32423825242606,764.936775060361,-279.3550898767644,-0.2675067184341073,-1.5578211434169302
559,brak churnu,0,318.4613416873461,76.51688265956277,309.7388854636842,-8.72245622366188,-0.027389372215310435,-0.11399387848129726
560,brak churnu,0,1553.5418382930666,254.18074058343413,1690.4094885733095,136.86765028024297,0.08810039543616313,0.5384658568783914
561,brak churnu,0,2959.258851361624,689.8488197931498,2855.4057101375347,-103.85314122408909,-0.03509430787925289,-0.15054478350086806
562,brak churnu,0,1465.3611758999923,350.19970168635433,1326.7342255343995,-138.62695036559285,-0.09460258170170999,-0.3958511377880894
563,brak churnu,0,2177.9953052263704,518.8226375172426,1722.7663225367035,-455.22898268966696,-0.20901283928265982,-0.8774269851988443
564,brak churnu,0,475.1636594137751,60.54434310160989,349.3442512239275,-125.81940818984765,-0.26479173164268316,-2.0781364821927033
565,brak churnu,0,741.9155422936587,122.57253365835828,864.0743942829419,122.15885198928311,0.16465331297902805,0.9966250051563084
566,brak churnu,0,1755.91257138238,384.6383958672869,1806.42839817509,50.51582679270996,0.028768987486057055,0.13133329208803068
567,brak churnu,0,1740.1154271638832,394.9706789934387,2083.285655368449,343.170228204566,0.19721118659575357,0.8688498829308461
568,brak churnu,0,3818.9024846607067,951.6384549993772,4562.426512761854,743.524028101147,0.1946957355123997,0.7813093556645244
569,brak churnu,0,1900.084557527254,459.4173052133791,1718.498552050709,-181.5860054765451,-0.09556732870502291,-0.39525286360775286
570,brak churnu,0,2002.7824438749824,591.4797011538586,1713.567674288805,-289.21476958617745,-0.14440648332557024,-0.48896820807540353
571,brak churnu,0,825.1793693161596,212.12231967975737,518.7762845215394,-306.4030847946202,-0.37131694779105023,-1.4444641434112129
572,brak churnu,0,482.65553114373125,69.77504363592156,541.6358980393381,58.98036689560689,0.12219971198888628,0.8452931567246292
573,brak churnu,0,1390.2712434538917,284.416017662661,1815.5525153122026,425.2812718583109,0.30589805684376536,1.495278906417735
574,brak churnu,0,986.7117337199297,194.39333034690085,723.8399603954417,-262.871773324488,-0.2664119259365188,-1.3522674510251214
575,brak churnu,0,785.6190937706639,96.96504292454956,693.6281091756302,-91.99098459503364,-0.11709362122744872,-0.9487025614644822
576,brak churnu,0,583.3686667671601,139.18358164922347,366.00657006965315,-217.36209669750696,-0.3725981683281983,-1.561693513860797
577,brak churnu,0,386.64791060244926,62.36557711726558,451.7918455443839,65.14393494193462,0.1684838664728115,1.0445495408379675
578,brak churnu,0,663.6026017471346,196.9453030737594,510.3069619305328,-153.2956398166018,-0.2310051820366657,-0.778366568910709
579,brak churnu,0,429.8956120499185,114.88282987803832,469.18735118237805,39.291739132459554,0.09139832561932985,0.34201576662215205
580,brak churnu,0,899.4524139356023,263.64411491139236,1040.447580912999,140.9951669773967,0.156756671940503,0.5347935303800864
581,brak churnu,0,378.08671851161336,74.36091741601814,469.71985275192577,91.63313424031242,0.24236009823629337,1.2322754670664358
582,brak churnu,0,2260.7699804979816,512.2113562090628,3261.0003430065185,1000.2303625085369,0.44242907112921565,1.9527688138571562
583,brak churnu,0,540.9514468579722,158.9688733180879,466.94469668992497,-74.00675016804723,-0.1368084891867899,-0.46554239596303754
584,brak churnu,0,1170.3124771679963,315.90808503060777,784.6701064894489,-385.6423706785474,-0.3295208572087958,-1.22074232649406
585,brak churnu,0,1163.40269656393,261.89079297343335,1126.3486501487266,-37.0540464152034,-0.03184971680454348,-0.1414866326322599
586,brak churnu,0,602.0065566803809,160.1813974686368,808.9006334142923,206.89407673391145,0.34367412520351714,1.2916236217406014
587,brak churnu,0,1919.7811833387314,262.63372607824533,1609.9756353311172,-309.8055480076141,-0.16137544773140491,-1.1796106792290457
588,brak churnu,0,383.76130977879393,89.25152328429915,390.4623414480184,6.701031669224449,0.017461457157020414,0.07508030588877661
589,brak churnu,0,1278.5143421657517,328.8950757935211,1892.819255754328,614.3049135885763,0.4804833964928141,1.8677838581391053
590,brak churnu,0,6589.253854605318,1255.4086928834406,8773.908787922737,2184.654933317419,0.33154815120539544,1.7401942058403883
591,brak churnu,0,616.1348453994852,96.78759246583225,558.1201622108501,-58.014683188635104,-0.09415906862242135,-0.5994020691145441
592,brak churnu,0,288.9454704225352,37.367747427647046,269.54181252099175,-19.403657901543454,-0.06715335552126427,-0.5192621776068682
593,brak churnu,0,2014.121884209562,483.0607562997142,2324.5131062581922,310.3912220486302,0.15410746712105886,0.6425511035635618
594,brak churnu,0,876.0305297587813,254.38944245196637,682.2218190583778,-193.80871070040348,-0.22123511009801167,-0.7618583099689693
595,brak churnu,0,535.2009974378678,68.22893556450153,489.17807544095115,-46.02292199691669,-0.08599184646000133,-0.6745367140222794
596,brak churnu,0,713.2166194193217,109.39762952156372,731.0952796231154,17.878660203793743,0.02506764385040548,0.16342822309755461
597,brak churnu,0,373.650386470811,68.2957679885572,299.9034955845129,-73.7468908862981,-0.19736869960941175,-1.0798164082239214
598,brak churnu,0,1367.081778704354,367.3151759142311,1521.4906838264824,154.40890512212832,0.11294781887040342,0.42037170050981815
599,brak churnu,0,2214.7795200624114,342.0554269929801,2242.2309160419677,27.45139597955631,0.012394640518792022,0.08025423312497156
600,brak churnu,0,2455.8875942818254,365.05639843566854,2859.972695021863,404.08510074003743,0.1645372946550528,1.1069114319639755
601,brak churnu,0,4164.226677057377,702.7054930342397,4240.322516365381,76.09583930800363,0.018273702468516017,0.1082898028581311
602,brak churnu,0,1892.4637673852974,265.9679689551119,1891.6710553646358,-0.792712020661611,-0.00041887830790908784,-0.0029804792801775273
603,brak churnu,0,3376.092510148865,683.1306146034747,3608.5406503239506,232.44814017508543,0.06885123540789345,0.3402689547298516
604,brak churnu,0,1324.0551274637123,200.3034568105198,1641.0902202948917,317.0350928311793,0.23944251735082545,1.582773946488021
605,brak churnu,0,509.9591361526652,92.97318603830804,557.1391692647492,47.18003311208395,0.09251728181208578,0.5074584955348761
606,brak churnu,0,1154.4982393351927,308.77264259444473,1052.3220076388513,-102.17623169634135,-0.08850271764396851,-0.33091089559557907
607,brak churnu,0,714.8518053115514,162.90811470959343,628.7610609204785,-86.09074439107292,-0.12043159680285383,-0.5284619771368771
608,brak churnu,0,2103.148826881102,428.8561239220106,2313.5294849629768,210.38065808187457,0.100031274721467,0.4905623269591767
609,brak churnu,0,2219.4688181069814,596.0462123859223,2551.1947801809315,331.7259620739501,0.14946187095202546,0.5565440316214396
610,brak churnu,0,1185.1308451063696,154.19738626338395,1249.65652092858,64.52567582221036,0.054446035295300205,0.41846154066447216
611,brak churnu,0,2847.034940323465,822.8685439519386,2460.8122470428752,-386.22269328058974,-0.13565786910810065,-0.46936135318249317
612,brak churnu,0,5641.7849390236715,1312.0126764612037,6062.167446529376,420.3825075057048,0.07451232403382843,0.3204104007893978
613,brak churnu,0,684.828298782026,153.52209303146205,959.3300083919635,274.5017096099375,0.40083289504557795,1.78802740497866
614,brak churnu,0,805.7674933408813,129.0015524668771,856.035581738046,50.26808839716466,0.062385351621399625,0.38967041431591826
615,brak churnu,0,402.61403057694247,111.06656735308464,470.78292668081,68.16889610386755,0.16931574889772746,0.6137661199806074
616,brak churnu,0,513.1533939859096,103.17126004898951,614.3491792119079,101.19578522599829,0.1972037726184794,0.9808524697473581
617,brak churnu,0,2430.6617178435554,670.8789072382361,1806.8291625648571,-623.8325552786982,-0.25665132696134807,-0.9298735562380243
618,brak churnu,0,946.8502331716429,196.10343789797537,1052.1848963230234,105.33466315138048,0.11124743857171934,0.5371382790656726
619,brak churnu,0,2808.844032338382,581.5939125045359,2810.916451356153,2.0724190177711534,0.0007378191860819877,0.0035633437235383556
620,brak churnu,0,1189.24654820845,234.77768656189812,1251.5290782629027,62.282530054452764,0.052371419659177305,0.2652830043882055
621,brak churnu,0,2813.3340323759376,531.2996748587809,2821.2939793467385,7.9599469708009565,0.002829364333988653,0.01498202868826657
622,brak churnu,0,1323.643001239468,210.46175104077784,1502.2424520387683,178.59945079930026,0.13493022713228459,0.8486076444583789
623,brak churnu,0,680.4141997128424,151.40510836966502,564.8389343169636,-115.57526539587889,-0.1698601608324099,-0.7633511619283986
624,brak churnu,0,2912.0801833196238,491.34374314541225,2937.6016138595023,25.521430539878565,0.008763986199990356,0.05194210956366152
625,brak churnu,0,582.4288143841545,72.50210875647436,642.0801416116587,59.651327227504225,0.10241822820970495,0.8227529964385681
626,brak churnu,0,629.1359937747616,130.4528027124525,621.1172726688452,-8.01872110591637,-0.012745608557228998,-0.06146836970296028
627,brak churnu,0,782.9943214220788,173.74007611599598,995.3499943392469,212.35567291716814,0.27120972286425593,1.2222607337606484
628,brak churnu,0,842.5183793758572,151.68166802138154,882.720713270522,40.202333894664775,0.04771686277567845,0.2650441178494802
629,brak churnu,0,3149.1250537792907,403.2301281728302,2726.8348355543253,-422.29021822496543,-0.13409763379138326,-1.0472685167115434
630,brak churnu,0,2092.4185545845635,561.8959790176667,1687.5042494904446,-404.91430509411884,-0.19351496583077854,-0.7206214676994295
631,brak churnu,0,207.20482644602782,42.7647971406825,254.35513985282978,47.150313406801956,0.227554127070894,1.1025496800953485
632,brak churnu,0,5233.751584126963,791.2980449807072,5496.448926490189,262.6973423632253,0.05019293295462084,0.3319828022191438
633,brak churnu,0,1141.682754098855,211.49233344132452,1333.7301513174837,192.0473972186287,0.16821432795506683,0.9080584345243392
634,brak churnu,0,433.6145394440201,115.06268109643663,481.7311256765001,48.11658623247996,0.11096626578567907,0.4181771689480481
635,brak churnu,0,1983.7412662675479,485.7533672374132,2292.868640825711,309.12737455816296,0.15583049050534337,0.636387507339864
636,brak churnu,0,1513.0169242231964,239.6931655242435,1529.831148156283,16.814223933086623,0.01111304418601879,0.07014895020603316
637,brak churnu,0,1406.9250752857004,411.6774454948036,1107.468280839326,-299.45679444637426,-0.212844876892655,-0.7274063656473844
638,brak churnu,0,1188.1208167113236,281.3105398505627,1041.7063590825217,-146.41445762880198,-0.12323196056279194,-0.5204727050276183
639,brak churnu,0,1662.5608730815843,356.02343666796827,2030.4148595561567,367.85398647457237,0.22125745434676858,1.0332296938575911
640,brak churnu,0,5185.4701101127075,1057.401551745806,6323.378499774831,1137.9083896621232,0.2194417025841058,1.0761364855039202
641,brak churnu,0,1413.5620302869859,411.74113797353345,1590.6609764180673,177.09894613108145,0.12528558516468233,0.430122059220775
642,brak churnu,0,654.4043890439176,79.89287653651041,699.3090473431616,44.90465829924403,0.06861912763887414,0.5620608525557714
643,brak churnu,0,1421.9542182688986,367.17048892823067,1328.1202009364986,-93.83401733239998,-0.06598947851263064,-0.2555598016776924
644,brak churnu,0,375.50895779756195,108.7488131881011,69.7121479149065,-305.79680988265545,-0.814352902993892,-2.8119553760437235
645,brak churnu,0,1596.6111921179238,343.11026509451153,1830.6255344302206,234.01434231229678,0.14656939865357824,0.6820383011503206
646,brak churnu,0,361.9935163798662,90.32057551557439,206.07394033568048,-155.91957604418573,-0.4307247754143971,-1.7262907721098368
647,brak churnu,0,831.1094473492727,114.33940764580407,676.2979419704599,-154.81150537881285,-0.18627090074907246,-1.3539645566328415
648,brak churnu,0,1441.283644445247,341.50396377823137,1493.035774076311,51.75212963106401,0.03590697072746115,0.1515418124536652
649,brak churnu,0,1256.6243336026089,278.6258082860774,1238.7968791324088,-17.82745447020011,-0.014186781199032399,-0.06398350023590017
650,brak churnu,0,816.0836460330898,186.11846563858694,941.3511944993543,125.26754846626443,0.15349841780947193,0.6730527679586318
651,brak churnu,0,434.8661327413131,57.205540267594614,488.9876394574412,54.121506716128124,0.12445555687437988,0.946088551265488
652,brak churnu,0,1149.8313886514422,321.9091666905395,1348.6676235797302,198.83623492828792,0.17292642807524083,0.6176780766216418
653,brak churnu,0,1542.7139446252643,393.1667316962521,1646.9406049664453,104.22666034118106,0.06756058743378925,0.26509531946284615
654,brak churnu,0,1159.2594336473965,287.96033974298297,887.4285775149374,-271.8308561324591,-0.23448664573484929,-0.9439871350863103
655,brak churnu,0,1788.2588426152126,331.4290975610175,1452.647682222442,-335.61116039277067,-0.18767482223208867,-1.0126182729957294
656,brak churnu,0,933.2519945887759,128.48144125102826,1056.541008052035,123.28901346325915,0.13210688450506305,0.9595861648405384
657,brak churnu,0,2374.4749340341505,421.9363400328901,2166.043964314417,-208.43096971973364,-0.08777981470017739,-0.493986769908196
658,brak churnu,0,1051.1066210251936,188.79832320355533,770.4383344983585,-280.6682865268351,-0.26702170922782903,-1.4866037037004243
659,brak churnu,0,918.3676896982107,219.26946379481316,1009.6610314103481,91.29334171213736,0.09940826831803906,0.4163522824024752
660,brak churnu,0,1212.3189640975813,181.35962418059367,1331.665374571955,119.34641047437367,0.09844472783877635,0.6580649414862666
661,brak churnu,0,652.3464389437712,95.7131388391539,739.9992003079091,87.65276136413786,0.13436535578558292,0.9157860919328796
662,brak churnu,0,838.5735501844113,224.91409979533657,826.860944440167,-11.712605744244229,-0.013967296895625318,-0.052075907001394146
663,brak churnu,0,1142.8120466492312,329.6582118996462,383.7096786494757,-759.1023679997555,-0.6642407823976592,-2.3026951569792526
664,brak churnu,0,3124.970971757604,470.119445358217,2682.1553705123374,-442.8156012452664,-0.14170230867655384,-0.941921474675131
665,brak churnu,0,3456.3754428065827,970.6464726085874,2450.181837587487,-1006.1936052190958,-0.29111235797985674,-1.0366221210436963
666,brak churnu,0,1667.512107155793,351.07317062407793,2175.1785910399935,507.6664838842005,0.3044454560213697,1.4460418122574212
667,brak churnu,0,3255.1567799657896,711.8132687567066,1611.1584326995965,-1643.9983472661932,-0.5050442907648433,-2.3095921633179075
668,brak churnu,0,902.225449025843,172.43143509870688,760.9472065015044,-141.27824252433857,-0.15658862502369056,-0.8193299698715901
669,brak churnu,0,1184.3521832231504,228.97809472920227,1368.1204074948546,183.76822427170418,0.1551634951789331,0.802558098358863
670,brak churnu,0,929.4671608984618,198.41378477477505,1126.7128190595504,197.2456581610886,0.21221369238093654,0.994112674101689
671,brak churnu,0,2096.307818937842,432.9906108080152,2440.438020862479,344.1302019246368,0.16416014805449747,0.7947752060545755
672,brak churnu,0,3836.727802606592,670.305129129357,3260.4207279813018,-576.3070746252902,-0.15020796477502504,-0.8597682601263119
673,brak churnu,0,1767.347084832842,454.1280756471725,1738.5088103535313,-28.838274479310712,-0.01631726712132398,-0.0635025139950082
674,brak churnu,0,1655.3970647389904,285.6846833455403,1152.0141776232438,-503.3828871157466,-0.3040858884180249,-1.7620226650614543
675,brak churnu,0,1417.8831190368185,292.7282011381238,1564.7500136965048,146.8668946596863,0.10358180634765889,0.5017176141166774
676,brak churnu,0,1747.9378252463184,385.7949307488766,1709.0358171959538,-38.90200805036466,-0.02225594497040111,-0.10083597515097192
677,brak churnu,0,780.3275588884478,221.39998963828126,823.2776523417729,42.95009345332505,0.05504110801175101,0.19399320444186122
678,brak churnu,0,1607.3436009528916,251.3364807297265,2011.5216953906381,404.1780944377465,0.251457183266935,1.6081155161569143
679,brak churnu,0,1210.5707081618484,250.39108362593927,709.6914768965761,-500.8792312652723,-0.41375462654785033,-2.000387649639868
680,brak churnu,0,1455.8457907854151,189.10086282050318,1347.734512790069,-108.1112779953462,-0.07426011647636195,-0.5717122406679166
681,brak churnu,0,1145.1274743546535,286.3379985110401,1185.1377108491931,40.01023649453964,0.03493954812069089,0.13973079613112194
682,brak churnu,0,649.6812833791735,170.87843062802162,465.0038190060284,-184.67746437314509,-0.2842585573846088,-1.0807535140298778
683,brak churnu,0,460.55885290025736,111.26555944967302,388.07611971957687,-72.4827331806805,-0.1573799585530451,-0.6514390754801845
684,brak churnu,0,1236.9781105343118,296.7021973224729,756.3509285006496,-480.62718203366217,-0.38854946416639147,-1.619897615760793
685,brak churnu,0,1275.931271078553,241.56868710882063,949.6676564989353,-326.26361457961764,-0.255706260967979,-1.3506039151201914
686,brak churnu,0,2828.59175791787,601.8335081409147,3003.847651465566,175.2558935476959,0.06195870897845718,0.2912032832619567
687,brak churnu,0,1628.9715620281931,440.59092850320206,1840.115448818282,211.1438867900888,0.12961790844721602,0.4792288563620626
688,brak churnu,0,1347.9098180273284,284.20388982222613,1630.4352257331218,282.52540770579344,0.20960260391846583,0.9940940916836761
689,brak churnu,0,403.81370416045945,102.33961279170146,311.56164261873846,-92.25206154172099,-0.22845203268550712,-0.901430629110232
690,brak churnu,0,2369.665484694318,402.00526363856306,2449.5799136726555,79.91442897833758,0.033723928332714176,0.19878950901047768
691,brak churnu,0,421.89242177785223,121.7360040964662,306.0238379449332,-115.86858383291906,-0.2746401164179473,-0.9518020957965921
692,brak churnu,0,971.8358190495945,213.66529962394281,1050.4052427339445,78.56942368435,0.08084639621658199,0.3677219643181859
693,brak churnu,0,999.2062333494099,185.33805617827514,1184.0684103351664,184.8621769857565,0.18500903098461008,0.997432371945992
694,brak churnu,0,444.8884974129061,83.46284163495329,482.48613003739916,37.59763262449309,0.08451023760589228,0.45047151388561907
695,brak churnu,0,1396.0916164956316,203.8548479400274,1033.449741170993,-362.6418753246385,-0.2597550698247984,-1.7789220074438703
696,brak churnu,0,548.129189334694,152.8369187838511,541.6851751418127,-6.444014192881355,-0.011756378456514865,-0.042162680615112184
697,brak churnu,0,671.0492920479456,120.17796151968294,810.4870933290223,139.43780128107664,0.2077906987362025,1.1602609955922685
698,brak churnu,0,1750.004404030547,324.9318229804108,1818.5758952881633,68.57149125761634,0.03918361068102741,0.21103347351038104
699,brak churnu,0,2594.7913284454194,474.95774913522985,1852.854363176581,-741.9369652688383,-0.2859331912880041,-1.5621115070123726
700,brak churnu,0,3493.717000036362,849.7894126526612,4035.7481673369457,542.0311673005835,0.1551445544372776,0.6378417514153365
701,brak churnu,0,741.6141127353077,171.40329384459847,691.052199010812,-50.56191372449564,-0.06817819787437336,-0.2949879934649169
702,brak churnu,0,1362.3992911188516,211.1152788458865,1779.793511936146,417.39422081729435,0.306367027301163,1.9770914881153194
703,brak churnu,0,775.2198353264275,157.605557170827,870.2074227984971,94.98758747206955,0.12252987235817106,0.6026918668173198
704,brak churnu,0,1016.644086455303,236.099698700283,702.326050489821,-314.31803596548195,-0.309172148004523,-1.3312936767636172
705,brak churnu,0,2565.079230165228,708.8456618753804,622.5463934432969,-1942.5328367219313,-0.75729935117708,-2.74041718980491
706,brak churnu,0,239.67377048306722,65.83063775510563,268.4332930191538,28.759522536086564,0.11999445111628686,0.43687139479149373
707,brak churnu,0,2257.274506774946,398.6741868087332,2472.926810579201,215.6523038042551,0.09553658766667496,0.5409236688497112
708,brak churnu,0,1183.3386538842697,328.94752511696885,825.0468695303005,-358.2917843539692,-0.302780428221362,-1.089206505586464
709,brak churnu,0,1031.561026923381,183.38563029767434,1060.5149596863446,28.953932762963632,0.028068075477142063,0.15788550452925437
710,brak churnu,0,2844.747014954015,796.4028770679689,2126.200993187691,-718.546021766324,-0.25258696748397474,-0.9022393595710224
711,brak churnu,0,2816.651446290448,386.6776688771099,3647.7789263692653,831.1274800788174,0.2950764394981917,2.1494064616980975
712,brak churnu,0,1463.0476440508105,362.028655258449,984.0657244965739,-478.9819195542366,-0.3273864125354498,-1.3230497437068778
713,brak churnu,0,2414.328957354805,610.2359068433775,2065.968849026518,-348.36010832828697,-0.14428858472954673,-0.5708613741368986
714,brak churnu,0,1290.387657129161,356.4298697629253,1157.2825943640994,-133.10506276506158,-0.10315122128585151,-0.37343969755844164
715,brak churnu,0,841.2835775262838,237.81454535222866,897.2316186373565,55.94804111107271,0.0665031894187008,0.23525912188511305
716,brak churnu,0,1282.2051798729528,227.30583893278884,1323.072710270245,40.86753039729206,0.031872847683661214,0.17979093977157365
717,brak churnu,0,2239.6759545106183,321.24464333732584,2537.564657776479,297.88870326586084,0.13300526920688005,0.9272954722954247
718,brak churnu,0,2694.640863265604,785.8925897931636,3350.7859177233795,656.1450544577756,0.24350000157816987,0.8349042387973963
719,brak churnu,0,1054.027073462904,223.03076096164384,1288.5069253019556,234.47985183905166,0.22246093837864223,1.0513341335878632
720,brak churnu,0,1293.0890461700028,330.60198315568533,1531.7242989796478,238.63525280964495,0.18454665091817002,0.7218203911900556
721,brak churnu,0,3894.9404940767663,709.567973977448,3021.6288483505273,-873.311645726239,-0.22421694171049042,-1.230765307558815
722,brak churnu,0,2249.0165261312322,673.9957236845031,2533.8204156970214,284.8038895657892,0.12663485850666914,0.42256038066364005
723,brak churnu,0,2345.5897292858695,579.2719987164695,2364.3298046314876,18.740075345618152,0.007989494118105511,0.03235108098983164
724,brak churnu,0,629.5799455116601,106.49585316874573,551.409016508088,-78.17092900357204,-0.12416362617783587,-0.7340279144926701
725,brak churnu,0,1469.8507243330346,314.4703338798867,1611.9332665187421,142.08254218570755,0.09666460670703789,0.4518154079359886
726,brak churnu,0,1028.684755776349,182.81193122946206,953.4042465178,-75.28050925854905,-0.07318132093999469,-0.4117921010530674
727,brak churnu,0,1368.047175030347,203.58725612838012,1357.1682883490241,-10.87888668132291,-0.007952128318295447,-0.053435990484899464
728,brak churnu,0,1148.8102208755577,169.25936497668516,1353.391356948862,204.58113607330438,0.17808088085896756,1.2086842940801807
729,brak churnu,0,1277.4849102335802,329.3310324071343,1310.4355658892862,32.95065565570599,0.025793381504350735,0.1000532971790246
730,brak churnu,0,421.21633520165966,81.03818967179006,203.7944884132632,-217.42184678839646,-0.5161761988273901,-2.6829553778159294
731,brak churnu,0,275.6973003998076,57.21797803345287,273.35413624677864,-2.3431641530289653,-0.008499046416598864,-0.040951537149023665
732,brak churnu,0,1194.256276562609,257.4941826221605,1270.1448796838326,75.8886031212237,0.06354465503807233,0.29471968006586163
733,brak churnu,0,1156.0918748934414,211.34794622948968,1517.5996337791435,361.50775888570206,0.3126981226461978,1.7104862636950497
734,brak churnu,0,2136.7040296821933,561.6316661823594,2014.956008769571,-121.74802091262222,-0.05697935662653786,-0.21677556349376348
735,brak churnu,0,1887.1567307235011,559.3831716979154,637.1751248785465,-1249.9816058449546,-0.662362370594272,-2.2345713440946775
736,brak churnu,0,977.0407208712292,262.79558519991764,1094.3433536487944,117.30263277756524,0.12005910324082117,0.4463645486598608
737,brak churnu,0,1452.5100521302836,329.3905691698685,1625.0557412011167,172.54568907083308,0.11879139068109974,0.5238331185549223
738,brak churnu,0,1554.8183054363246,267.2890626602835,1425.780858697794,-129.03744673853066,-0.08299197808988956,-0.4827636621350775
739,brak churnu,0,1757.2181081261463,301.2675853499194,1775.0273123275574,17.80920420141115,0.010134885430017814,0.0591142395247266
740,brak churnu,0,3940.9547108640922,1126.7046418435557,3142.5411991235706,-798.4135117405217,-0.20259393226202843,-0.7086271610935481
741,brak churnu,0,687.554036256093,149.05504712255282,642.6596771912575,-44.8943590648355,-0.0652957537843814,-0.3011931493196834
742,brak churnu,0,1289.4789916360155,238.99529682386785,1662.1823474135952,372.70335577757965,0.28903406584756797,1.5594589547603128
743,brak churnu,0,765.0599423835286,92.67726868807091,800.7201449942118,35.6602026106832,0.04661099168201719,0.3847783077283681
744,brak churnu,0,1096.540843778055,187.0406363204576,1027.4617668833728,-69.0790768946822,-0.06299726753148115,-0.3693265712394642
745,brak churnu,0,1448.2668033925995,378.42479449814294,1600.694050352218,152.42724695961851,0.10524804311094756,0.402794027177219
746,brak churnu,0,3805.4310073018137,782.615785334464,3640.0521068237867,-165.37890047802694,-0.043458651637803956,-0.21131556962826847
747,brak churnu,0,767.7221672280905,149.65191153677654,722.2890049604222,-45.43316226766831,-0.059179172110800995,-0.3035922615429021
748,brak churnu,0,4702.164435795147,1363.592777011631,6952.983285693266,2250.818849898119,0.4786771880548878,1.6506532506214062
749,brak churnu,0,1070.4681324606854,209.52091318628354,1135.6549535632107,65.1868211025253,0.060895620454090804,0.31112321968818535
750,brak churnu,0,959.2462156518682,230.6007511391907,1121.610453884574,162.36423823270593,0.16926231824888588,0.7040924083317613
751,brak churnu,0,4225.894412854017,970.714173661626,3617.087008959124,-608.807403894893,-0.14406592887012679,-0.6271747342458324
752,brak churnu,0,368.729147611406,51.04985757098943,367.1602036182223,-1.5689439931837228,-0.004255003986929701,-0.030733562596173058
753,brak churnu,0,3055.937455302059,600.8047210785363,2970.793125494569,-85.14432980749007,-0.027861934693645136,-0.14171714505612237
754,brak churnu,0,660.4781575820124,177.60898846037512,664.6010097184942,4.122852136481811,0.006242223288012172,0.02321308269486387
755,brak churnu,0,654.3187205756055,126.30100140025714,663.0632038891862,8.744483313580645,0.013364256651388646,0.06923526509396973
756,brak churnu,0,1060.8600482272673,251.1360726670699,1579.0418026762086,518.1817544489413,0.4884543963313921,2.063350553131779
757,brak churnu,0,504.96364886657335,112.16868292053036,439.92004871858046,-65.04360014799289,-0.128808480162855,-0.5798730844871843
758,brak churnu,0,351.33429129637045,45.46489960478597,308.8513156064086,-42.48297568996185,-0.12091895594138018,-0.9344126141101118
759,brak churnu,0,3593.4779659158107,672.9871385042491,3685.070932596341,91.59296668053048,0.025488667956027854,0.1360991339063342
760,brak churnu,0,800.4056958891293,171.40543406647754,848.4839452895708,48.07824940044145,0.0600673504041395,0.2804943125770148
761,brak churnu,0,1747.3119528879872,486.2586635497846,1726.3508121794096,-20.96114070857766,-0.011996221209345433,-0.04310697634784988
762,brak churnu,0,1145.1154271163145,310.72945602568393,1154.7255516964913,9.610124580176716,0.008392275881198633,0.03092762656972686
763,brak churnu,0,823.9081996083885,194.8273966773696,928.7834961791177,104.87529657072923,0.1272900265109359,0.5382985060586767
764,brak churnu,0,1404.7526735286574,392.95484201745563,1735.62838915256,330.8757156239026,0.23554019284602032,0.8420196934720672
765,brak churnu,0,2342.7122734186432,558.7078415625696,1726.764954232336,-615.9473191863071,-0.2629206011233618,-1.102449748089543
766,brak churnu,0,2930.9698013617253,642.9231074005849,3063.998855607971,133.02905424624578,0.04538738481182598,0.20691285274237253
767,brak churnu,0,589.4902653040474,111.41084639260801,474.1955604769186,-115.29470482712878,-0.19558372989868128,-1.034860685115291
768,brak churnu,0,858.2032069252565,197.4063415540601,880.0034839245734,21.800276999316907,0.025402232039451654,0.11043351914480852
769,brak churnu,0,4375.265850450475,931.3185329051195,5392.2047273654925,1016.9388769150173,0.23242904812522736,1.091934543321947
770,brak churnu,0,3628.1605521260203,480.3038495888773,3119.7147599347213,-508.445792191299,-0.1401387245372483,-1.058591957208984
771,brak churnu,0,1888.939542659507,489.1935308485518,1114.6008871808267,-774.3386554786803,-0.40993300102578223,-1.5828881754333866
772,brak churnu,0,4398.438580086587,872.7596046193551,2706.8763463409996,-1691.562233745587,-0.38458243827796895,-1.9381765892835336
773,brak churnu,0,1141.258858554506,316.7972096571924,860.3362950487391,-280.922563505767,-0.24615148561613576,-0.8867583265955988
774,brak churnu,0,924.6100801278295,260.4868459375625,642.0550191746605,-282.555060953169,-0.3055937492203255,-1.0847191148412005
775,brak churnu,0,280.19173554051787,83.73836777003554,274.49393096379185,-5.697804576726014,-0.020335377007942006,-0.06804293812333997
776,brak churnu,0,773.1991211960867,97.42349412231269,938.1852018862513,164.9860806901646,0.2133811021861255,1.6934937735145164
777,brak churnu,0,6154.33534703273,1304.5132013816274,4453.037046595257,-1701.2983004374728,-0.27643899860896304,-1.3041633450973167
778,brak churnu,0,949.2155472339518,177.21920877269295,862.9471090149003,-86.26843821905152,-0.09088392880883678,-0.48678943336047836
779,brak churnu,0,1349.6981805607,181.59224077971825,1083.0952822836316,-266.60289827706833,-0.19752778963243064,-1.4681403628939897
780,brak churnu,0,691.1655612879767,179.9858398389729,655.0234130386101,-36.14214824936664,-0.05229159303310235,-0.20080550937619188
781,brak churnu,0,490.706137653837,59.023701314114945,494.11946394525893,3.4133262914219245,0.006955947826007867,0.057829756782902066
782,brak churnu,0,1339.598252862123,182.14928418616148,1425.7611208208218,86.16286795869883,0.06431993157247501,0.47303434841192155
783,brak churnu,0,890.9016144843617,263.22843872505115,739.8038752628872,-151.0977392214745,-0.16960092648269276,-0.5740175337942872
784,brak churnu,0,461.2611797001871,126.01513776489526,443.5056003869994,-17.755579313187695,-0.03849354789563812,-0.14090036822650656
785,brak churnu,0,3961.149659918142,1097.076193908751,5228.2454000263915,1267.0957401082496,0.3198808045375479,1.1549751486209352
786,brak churnu,0,2588.205007073275,314.22895663648785,2697.137880042013,108.93287296873814,0.04208819342789183,0.34666720131320006
787,brak churnu,0,196.10371195053347,41.08524978785675,197.0015172352481,0.8978052847146216,0.004578216678229376,0.021852253286773954
788,brak churnu,0,940.5427696973798,132.59609693685493,853.3514333415728,-87.19133635580692,-0.09270321261824255,-0.6575709117390482
789,brak churnu,0,816.9492510651473,99.07244177901478,832.4051096194269,15.45585855427953,0.018918994703928074,0.15600562857585026
790,brak churnu,0,782.153385604507,203.84659451550723,744.9315989715657,-37.2217866329413,-0.04758885829558036,-0.18259704912612473
791,brak churnu,0,1629.0873112401537,433.2964996238588,2031.1331322832298,402.0458210430761,0.24679206465429776,0.9278769189044658
792,brak churnu,0,912.7841178861757,209.03580112775873,954.0709759386941,41.28685805251837,0.045231788375251776,0.19751094228727176
793,brak churnu,0,945.6759224332001,150.88190284353703,1041.1904707683982,95.51454833519813,0.10100135370840534,0.633041779929338
794,brak churnu,0,860.1535803474296,121.68077081807772,868.2208976882824,8.06731734085281,0.009378926653533539,0.06629903218573525
795,brak churnu,0,626.6717584967278,125.54745619641542,445.9867243932372,-180.68503410349058,-0.2883248393655417,-1.4391771811036456
796,brak churnu,0,660.2707223691889,128.42065251182274,688.4391130993212,28.168390730132273,0.042661880613240305,0.2193447095866377
797,brak churnu,0,1637.115115606982,291.0198338563199,1944.4501697441453,307.3350541371633,0.1877296539548563,1.0560622280091687
798,brak churnu,0,1415.9162513232422,353.98385398622673,1506.6986541844085,90.78240286116625,0.06411565851887475,0.2564591628653733
799,brak churnu,0,1396.14573488502,341.90345299043753,1256.9337953174945,-139.2119395675254,-0.09971161039215598,-0.40716739872006774
800,brak churnu,0,9786.603535429735,2202.5360229454523,11154.53185878798,1367.9283233582446,0.1397755940971791,0.6210696711007312
801,brak churnu,0,1539.8589415758863,205.99734012039266,1363.993182673878,-175.86575890200834,-0.11420900587298466,-0.853728299594673
802,brak churnu,0,1240.3417781908552,250.66186906179925,854.8495816776822,-385.492196513173,-0.3107951399294527,-1.537897239640115
803,brak churnu,0,612.883592992788,124.87583016947721,550.5488589452651,-62.33473404752283,-0.1017072976992816,-0.49917373092074147
804,brak churnu,0,994.165710203833,275.5302025286548,1227.1231408243805,232.95743062054748,0.23432454793958285,0.8454878212355693
805,brak churnu,0,825.3147272444332,222.16629364805306,639.9867515266039,-185.3279757178293,-0.2245543058908008,-0.8341858374403925
806,brak churnu,0,284.66146016415365,77.85969172990109,319.93038953003764,35.26892936588399,0.12389780248280086,0.452980593453074
807,brak churnu,0,517.6966792599821,78.64670746999059,339.56697454868595,-178.1297047112962,-0.3440812194621809,-2.264935309329581
808,brak churnu,0,1346.1141498133063,227.9975513626909,1351.571552990184,5.457403176877733,0.00405419048424283,0.02393623591244749
809,brak churnu,0,626.369064609188,75.75438563405905,640.2242186585561,13.855154049368139,0.022119792997779705,0.182895735123471
810,brak churnu,0,2966.2605921172744,578.3531994600688,2873.0794089050028,-93.18118321227166,-0.03141368747570498,-0.16111466712600966
811,brak churnu,0,1492.0974143925428,340.89915642097714,1006.6354670109592,-485.4619473815835,-0.3253553975088302,-1.4240632111805096
812,brak churnu,0,950.7108621674685,138.5473210210113,1111.3779691809448,160.6671070134763,0.16899681428608174,1.15965509711379
813,brak churnu,0,621.314910484504,112.01462720456799,691.6373567225929,70.3224462380889,0.11318325868479666,0.6277969939556353
814,brak churnu,0,1111.5098923784408,189.85508703650513,920.9143307441307,-190.59556163431012,-0.17147446274766684,-1.0039002094142604
815,brak churnu,0,3265.6057022064824,522.2664591901632,3613.1064871801245,347.5007849736421,0.10641235245848729,0.6653706721133954
816,brak churnu,0,2719.3779331928804,661.2590974188456,3094.8643372779134,375.486404085033,0.1380780506827774,0.5678355209791505
817,brak churnu,0,1605.6047194966523,371.2939573770814,1308.4219514412011,-297.1827680554511,-0.18509086604367742,-0.8003975344894613
818,brak churnu,0,564.9541684521181,157.8280846823695,743.9117744238065,178.9576059716884,0.3167648208738824,1.1338768149651075
819,brak churnu,0,1514.6735735139284,392.93242073439694,1616.8203485243523,102.14677501042388,0.06743814429497906,0.2599601601199258
820,brak churnu,0,1326.5832513268022,304.9084348278831,1349.994282251838,23.411030925035902,0.017647615331809,0.07678052900783518
821,brak churnu,0,673.8189063325285,171.52992250062724,479.91638641075645,-193.90251992177207,-0.2877665172340556,-1.1304297063450433
822,brak churnu,0,679.7993910848306,170.43553151909094,1032.7032380477056,352.9038469628749,0.5191293955113838,2.070600207699914
823,brak churnu,0,1399.0008117428088,302.50105762793544,730.1271637759415,-668.8736479668672,-0.47810811999002073,-2.2111448244572944
824,brak churnu,0,1063.5594166390365,154.5055308075874,1099.8092756321123,36.249858993075804,0.03408352972665063,0.23461852015006093
825,brak churnu,0,731.6789240123718,126.66322994283689,730.2623592359413,-1.416564776430505,-0.0019360469871981068,-0.01118370956646061
826,brak churnu,0,955.2009601268916,247.7268821863642,1018.3873500628843,63.18638993599268,0.06614983922084712,0.2550647284555002
827,brak churnu,0,531.2162405295084,109.05250063818464,609.5816478162768,78.36540728676846,0.14752072942772795,0.7186025705799256
828,brak churnu,0,1763.4335536163214,425.9101635828722,1446.0919341707763,-317.3416194455451,-0.1799566639722625,-0.745090506354629
829,brak churnu,0,577.6309301882311,97.52075180352998,400.08595940479574,-177.54497078343536,-0.3073674928134116,-1.8205865674736188
830,brak churnu,0,812.7460825063763,179.67040405678924,950.2753194383655,137.5292369319892,0.16921550271626223,0.7654529283994915
831,brak churnu,0,1183.7298564392152,219.04054873171074,1172.1084477790735,-11.621408660141697,-0.009817618941453521,-0.05305596944233391
832,brak churnu,0,2923.0274778912076,678.2264615873528,2338.7721984215295,-584.255279469678,-0.19988018719932932,-0.8614457154948802
833,brak churnu,0,1687.7691295064749,270.55399603915515,1396.713318916919,-291.0558105895559,-0.17245001434210633,-1.0757771640801552
834,brak churnu,0,1458.742728445659,216.4758517710655,995.2695431178327,-463.4731853278263,-0.31772099102195567,-2.1409925473718583
835,brak churnu,0,391.71389076681453,50.64166520791136,335.6750079023808,-56.03888286443373,-0.14306074965769702,-1.1065766229124552
836,brak churnu,0,3425.4583743183584,699.7655249377167,3868.2622722682186,442.80389794986013,0.12926850936788128,0.632788958829134
837,brak churnu,0,688.9641219080846,97.24113108552554,697.0258295393485,8.061707631263857,0.011701200940532253,0.08290429719676361
838,brak churnu,0,1788.8377730977234,306.025139159399,1562.3175861417928,-226.5201869559305,-0.12662980979189992,-0.7402012382974302
839,brak churnu,0,3963.057583792805,543.7356712322239,4293.960715833182,330.90313204037693,0.08349692757269739,0.6085735211936308
840,brak churnu,0,678.3572583489938,192.76307488073041,527.3476540833619,-151.00960426563188,-0.22261072968123546,-0.7833948714455145
841,brak churnu,0,2254.195002075853,361.5272780401875,2203.800766515129,-50.394235560724155,-0.022355756939535794,-0.13939262296861127
842,brak churnu,0,1052.0886584306747,163.96108712864762,1179.661172591669,127.57251416099416,0.12125642942609507,0.7780657983860393
843,brak churnu,0,2258.5770020905975,340.0302317120226,2475.26696618195,216.68996409135252,0.09594092381653523,0.6372667600770009
844,brak churnu,0,1743.968048254676,227.29395167725627,1687.6260157699357,-56.34203248474023,-0.03230680317860529,-0.2478817939015928
845,brak churnu,0,1175.3961239776463,197.72968903217867,1039.8743735820176,-135.52175039562871,-0.11529878960040374,-0.6853889826002498
846,brak churnu,0,1543.3792658488458,185.45045042049063,1288.272183878562,-255.10708197028384,-0.16529124604377593,-1.3756077776670461
847,brak churnu,0,1282.4020045507586,206.67310948793872,1752.2168439339127,469.8148393831541,0.3663553532480137,2.2732267422074672
848,brak churnu,0,862.4283632200683,241.47297120839588,904.3124894382033,41.884126218135066,0.04856533945816828,0.17345264775819672
849,brak churnu,0,2005.9702295800678,301.73552171956715,2544.268274179729,538.2980445996611,0.26834797279735756,1.7840062102464525
850,brak churnu,0,2206.534510919346,552.6337585365038,1718.2872511401556,-488.24725977919024,-0.22127333942117386,-0.883491556998213
851,brak churnu,0,1220.7851635431316,321.628830303872,1327.5751960929108,106.7900325497792,0.08747651572029135,0.3320287937150564
852,brak churnu,0,2171.198317437323,572.5001204935215,1531.1839984081064,-640.0143190292167,-0.2947746937205759,-1.1179287062463756
853,brak churnu,0,780.5825305968665,177.56626165258413,422.5084335635173,-358.0740970333492,-0.45872676238289695,-2.016566062160706
854,brak churnu,0,857.735961218751,145.28923775424755,484.9479406043222,-372.7880206144288,-0.434618620962023,-2.5658336871791474
855,brak churnu,0,945.1232521357374,222.28047462866874,952.4366703187999,7.313418183062481,0.007738057620036352,0.03290175709440936
856,brak churnu,0,591.9052860602819,137.16050483746665,649.1504217126468,57.245135652364866,0.09671333742157998,0.41735874128051353
857,brak churnu,0,2053.649573350603,615.5748395645293,2390.3022701514583,336.6526968008552,0.1639289882604432,0.5468915802975484
858,brak churnu,0,2186.716273973221,385.20065600709523,1664.2283348840194,-522.4879390892017,-0.2389372344770871,-1.3564045931416528
859,brak churnu,0,1121.1512516399487,226.67079171498654,1146.2802163104986,25.128964670549976,0.02241353665153825,0.1108610618969685
860,brak churnu,0,2335.4857935628343,492.5929107783909,2049.7618085676313,-285.72398499520295,-0.12234027960380989,-0.5800407978744649
861,brak churnu,0,399.1104231753834,118.46770338758098,319.35421504397016,-79.75620813141325,-0.19983494166065793,-0.6732316559770004
862,brak churnu,0,2993.1270553959525,845.4663028846338,3592.2404983313318,599.1134429353792,0.2001630508318412,0.7086189489649357
863,brak churnu,0,1732.1346763174556,323.43636407434764,1408.1238139861014,-324.01086233135425,-0.1870587008974419,-1.0017762327332944
864,brak churnu,0,704.2851424610027,121.36259920305902,872.6484284598305,168.3632859988278,0.2390555697519209,1.3872748862038553
865,brak churnu,0,881.486751093491,136.54719964794964,1062.0975686591962,180.61081756570525,0.2048934000898552,1.3226988032809301
866,brak churnu,0,1846.352969266765,550.7785212609798,1524.7940983731417,-321.5588708936234,-0.1741589372379447,-0.5838260906714926
867,brak churnu,0,843.5015087680953,145.19176829266718,694.1137230247961,-149.38778574329922,-0.17710434918068482,-1.0288998302036931
868,brak churnu,0,3044.1034625864454,375.7077470933366,2835.509797101217,-208.59366548522848,-0.0685238422573178,-0.5552019278255869
869,brak churnu,0,1548.1683408182694,191.35453432344988,1499.8434561173792,-48.32488470089015,-0.031214231312434993,-0.25254110058978674
870,brak churnu,0,1129.196443895779,159.15847589337858,1369.0370570882071,239.840613192428,0.21239936991385394,1.506929567188737
871,brak churnu,0,641.8911599253591,173.5742155036968,936.8832240264533,294.9920641010941,0.45956710812997736,1.6995154680380011
872,brak churnu,0,1047.606744009112,284.76805487054435,1112.7826960969805,65.17595208786861,0.062214139476083515,0.22887381843970392
873,brak churnu,0,1148.7768524665773,176.2212039358284,1284.0266890684309,135.24983660185353,0.11773377598221453,0.7675003551281221
874,brak churnu,0,196.73295348658314,44.083897919371296,207.71922409917966,10.986270612596513,0.055843570779034526,0.24921277679869
875,brak churnu,0,842.1647734611322,124.14331676089542,987.990540177681,145.82576671654886,0.1731558613134975,1.17465660271841
876,brak churnu,0,1822.736943171859,472.73917831675925,2430.573323645369,607.83638047351,0.3334745492214448,1.2857753458001502
877,brak churnu,0,801.9907601045203,182.9687867301594,1175.6031851949192,373.6124250903989,0.46585627126390766,2.041946234476588
878,brak churnu,0,916.8473267955792,192.85627909613964,903.8340042252678,-13.013322570311402,-0.014193554575540427,-0.06747678961401203
879,brak churnu,0,896.9356926949353,197.90399635515743,979.4292053111558,82.49351261622053,0.09197260549232945,0.4168360120842538
880,brak churnu,0,351.9318251156116,94.91606204295418,380.97997234211573,29.048147226504113,0.08253913159732465,0.30604037505641984
881,brak churnu,0,4992.588458642691,1402.084688733126,2844.9076228847425,-2147.6808357579484,-0.43017381735922755,-1.5317768270463865
882,brak churnu,0,725.9447148603069,95.6861654682928,884.395670414762,158.45095555445505,0.21826862612388556,1.655944250446115
883,brak churnu,0,1777.3078921957376,232.76371237516463,2093.654286519346,316.34639432360837,0.17799189195788967,1.3590881116972673
884,brak churnu,0,532.2108091994437,77.96668452968187,553.3686012151509,21.157792015707173,0.039754532696419514,0.27136965158050824
885,brak churnu,0,822.6604723919876,105.59567168172592,935.5479454453023,112.8874730533147,0.1372224348218413,1.0690539797271887
886,brak churnu,0,1520.0535235950272,264.33882411765063,1372.8743690133615,-147.17915458166567,-0.09682498168457729,-0.5567822096241144
887,brak churnu,0,581.7326301943962,93.13803473502577,657.6470139627694,75.91438376837323,0.13049703562787102,0.815073927470628
888,brak churnu,0,5182.79485456176,774.6771060529071,4848.936548319421,-333.8583062423395,-0.06441665464502926,-0.4309644671744545
889,brak churnu,0,1633.0535776068186,422.88388964663295,1612.9107472093372,-20.142830397481475,-0.012334457775108684,-0.047632059037087164
890,brak churnu,0,1458.839386300413,176.76587391792788,1417.7958414672642,-41.04354483314887,-0.028134382179819305,-0.23219156460146445
891,brak churnu,0,2674.9214137003123,505.1519169810332,2764.429618339351,89.50820463903847,0.03346199412835035,0.17719066607521003
892,brak churnu,0,4484.246146088091,887.0802678231457,3739.3905599991367,-744.8555860889546,-0.16610497323808643,-0.8396710118654719
893,brak churnu,0,1517.4639520066703,209.70087514535487,1736.982542521002,219.51859051433166,0.14466148617503813,1.0468177129073573
894,brak churnu,0,946.1945583020731,231.8147653022727,910.8467151848217,-35.34784311725139,-0.037357901508842294,-0.1524831391613899
895,brak churnu,0,1336.00389632155,216.8113136175582,1423.3352204783776,87.33132415682758,0.06536756696389802,0.40279874098671187
896,brak churnu,0,345.6734175286112,71.15623265579863,438.67620402769955,93.00278649908836,0.26904812977523956,1.3070223510703165
897,brak churnu,0,873.2491574522572,129.8651982455189,706.1080293393433,-167.14112811291398,-0.1914014192702522,-1.2870355597264973
898,brak churnu,0,242.65187121156754,58.2269663940305,337.5127714103321,94.86090019876457,0.3909341383815482,1.6291575205348467
899,brak churnu,0,676.1635717909375,125.3336937198498,558.8578579658165,-117.30571382512096,-0.1734871837511392,-0.9359471531041504
900,brak churnu,0,773.4962986049478,147.5073885250115,856.77399593209,83.27769732714216,0.10766398944292177,0.5645662780683119
901,brak churnu,0,3385.7023185870908,895.8603982184885,2490.8067078747813,-894.8956107123095,-0.26431609353233515,-0.9989230604365394
902,brak churnu,0,557.3849196216562,83.94578158530048,509.84562470336266,-47.539294918293535,-0.08528988360604092,-0.5663095157436477
903,brak churnu,0,940.4781610733559,244.70895088621262,804.273550413775,-136.2046106595809,-0.14482485218384264,-0.5565984005338439
904,brak churnu,0,802.4732806627123,236.84159493615394,910.8865425842198,108.41326192150746,0.1350989055136836,0.45774586998002914
905,brak churnu,0,1233.1260498762795,354.34523712365205,895.2984252844756,-337.8276245918039,-0.27396033408401227,-0.9533855381663161
906,brak churnu,0,971.9788024003179,248.15099921297812,478.4797639832724,-493.49903841704554,-0.507726132708184,-1.98870461929309
907,brak churnu,0,928.1448942733143,111.85945055651942,859.2443093172319,-68.90058495608241,-0.07423472927686331,-0.6159567619301768
908,brak churnu,0,3033.5312941059897,890.4745423642664,2870.586235568247,-162.94505853774263,-0.053714645652193305,-0.18298676804966613
909,brak churnu,0,1806.7420352964275,264.2738696270048,1717.8046316460484,-88.93740365037911,-0.049225291664721456,-0.33653498840390483
910,brak churnu,0,1318.8023205215977,261.70523302892514,1010.2177305500973,-308.58458997150046,-0.23398851000614906,-1.1791303765690997
911,brak churnu,0,1961.6093252437095,534.0150030316075,2148.5494753469993,186.94015010328985,0.0952993787792401,0.3500653521755552
912,brak churnu,0,937.2565929182535,234.7056289517859,684.4180406312964,-252.8385522869571,-0.26976449586736534,-1.0772581527599243
913,brak churnu,0,1455.4797080219248,183.49890257405266,1409.72028448942,-45.7594235325048,-0.03143941016855145,-0.2493716468633275
914,brak churnu,0,1275.6379504136721,376.19611493223715,1255.0409626356486,-20.596987778023504,-0.01614642130343032,-0.05475066583750756
915,brak churnu,0,388.66640592100646,104.32859733019293,418.982325651792,30.315919730785538,0.07799984580336233,0.29058111109112017
916,brak churnu,0,534.0328807384399,109.77417237880377,542.0830163523298,8.050135613889893,0.015074232138587568,0.07333360333713879
917,brak churnu,0,830.7733679061234,138.2429938341247,607.1870203653833,-223.58634754074012,-0.2691303743935195,-1.617343066289619
918,brak churnu,0,542.8851419031311,98.7926296966786,550.8277762301461,7.942634327015071,0.014630413901495767,0.08039703317343826
919,brak churnu,0,595.5876518835615,142.49824315906795,657.0869595036274,61.499307620065906,0.10325819789173388,0.4315794093785104
920,brak churnu,0,1004.2439005124401,176.30365380734588,869.4734261935004,-134.7704743189397,-0.13420093888563303,-0.7644224688968094
921,brak churnu,0,351.17085095420464,92.02064596548223,306.30972078841523,-44.861130165789405,-0.12774730603036194,-0.48751157628927333
922,brak churnu,0,897.3560377861276,132.37655447362116,745.1600616805164,-152.19597610561118,-0.16960489448657948,-1.1497200294327004
923,brak churnu,0,494.1452318228449,73.64644331684777,540.1475353004714,46.002303477626526,0.0930947027616341,0.624637136646391
924,brak churnu,0,1334.1317015727107,257.77156711802434,1212.927497490522,-121.20420408218865,-0.09084875499121252,-0.4702000512984956
925,brak churnu,0,1013.7470665455106,288.6395315371946,1039.5458150470056,25.79874850149497,0.025448900769111892,0.0893805098840749
926,brak churnu,0,1532.817082169877,399.6434888784622,1198.3856547728733,-334.43142739700374,-0.21818091100836245,-0.8368244115162089
927,brak churnu,0,899.6544021207394,248.4694634286495,701.468044636943,-198.18635748379643,-0.22029165534744813,-0.7976286290838618
928,brak churnu,0,613.9143912372527,128.563009082435,504.60329052005994,-109.3111007171928,-0.17805593463429423,-0.8502531287759622
929,brak churnu,0,2092.4062252275694,553.8444746930311,352.1915250090933,-1740.214700218476,-0.8316810948262262,-3.1420638459614354
930,brak churnu,0,2070.5218230619816,491.49606662686006,1996.5005415806363,-74.02128148134534,-0.035750061002438174,-0.1506040159982434
931,brak churnu,0,839.7466286718377,111.45835578983723,910.5037862882648,70.7571576164271,0.08426012704372296,0.6348304451022481
932,brak churnu,0,3507.2218974782168,967.9941442883735,3540.9461539772196,33.72425649900288,0.009615660909066372,0.03483931870661827
933,brak churnu,0,4142.313644700666,527.61559694617,4692.431671038165,550.118026337499,0.1328045323273081,1.0426492877041027
934,brak churnu,0,717.771636501251,213.77666724384807,818.8143808872331,101.04274438598213,0.1407728297519681,0.47265562555863955
935,brak churnu,0,4936.849269987024,925.4196760984197,6206.993411774635,1270.1441417876113,0.25727829073277536,1.3725060905799562
936,brak churnu,0,301.88437692325476,69.08106753507776,255.2303222314905,-46.65405469176426,-0.15454279273161817,-0.6753522543361741
937,brak churnu,0,1143.5780479839011,220.06299017056284,1351.1790331255706,207.60098514166953,0.18153635032402446,0.9433707366275699
938,brak churnu,0,2925.259302909973,375.06168541776293,3021.5501654333007,96.29086252332763,0.03291703488560482,0.2567334021764285
939,brak churnu,0,1595.360230727387,375.33251260990414,1910.8148918896636,315.4546611622766,0.19773255913396343,0.840467187264801
940,brak churnu,0,1096.3703459860299,219.9991878868387,1158.1096011349257,61.739255148895836,0.056312408826937145,0.28063401388850917
941,brak churnu,0,1200.5567104283082,295.8742105320795,1007.0741990618338,-193.48251136647434,-0.16116065962219137,-0.6539350321156039
942,brak churnu,0,3131.9683716665236,636.5428808209732,3258.2246619525977,126.25629028607409,0.0403121217405184,0.19834687354171116
943,brak churnu,0,960.6483937353127,234.30098107497923,753.2488961016717,-207.39949763364098,-0.21589532547616558,-0.8851840768318019
944,brak churnu,0,370.6264066071314,84.1205932308896,263.26380489179564,-107.36260171533576,-0.289678770323404,-1.2762939203323587
945,brak churnu,0,578.4299633002662,122.68558872469949,567.6968735727054,-10.73308972756081,-0.018555556261854997,-0.08748451907946045
946,brak churnu,0,2396.386458246219,657.5690413795743,2889.4063247848117,493.01986653859285,0.20573470728899315,0.7497613718313766
947,brak churnu,0,406.1157386519543,95.68293107520184,415.22023353547183,9.104494883517532,0.022418473398097445,0.09515275902618274
948,brak churnu,0,588.9669997926723,129.16292039198905,565.195902170329,-23.77109762234329,-0.04036066134556125,-0.1840396419514344
949,brak churnu,0,983.0314638606851,259.7952842887003,1282.120001979477,299.0885381187918,0.30425123621595346,1.1512469864019026
950,brak churnu,0,6849.114877479125,1501.8131888935975,7871.882905988505,1022.7680285093793,0.14932849671895382,0.6810221378218578
951,brak churnu,0,4429.996616266936,549.3031924700435,4412.70319349993,-17.293422767005723,-0.0039037101526227624,-0.031482472711004364
952,brak churnu,0,586.9480527481232,118.54727253897202,655.3586157765253,68.41056302840207,0.11655301130670769,0.5770741204181844
953,brak churnu,0,1973.5127596910745,445.3174943343044,2562.215051684149,588.7022919930744,0.2983017409450281,1.321983302886209
954,brak churnu,0,1440.423239798267,320.17906087351923,1810.5561872761914,370.1329474779243,0.25696124392561304,1.156018593058896
955,brak churnu,0,830.4572209025158,121.63802424836108,791.3413030489812,-39.1159178535346,-0.04710166504546086,-0.3215763992817537
956,brak churnu,0,716.7100138220288,194.38719631335567,712.4719175833224,-4.238096238706476,-0.0059132649983579914,-0.0218023425363602
957,brak churnu,0,3316.784549899548,878.6078388353377,3843.701412995529,526.9168630959812,0.15886375951429807,0.5997179171477118
958,brak churnu,0,794.5866656915442,217.7182729118189,686.6321895518782,-107.95447613966599,-0.13586243112412552,-0.49584481217793847
959,brak churnu,0,2735.5722930002553,401.3326722283103,2485.3462616797447,-250.22603132051063,-0.09147118208529365,-0.6234878160583994
960,brak churnu,0,802.4374740076544,141.9944287409504,1009.3713848262166,206.93391081856225,0.2578816637077798,1.457338239629705
961,brak churnu,0,336.8095411302973,80.22112669229702,225.6637915826442,-111.14574954765311,-0.32999584624194345,-1.3854922528571956
962,brak churnu,0,1745.236612033117,509.9331912799777,1033.5637489775715,-711.6728630555453,-0.4077801589473192,-1.3956198090757401
963,brak churnu,0,1552.7503249778372,302.65897045637547,1329.0304787610492,-223.71984621678803,-0.14407972912192515,-0.7391812834076711
964,brak churnu,0,1051.790946567804,151.99562866411156,876.3669777439774,-175.4239688238266,-0.16678596578176372,-1.1541382496695896
965,brak churnu,0,5420.871084498029,1394.7199398315995,4661.833879319385,-759.0372051786435,-0.1400212610385163,-0.5442219498706606
966,brak churnu,0,976.4322409924351,148.70571372610183,1028.8994590273517,52.46721803491653,0.053733598535817925,0.35282583782594173
967,brak churnu,0,271.52138042793075,73.00572781589351,307.1676484303533,35.64626800242257,0.13128346631945648,0.4882667301436354
968,brak churnu,0,1474.1458249771504,312.9906511347894,1329.1108264401128,-145.0349985370376,-0.09838578794556209,-0.46338444298957127
969,brak churnu,0,1344.360346723111,198.33979191505884,1006.6765958771265,-337.6837508459845,-0.25118544419217015,-1.702551704756256
970,brak churnu,0,886.516979199102,217.75965803058293,1016.9906331301493,130.47365393104724,0.1471755837648139,0.599163569189308
971,brak churnu,0,3788.688457114294,596.614518260427,3536.790063730304,-251.89839338398997,-0.06648696408673618,-0.4222129795273174
972,brak churnu,0,764.0899830350951,174.97587984758593,643.7524942543043,-120.33748878079075,-0.15749125293174218,-0.6877375835207209
973,brak churnu,0,453.5095429095974,114.54731672003243,304.1729463322964,-149.336596577301,-0.32929096843077843,-1.3037109978079873
974,brak churnu,0,1790.115734062338,225.0123496439241,1999.0231689001182,208.9074348377801,0.11670051877802512,0.9284265293365916
975,brak churnu,0,3511.9128946801748,461.37629529411004,3989.6747506818974,477.76185600172266,0.13604034904323326,1.0355145265908545
976,brak churnu,0,691.3693330409034,116.07063764622299,830.4108264308737,139.04149338997036,0.20111029914852221,1.1979041057201847
977,brak churnu,0,468.94574086522175,136.57021791348936,403.8751746455814,-65.07056621964034,-0.13875926477033954,-0.4764623445271165
978,brak churnu,0,1115.2816704080255,143.98448420465226,1305.663778281032,190.38210787300636,0.17070316219162385,1.3222404408686623
979,brak churnu,0,1610.124128150751,248.05328048899102,1787.0988194699592,176.9746913192082,0.10991369436992786,0.7134543472690038
980,brak churnu,0,707.955458715735,196.02822777651153,903.7940419482327,195.83858323249774,0.27662557131455456,0.9990325651251104
981,brak churnu,0,1176.4099961217144,191.778460410084,1461.4184066383634,285.00841051664906,0.242269626623575,1.4861335830270483
982,brak churnu,0,1842.6879226119347,451.05411024893925,1680.151535032901,-162.53638757903377,-0.08820613929495186,-0.360347869326208
983,brak churnu,0,734.154375441589,211.5776432528301,833.4308361564566,99.27646071486765,0.13522559292131647,0.4692199950267653
984,brak churnu,0,244.01758064083813,70.43293078439052,187.0621579158165,-56.955422725021634,-0.23340704622775743,-0.8086476324458758
985,brak churnu,0,1045.9684357582098,188.1765052752925,1151.9090278882975,105.94059213008768,0.10128469321666732,0.5629852248297527
986,brak churnu,0,2203.658811132015,571.0274904799254,2745.6756682851737,542.0168571531585,0.2459622398962594,0.9491957325865614
987,brak churnu,0,2165.8172971386757,301.29091128809193,2056.1487302362634,-109.6685669024123,-0.05063611184899974,-0.3639956028993789
988,brak churnu,0,1079.1641009539974,208.9438662963436,1046.1275346575608,-33.036566296436604,-0.030613107188454267,-0.15811216132844538
989,brak churnu,0,1169.0805212070472,171.15332727043565,1327.5718522733857,158.4913310663385,0.13556921716795012,0.926019573174349
990,brak churnu,0,2190.152013677625,412.9389471497414,2382.6215327924274,192.46951911480255,0.08787952521688877,0.46609679334753706
991,brak churnu,0,2362.5941251175786,418.66126424554216,2312.815170151354,-49.778954966224774,-0.021069617687188416,-0.1189003120599897
992,brak churnu,0,3871.5323399893136,649.7010975228661,3629.047728331498,-242.48461165781555,-0.06263272274731531,-0.3732248761504999
993,brak churnu,0,1042.021307523175,295.91561501785964,1067.8566912839149,25.835383760739887,0.024793527324454733,0.08730659164160913
994,brak churnu,0,821.583708232824,106.93854458787949,594.0487702480492,-227.53493798477484,-0.27694675016644194,-2.127716800912623
995,brak churnu,0,2292.661788090698,474.2125692238368,2370.1250221169867,77.46323402628877,0.03378746679020601,0.16335128812185648
996,brak churnu,0,467.8475109267223,66.61193733382393,547.8095672813508,79.96205635462854,0.17091478417024814,1.2004163150802964
997,brak churnu,0,1431.0831246076928,279.79758541637216,1262.9977723160296,-168.08535229166318,-0.11745324181482536,-0.6007391094584756
998,brak churnu,0,1338.2392755228213,301.8539832196636,1469.2546991314716,131.01542360865028,0.097901343956196,0.43403576196411636
999,brak churnu,0,3107.426576413918,906.853215602335,1203.2347125393858,-1904.1918638745324,-0.6127874036760148,-2.0997795796641263
1000,brak churnu,0,1230.7701594806342,333.1902381351739,1433.0263472080644,202.2561877274302,0.16433302852644652,0.6070291520526951
1001,brak churnu,0,2270.9623720349196,587.0318597757633,2058.8397819929087,-212.12259004201087,-0.09340647500554411,-0.36134766198726975
1002,brak churnu,0,245.63898637724117,36.15448462292571,201.16590927011842,-44.47307710712275,-0.1810505643384435,-1.230084665041033
1003,brak churnu,0,1634.6409256673473,258.28515418631974,1697.0554573015118,62.414531634164405,0.038182410983429574,0.24164970623569132
1004,brak churnu,0,758.1763000630978,158.24533652816265,541.9491315561547,-216.22716850694303,-0.2851937847291559,-1.366404680547799
1005,brak churnu,0,2654.8804447840985,462.0538574483948,2676.532715061259,21.65227027716037,0.008155647957594258,0.04686092308963925
1006,brak churnu,0,1317.3268841193828,218.86286802009175,1088.152854054408,-229.1740300649749,-0.17396899192425952,-1.0471124322648306
1007,brak churnu,0,426.39197408314993,66.06471054820133,394.7453796328614,-31.646594450288546,-0.07421948904722396,-0.4790241898842339
1008,brak churnu,0,1590.1311550266983,469.39155301147,1589.225506852252,-0.9056481744462417,-0.0005695430666730354,-0.0019294087604173637
1009,brak churnu,0,1192.9151585499915,357.4249112507007,1033.1045267102156,-159.81063183977585,-0.13396646919469812,-0.4471166580990864
1010,brak churnu,0,677.5786378365771,175.96779463181215,459.2417505332588,-218.33688730331824,-0.3222310667887056,-1.2407775397774203
1011,brak churnu,0,1672.1220915368208,286.2223145464142,1800.8419330224172,128.71984148559636,0.07697992995672463,0.4497197980163876
1012,brak churnu,0,1801.895897080935,532.2188388622258,2509.442466760189,707.5465696792539,0.3926678399265334,1.3294278932174644
1013,brak churnu,0,966.6075035885807,280.0232007830434,670.2383572816539,-296.36914630692684,-0.30660753739924523,-1.0583735400430192
1014,brak churnu,0,1111.0681677609873,153.3206093447149,1295.9357895002192,184.86762173923194,0.16638729027020474,1.2057584595400936
1015,brak churnu,0,733.2105483286357,208.8175416884557,439.5180844443937,-293.692463884242,-0.4005567903431263,-1.4064549439166132
1016,brak churnu,0,1149.437893951471,294.68332114627714,768.7929900762188,-380.64490387525234,-0.33115743432356604,-1.2917083409899026
1017,brak churnu,0,3537.848772016259,1018.7847936249175,5544.957119732557,2007.1083477162979,0.5673245175407611,1.9701004179448405
1018,brak churnu,0,667.9767351619178,163.08274908838249,519.0892651387896,-148.88747002312812,-0.22289319700189522,-0.9129565871031444
1019,brak churnu,0,550.1038086904975,163.56588107261544,824.4190085270737,274.3151998365762,0.49866079002356617,1.6770930345479163
1020,brak churnu,0,603.840170674925,172.26028383491956,603.2117395972972,-0.6284310776278517,-0.0010407241984670228,-0.003648148392870928
1021,brak churnu,0,802.4638820252171,215.2862879057596,788.343117365143,-14.120764660074087,-0.017596760398034147,-0.06559063653071753
1022,brak churnu,0,784.7295905178995,143.33421503783066,756.1995422087465,-28.530048309153017,-0.03635653434493783,-0.1990456242539368
1023,brak churnu,0,1102.2606880732885,170.43828813043595,1229.8060192570924,127.54533118380391,0.11571249212085073,0.7483373165904706
1024,brak churnu,0,999.5560292982802,271.5470791850983,622.9371938020952,-376.61883549618506,-0.37678611749316676,-1.3869375307825176
1025,brak churnu,0,2896.2019269969264,444.0104411817883,2290.540531132113,-605.6613958648136,-0.209122641007571,-1.3640701652257803
1026,brak churnu,0,1204.3305120499303,295.32053929416315,878.6565662655545,-325.67394578437586,-0.27041907725980935,-1.1027812239634922
1027,brak churnu,0,3963.9475890371505,1037.3186467744429,6070.584806861739,2106.6372178245883,0.5314493117040162,2.030848692805443
1028,brak churnu,0,549.9423382561308,136.1741901014001,508.6684544674564,-41.273883788674425,-0.07505129341296773,-0.3030962310694886
1029,brak churnu,0,800.4146489055673,123.62353256717942,918.3356826385326,117.92103373296527,0.14732493201392863,0.9538720604742846
1030,brak churnu,0,7637.2863895915,2087.4422216845824,1969.4414265972773,-5667.844962994222,-0.7421281164365741,-2.7152104638471033
1031,brak churnu,0,661.4082866221704,108.7844547780734,610.9612170622819,-50.44706955988852,-0.07627220671443811,-0.46373417656781446
1032,brak churnu,0,688.0019800974083,180.4357341824218,596.7179700250044,-91.28401007240382,-0.13267986533916618,-0.5059087130718521
1033,brak churnu,0,1424.2349805029437,412.91022299009364,1053.9154277418838,-370.31955276105987,-0.26001295982091943,-0.8968524685084981
1034,brak churnu,0,1613.2090816355037,395.67389497911154,2246.813099811102,633.6040181755982,0.39276001194664595,1.6013288372462569
1035,brak churnu,0,366.5905783547875,108.06687765140576,176.7551143068461,-189.8354640479414,-0.5178405427108878,-1.7566479958854624
1036,brak churnu,0,1114.3834795514326,138.4654205423655,1209.9442717644472,95.56079221301457,0.08575216159116086,0.6901419274119516
1037,brak churnu,0,858.0219610560545,164.03726642395773,1045.8037554101286,187.78179435407412,0.21885429846451956,1.144750814542033
1038,brak churnu,0,1658.971935845282,308.92888378518,1881.8224673825277,222.85053153724584,0.13433050115082187,0.7213651530628955
1039,brak churnu,0,598.9679992355088,164.7309185018759,327.9650217585536,-271.00297747695527,-0.45244984343545763,-1.645125152834434
1040,brak churnu,0,1140.1527206628396,330.2530440152935,868.5916855614644,-271.5610351013752,-0.23817952646159576,-0.822281701932775
1041,brak churnu,0,4621.959440127533,1172.680453961913,6366.068107214151,1744.108667086618,0.37735265522764805,1.48728382160215
1042,brak churnu,0,986.2501484814042,199.53312134569396,720.0496371286554,-266.2005113527488,-0.26991175794765215,-1.334116910302589
1043,brak churnu,0,487.63194041658926,115.99941200318314,357.0159889568742,-130.61595145971506,-0.2678576619655563,-1.1260052892003525
1044,brak churnu,0,680.1579264467017,102.55836715476902,675.1614844646008,-4.996441982100919,-0.0073460027264600995,-0.04871803364966679
1045,brak churnu,0,176.2490014169947,46.45721739824681,160.0484193728874,-16.200582044107307,-0.09191871678057165,-0.3487204561829543
1046,brak churnu,0,1196.006821975044,250.07348641750667,834.9646465905641,-361.04217538447983,-0.3018730067009713,-1.4437443191466806
1047,brak churnu,0,457.5417004379906,92.49456384843674,449.791168123986,-7.750532314004602,-0.016939510227341584,-0.08379446306384841
1048,brak churnu,0,1188.9408616872256,232.44858350908834,1459.350662008745,270.40980032151947,0.2274375530653232,1.1633101662284249
1049,brak churnu,0,712.3497476937653,198.89683752312655,820.9358867751765,108.58613908141126,0.15243374400420476,0.5459420091020075
1050,brak churnu,0,743.5343215000686,173.0412301583224,483.53620617597073,-259.99811532409785,-0.34967870050646194,-1.5025211915461714
1051,brak churnu,0,559.5481450535308,120.14315633327024,634.0102945820182,74.46214952848743,0.13307550062803586,0.6197785358820913
1052,brak churnu,0,2278.313530411582,369.4539995708497,1652.8582834094773,-625.4552470021049,-0.2745255377073212,-1.6929177860535305
1053,brak churnu,0,928.710371645208,175.9275122600694,530.4755188029478,-398.23485284226024,-0.4288041406674378,-2.2636303311875365
1054,brak churnu,0,1309.4957174547083,384.7123589440246,780.3787538214898,-529.1169636332185,-0.40406162202780865,-1.3753573321261683
1055,brak churnu,0,1245.358707913913,307.9766413924623,972.294840654492,-273.06386725942093,-0.21926523300007858,-0.8866382399158931
1056,brak churnu,0,1172.773167843079,219.51228668045775,1025.858864919547,-146.91430292353198,-0.12527085966140522,-0.6692759897189442
1057,brak churnu,0,576.5186286459601,109.40269314674757,600.9703742415362,24.451745595576085,0.042412758895587904,0.2235022273425909
1058,brak churnu,0,1714.6232358988782,514.3366586662363,1699.3902448803847,-15.232991018493522,-0.008884162246003706,-0.02961677096475156
1059,brak churnu,0,1005.9068558531118,207.25023279921473,1275.7004708998948,269.793615046783,0.2682093411302684,1.3017771386928219
1060,brak churnu,0,2096.9571583878005,584.1852379157918,2650.3207286969896,553.3635703091891,0.2638888296290376,0.9472399067861321
1061,brak churnu,0,4204.96961619866,558.3064678849976,4604.4451471651255,399.47553096646516,0.09500081271160182,0.7155129914216772
1062,brak churnu,0,2751.4336338563553,539.5527233766951,4126.245830826503,1374.8121969701479,0.49967121868872344,2.548059044843902
1063,brak churnu,0,1542.380677475902,454.5977741218806,1160.6684463803767,-381.71223109552534,-0.24748250329496826,-0.8396702597870306
1064,brak churnu,0,1370.8449339085048,323.9834050871824,1172.2561507105877,-198.5887831979171,-0.1448659715520907,-0.6129597383065896
1065,brak churnu,0,1303.5004673405012,347.98134193336773,930.1262465838588,-373.37422075664244,-0.28643965239109453,-1.0729719549967625
1066,brak churnu,0,685.1542628832352,138.59295482538508,320.94230393463937,-364.21195894859585,-0.5315765787049701,-2.6279254916490586
1067,brak churnu,0,2145.6627547979606,490.3346603779165,1990.762629342625,-154.90012545533568,-0.07219220500004501,-0.3159069467696802
1068,brak churnu,0,748.335440772306,153.47386960515047,888.9536008400415,140.61816006773552,0.18790792525155978,0.9162351899350069
1069,brak churnu,0,2966.7954156975675,862.9898262316495,2483.0171754388566,-483.77824025871087,-0.1630642401895995,-0.5605839438121625
1070,brak churnu,0,714.370461331817,119.9505814356806,625.609599643498,-88.76086168831898,-0.12425046455985891,-0.739978586397382
1071,brak churnu,0,1772.0609615093354,330.9259150745118,1847.1792214622008,75.1182599528654,0.04239033621556911,0.2269941897296005
1072,brak churnu,0,988.9638064084864,181.44899947263582,856.9440625892954,-132.01974381919104,-0.13349299839256296,-0.7275859564003869
1073,brak churnu,0,1543.7664245682656,206.9681329599867,1561.3498949879522,17.58347041968659,0.011389981113628662,0.08495738048275295
1074,brak churnu,0,1010.342464843064,121.81067694136912,1076.7682350821353,66.42577023907131,0.06574579664865338,0.5453197692271581
1075,brak churnu,0,1875.423930799668,252.3043437503788,1943.1635166961885,67.73958589652057,0.03611961262946926,0.2684836292931198
1076,brak churnu,0,808.2318314312816,204.03335164754372,538.6076180989071,-269.62421333237455,-0.33359761747431105,-1.3214712749420272
1077,brak churnu,0,786.0953939977047,219.5449624605978,758.4391151876682,-27.656278810036497,-0.035181835463238,-0.12597091046896614
1078,brak churnu,0,2967.346933970543,373.90354830187783,3082.6541063045474,115.30717233400446,0.038858675746322124,0.3083874781549522
1079,brak churnu,0,2070.9329709565254,416.5538240441474,2070.078539034598,-0.8544319219272438,-0.00041258308883488276,-0.002051192121181173
1080,brak churnu,0,985.8470883575399,160.0122516073046,887.8006612288918,-98.04642712864802,-0.09945399067110625,-0.6127432502435468
1081,brak churnu,0,1020.192666913448,189.92501738688034,672.122952719134,-348.069714194314,-0.34118037257353057,-1.8326691184936965
1082,brak churnu,0,944.9820219152468,218.67835713229888,1367.2352477817103,422.2532258664635,0.44683731126509657,1.9309328614125412
1083,brak churnu,0,1324.5910370680563,300.81682663504284,1259.9511882819947,-64.63984878606152,-0.048799853673432626,-0.21488109395051863
1084,brak churnu,0,746.5605439784952,217.33333916348656,875.9565443108169,129.3960003323217,0.17332284886468496,0.595380353655658
1085,brak churnu,0,5273.75800375909,720.7824392358351,5457.856857687204,184.0988539281143,0.03490847585287194,0.25541528748021897
1086,brak churnu,0,1385.51065820048,246.51293760327394,1292.0966259198744,-93.41403228060562,-0.06742209576498893,-0.37894170256873766
1087,brak churnu,0,3176.751078042953,741.1678062954092,3416.65035883868,239.899280795727,0.07551717931375274,0.3236774165823788
1088,brak churnu,0,4654.729597471686,891.8181731191197,4540.542734958313,-114.18686251337294,-0.02453136323437476,-0.1280382772578027
1089,brak churnu,0,1712.3460810973486,316.8379210743888,1255.805168473325,-456.5409126240236,-0.2666171971097406,-1.4409288858982086
1090,brak churnu,0,1349.0603347855902,225.36480446205874,1611.6582529279422,262.597918142352,0.19465246391970112,1.1652126372135523
1091,brak churnu,0,995.0801568949456,268.91403556790414,1327.3654062831167,332.2852493881711,0.3339281233634847,1.235656029208133
1092,brak churnu,0,1157.415010280353,197.7952150070113,1223.1725446665375,65.75753438618449,0.056814136504291984,0.3324526044973007
1093,brak churnu,0,907.0650035183041,196.52937270484693,653.215695858267,-253.84930766003708,-0.2798579006746064,-1.2916609062874014
1094,brak churnu,0,923.6854936492097,184.490911833181,930.534817043874,6.849323394664339,0.00741521160801679,0.03712553277885895
1095,brak churnu,0,810.8621759408227,223.30650626191957,833.1155826286149,22.25340668779222,0.02744412965368888,0.09965409006798424
1096,brak churnu,0,2535.446188191633,749.4567304489542,5277.335186517614,2741.8889983259805,1.081422674673916,3.658502068136049
1097,brak churnu,0,835.8574966276577,164.4292851083077,990.5025052684348,154.64500864077706,0.18501360490838004,0.940495536053168
1098,brak churnu,0,1145.8716476473671,330.21167079927477,608.5775363956008,-537.2941112517664,-0.46889554546087725,-1.6271202951465955
1099,brak churnu,0,1303.3357553846488,367.4871904430361,1026.1176717402745,-277.21808364437425,-0.212698901644542,-0.7543612154485303
1100,brak churnu,0,1041.01368423062,265.7546228796531,1147.4681345122426,106.45445028162271,0.10226037553031765,0.4005742181569898
1101,brak churnu,0,1586.2087798559055,318.73461525780135,1677.2395663112998,91.03078645539426,0.05738890593183054,0.2856005657928495
1102,brak churnu,0,402.9672771666668,103.34793157645343,389.27314932593976,-13.694127840727049,-0.03398322547928172,-0.13250509837825422
1103,brak churnu,0,1033.6993477438293,199.98524727305198,1057.3606120925606,23.661264348731265,0.022889889986266086,0.11831504909172179
1104,brak churnu,0,639.4384988602989,174.66654639227244,804.7678001662108,165.32930130591194,0.2585538743766384,0.9465424531530464
1105,brak churnu,0,1785.1348698349464,387.9909736839039,1956.4474836489114,171.31261381396507,0.0959662021670131,0.4415376269900892
1106,brak churnu,0,956.2343779923111,115.60778496139756,1043.5548685874546,87.3204905951435,0.09131703754311751,0.755316699686795
1107,brak churnu,0,743.3092951081612,180.69377743802994,797.8161875538542,54.50689244569298,0.07333002937594305,0.3016534006788721
1108,brak churnu,0,1559.627317597717,378.7412597369626,1957.6234506206947,397.9961330229778,0.2551866901356976,1.0508391224642062
1109,brak churnu,0,883.2931818558369,224.0745921613795,990.0292683213819,106.73608646554499,0.1208387981001822,0.4763417638563554
1110,brak churnu,0,4609.547113933593,1354.2063409548352,2726.250268261474,-1883.2968456721192,-0.40856439887106244,-1.3907015413502113
1111,brak churnu,0,560.7996641592692,87.64564333490242,686.9149889611394,126.1153248018702,0.22488480800169125,1.4389229173659144
1112,brak churnu,0,763.9968063265165,153.2989550313794,513.5822096342408,-250.41459669227572,-0.3277691668586029,-1.6335049162012705
1113,brak churnu,0,1941.0835826753175,509.6505436421557,1555.596292437233,-385.4872902380846,-0.1985938646221421,-0.7563757069368483
1114,brak churnu,0,1397.453908537795,184.1039147937531,1677.2734222014772,279.8195136636821,0.2002352363495602,1.5198998564324757
1115,brak churnu,0,1468.8941316304015,394.8107206167057,897.4361793584198,-571.4579522719816,-0.389039577438907,-1.4474225810772006
1116,brak churnu,0,1840.8507579734462,258.7252818088453,1819.065429415349,-21.785328558097262,-0.011834380632833198,-0.0842025503104601
1117,brak churnu,0,766.5217862782268,193.73953763266323,895.9995438471492,129.47775756892236,0.1689159524057225,0.6683083853251297
1118,brak churnu,0,1640.2488437403372,226.75461710812553,1698.4574401608982,58.20859642056098,0.03548766191343574,0.25670302621800567
1119,brak churnu,0,3294.8830682762764,708.5583403606178,3086.3051912782166,-208.57787699805976,-0.06330357486925253,-0.2943693766866183
1120,brak churnu,0,1691.497717667433,273.7468044171331,1696.8576480481233,5.35993038069023,0.0031687482192299657,0.019579882921748424
1121,brak churnu,0,2181.0454515826846,292.90613944762896,2592.923410083276,411.8779585005914,0.18884428025179872,1.4061772801257186
1122,brak churnu,0,1655.361943514423,355.1705154584614,1435.6314316054581,-219.7305119089649,-0.1327386513685733,-0.6186620294911931
1123,brak churnu,0,1335.0347778861749,206.14469332689112,1437.0395903095,102.00481242332512,0.0764061087493423,0.49482143234981263
1124,brak churnu,0,1146.4597690105552,208.77075996611254,1068.019120537038,-78.44064847351729,-0.06841988754757176,-0.3757262199277796
1125,brak churnu,0,1857.4861500241052,461.6340263350392,2084.9453009123085,227.45915088820334,0.12245536844797014,0.49272613783265784
1126,brak churnu,0,1947.1048492233044,244.35052736037994,1761.2928889535822,-185.81196026972225,-0.09542986878382138,-0.7604320001964956
1127,brak churnu,0,771.8865734777194,109.5952054835151,849.8544464702542,77.96787299253481,0.10100949501071399,0.7114168238341635
1128,brak churnu,0,875.9888642065155,187.43816752264593,636.5084485703383,-239.4804156361772,-0.27338294517374073,-1.2776502182099259
1129,brak churnu,0,2468.316254267955,345.68288096248864,2268.8966420204965,-199.41961224745864,-0.08079175912026793,-0.5768859935794692
1130,brak churnu,0,2476.1162121091484,629.7370543494504,1652.8337373180834,-823.2824747910649,-0.3324894327515409,-1.3073432301701804
1131,brak churnu,0,1286.861768944898,244.36191231085414,967.113153179459,-319.7486157654389,-0.24847161014628774,-1.3085043112556958
1132,brak churnu,0,2326.4934477867123,648.0330747647517,2409.5883230013446,83.09487521463234,0.03571678884102763,0.12822628728448365
1133,brak churnu,0,681.4361266953375,101.31792616355969,668.5891074045883,-12.847019290749245,-0.018852859112491703,-0.12679907472652002
1134,brak churnu,0,1643.7122434830244,225.7112982968734,1946.3647570954163,302.6525136123919,0.18412743155765,1.3408833137556069
1135,brak churnu,0,931.3229619063964,242.20449811297615,389.386708852428,-541.9362530539684,-0.5818993788627712,-2.2375152289747424
1136,brak churnu,0,5185.206629372229,764.7723325808214,6220.037692760103,1034.8310633878737,0.1995737368547568,1.3531230397623104
1137,brak churnu,0,755.8443648197141,210.91408293834303,846.1141695009999,90.26980468128579,0.11942909001222385,0.42799325404778477
1138,brak churnu,0,1317.869946286488,375.35581692716266,1213.0610606994326,-104.80888558705533,-0.07952900502996313,-0.2792254198831115
1139,brak churnu,0,1031.4333860873523,136.15972252728355,1110.9285194771371,79.49513338978477,0.07707248423608067,0.5838373633131899
1140,brak churnu,0,1144.085268132755,162.21997599384673,1188.7539990755117,44.66873094275684,0.03904318339459089,0.2753590035326549
1141,brak churnu,0,2116.575198576509,402.8533840843212,1753.8627075592174,-362.71249101729177,-0.1713676373328158,-0.90035855561132
1142,brak churnu,0,1092.5373179340904,277.7426288029505,1431.0504643187141,338.5131463846237,0.3098412665891612,1.2188015496346007
1143,brak churnu,0,1160.3255707633093,250.42274286462379,1100.9498776247772,-59.37569313853214,-0.05117158031730042,-0.2371018401097463
1144,brak churnu,0,520.7528475753452,81.12643236224427,638.5424752093874,117.78962763404218,0.22619103895922485,1.4519266311143828
1145,brak churnu,0,593.3291694289977,111.24997741936276,747.3396336290072,154.01046420000944,0.2595700197046178,1.3843640041333107
1146,brak churnu,0,1239.7082995081,167.61479563639432,1201.0832011758914,-38.62509833220861,-0.031156602200319655,-0.23043967082713737
1147,brak churnu,0,4381.061588722641,1006.0553813312229,5071.817285459998,690.7556967373566,0.15766856565437054,0.6865980835203541
1148,brak churnu,0,1759.5322051402422,483.16976625547363,2613.9516738619045,854.4194687216623,0.48559467466727124,1.7683628579315789
1149,brak churnu,0,1434.1344241088293,398.68621603577276,2016.1100111488504,581.9755870400211,0.40580267599507663,1.459733403443781
1150,brak churnu,0,1745.8727387866652,248.90250928741517,1912.903348226579,167.03060943991386,0.0956716980162,0.6710684031193861
1151,brak churnu,0,805.3025409500152,212.93226442268877,732.2357469525734,-73.06679399744178,-0.09073210412479873,-0.343145714415538
1152,brak churnu,0,707.9558192216697,109.45997742492222,797.2562257770962,89.30040655542655,0.12613838905032787,0.8158270141858657
1153,brak churnu,0,502.1497352905092,146.0240447109364,681.068554503169,178.9188192126598,0.3563057124965917,1.2252695750678637
1154,brak churnu,0,1393.281428465826,218.164421160622,1629.2995597756835,236.0181313098576,0.16939731377152037,1.081836030156773
1155,brak churnu,0,958.516526963746,175.58857104252834,713.3817234514592,-245.1348035122868,-0.25574395079946133,-1.3960749384589162
1156,brak churnu,0,486.6012278620227,132.89305530828764,221.9793883762427,-264.62183948578,-0.5438166291697364,-1.9912390370731234
1157,brak churnu,0,534.3717453655624,103.78759749063416,452.9402674416436,-81.43147792391886,-0.15238731955824458,-0.7845973882502414
1158,brak churnu,0,638.1586312759806,84.26937395278563,599.3047873465174,-38.85384392946321,-0.06088430372206362,-0.4610671956722048
1159,brak churnu,0,1314.886026430913,362.97390511934805,1373.7267375005065,58.84071106959345,0.04474966642493639,0.16210727614219614
1160,brak churnu,0,3933.2438067897597,1084.6709910320071,1827.2720112106263,-2105.9717955791334,-0.5354287450840706,-1.941576582199744
1161,brak churnu,0,1348.0028598094968,362.3089108832285,1998.9856330472635,650.9827732377667,0.48292388142986964,1.7967616961195227
1162,brak churnu,0,1762.3764175163276,410.78560182874475,1551.9952355716823,-210.38118194464528,-0.1193735798173753,-0.5121435147874354
1163,brak churnu,0,1378.4537407246269,225.40240609401192,1134.590369093108,-243.86337163151893,-0.17691081276570414,-1.0819022558694746
1164,brak churnu,0,834.3812830031349,155.46668613844852,864.8309137907614,30.449630787626575,0.036493664716484506,0.19585952170171114
1165,brak churnu,0,970.601263845858,153.7022984281648,862.442090169792,-108.15917367606608,-0.11143522855874101,-0.7036926238719584
1166,brak churnu,0,1067.7354668410023,263.23357874237036,1058.6197371776054,-9.115729663396905,-0.008537442041114045,-0.03462981321360438
1167,brak churnu,0,1248.1214243732895,341.27389236737537,993.2303813452322,-254.8910430280573,-0.2042197482156385,-0.7468811670881392
1168,brak churnu,0,819.3684544018544,120.58454345741859,640.0134659175366,-179.3549884843178,-0.21889418310013947,-1.487379587315455
1169,brak churnu,0,2956.037265885511,575.9915038733524,2904.4417698403304,-51.595496045180425,-0.017454277941832533,-0.08957683524534264
1170,brak churnu,0,527.714569616983,123.82968173439875,418.8492271542557,-108.86534246272731,-0.20629588177135633,-0.8791538582504934
1171,brak churnu,0,1108.6155377516088,295.16892127805744,1018.8981807302631,-89.71735702134572,-0.08092738552384188,-0.30395258631185446
1172,brak churnu,0,596.5202032198646,134.80312824969928,768.4504199784803,171.93021675861576,0.28822195095921327,1.2754171137641925
1173,brak churnu,0,749.7992787479315,184.1518787861595,934.6202661537927,184.82098740586127,0.24649395197403845,1.0036334607287865
1174,brak churnu,0,1580.5380292108134,197.20345292088786,1896.3198524925333,315.7818232817199,0.19979387869546836,1.601299665926246
1175,brak churnu,0,283.96474066242223,81.38219955421182,216.3266979039387,-67.63804275848352,-0.23819169450650826,-0.8311159335700581
1176,brak churnu,0,2380.6750110295393,607.9643384321824,2741.7119271316615,361.0369161021222,0.15165317165486997,0.5938455486273482
1177,brak churnu,0,862.2770740680774,112.40630287244522,827.3229413682376,-34.95413269983976,-0.04053700805813157,-0.31096239095688877
1178,brak churnu,0,2475.415805651412,351.45847336803797,2376.0954076720577,-99.32039797935431,-0.04012271302162826,-0.28259497353290053
1179,brak churnu,0,1499.3056115106492,328.6115258599617,1057.3542659524412,-441.951345558208,-0.2947706872869721,-1.344905186760084
1180,brak churnu,0,942.9920329342517,268.22387338859227,585.7590227325413,-357.2330102017104,-0.37882929836653007,-1.3318464374129932
1181,brak churnu,0,1539.5146041608814,228.99348924577873,1563.5159743600348,24.00137019915337,0.015590219238118506,0.10481245680043198
1182,brak churnu,0,1470.1148020853243,335.21895724122845,1531.088335289727,60.973533204402656,0.04147535493004566,0.18189166181471417
1183,brak churnu,0,1482.6182812915672,273.53161120044064,1542.1268241048315,59.508542813264285,0.04013746731992543,0.21755636415148064
1184,brak churnu,0,2891.6869668309873,656.5739034621698,1945.964105655033,-945.7228611759542,-0.32704883758990555,-1.4403905732303361
1185,brak churnu,0,1607.3596926884766,443.8614009568515,1737.3567392732157,129.9970465847391,0.08087613940804096,0.2928775656195803
1186,brak churnu,0,544.5840514902247,158.39752335849914,821.4231993539028,276.839147863678,0.508349715909092,1.7477492197722777
1187,brak churnu,0,993.6062082355679,233.30184518183538,864.3330157421575,-129.27319249341042,-0.13010505713623907,-0.5541027435623364
1188,brak churnu,0,532.2966722190677,71.70029187299309,509.0866768818267,-23.20999533724097,-0.0436034950969764,-0.3237085196020427
1189,brak churnu,0,522.1606967739507,123.06128422750047,258.34393808393264,-263.81675869001805,-0.5052405520368518,-2.143783565611962
1190,brak churnu,0,1441.9603427155605,224.71769237249438,1810.7024441442668,368.7421014287063,0.25572277579720093,1.640912638144555
1191,brak churnu,0,999.6524003903835,284.1472483392795,849.1483959780261,-150.5040044123574,-0.15055633773657992,-0.5296690546608833
1192,brak churnu,0,524.1133505068956,125.18494387613643,811.9051822711762,287.7918317642806,0.5491022724110024,2.2989332650820584
1193,brak churnu,0,2005.5685487204062,468.947121623687,2589.2409595499244,583.6724108295182,0.291025909436959,1.2446444042744207
1194,brak churnu,0,2087.3190627054855,561.3953388572663,2306.706036223462,219.38697351797646,0.10510466628595692,0.3907887335946606
1195,brak churnu,0,2193.143565225097,389.9175821626881,2067.114019760577,-126.0295454645202,-0.057465251004479925,-0.3232209862543105
1196,brak churnu,0,2309.031526034865,538.2190480373289,1873.9865881518724,-435.0449378829924,-0.1884101334164389,-0.8083046103058382
1197,brak churnu,0,577.5330477486995,137.44995605453195,624.4344903087658,46.90144256006636,0.08120997186722805,0.34122559152698934
1198,brak churnu,0,3373.8241070009585,854.2552141173481,3848.511240211399,474.6871332104406,0.1406970601180501,0.5556736738222979
1199,brak churnu,0,2114.40102305289,573.746262611405,2193.154318487204,78.75329543431371,0.0372461489451066,0.1372615397542953
1200,brak churnu,0,1366.1597565019242,317.38486955008256,992.1382387044628,-374.02151779746146,-0.2737758274736112,-1.1784478520594435
1201,brak churnu,0,626.5336196662068,83.97956823008893,687.2820210381815,60.74840137197464,0.09695952374325749,0.7233712038806265
1202,brak churnu,0,526.9207764553174,66.31475232211899,500.5058388690069,-26.414937586310543,-0.05013075734839716,-0.39832671707800316
1203,brak churnu,0,1240.1023956105512,361.91959332309386,1121.4799915135213,-118.62240409702986,-0.09565533017023758,-0.3277590003012988
1204,brak churnu,0,777.9675914334455,177.7398712015938,894.4924921283458,116.52490069490034,0.1497811759487271,0.6555923547549835
1205,brak churnu,0,893.7223193412875,148.66075093443777,735.347010875265,-158.3753084660225,-0.17720863073303578,-1.0653471576762654
1206,brak churnu,0,2753.8900753826897,536.6515153120918,2784.6656291083714,30.775553725681675,0.011175302166483533,0.0573473713342336
1207,brak churnu,0,1259.0418399791317,217.18992228577522,1269.475552404342,10.43371242521016,0.008287025969989287,0.048039578979551543
1208,brak churnu,0,260.5574777271052,48.01582050591921,353.92616366852377,93.36868594141856,0.35834199331330735,1.9445400486264401
1209,brak churnu,0,1278.8484802300154,191.02491551377045,1332.544263529022,53.69578329900651,0.04198760379286584,0.2810930875409063
1210,brak churnu,0,4388.881188483867,1016.1404082785823,3068.718805788224,-1320.162382695643,-0.3007970200149554,-1.2991928791928435
1211,brak churnu,0,896.2105758564476,239.71531002850455,995.8029219167303,99.5923460602827,0.1111260553526821,0.4154609317545891
1212,brak churnu,0,998.3277746108896,283.03653249995153,605.8232473175497,-392.50452729333995,-0.39316198274291564,-1.3867627752025515
1213,brak churnu,0,1491.824193427763,340.1300420434688,1608.2916949179182,116.4675014901552,0.07807052734715873,0.3424205071402384
1214,brak churnu,0,3971.400094958355,543.7839017050032,2995.8681339977193,-975.5319609606358,-0.24563930544269816,-1.7939699169135226
1215,brak churnu,0,4426.475313351565,895.0973551796184,5041.897878551329,615.422565199764,0.13903219189847657,0.6875481886283394
1216,brak churnu,0,1056.9431341561321,203.17475145273275,1129.290129290796,72.34699513466376,0.06844927867611904,0.35608260680705106
1217,brak churnu,0,870.3206140014595,230.46175518961695,786.6400707962857,-83.68054320517376,-0.09614909937665045,-0.36309947885419835
1218,brak churnu,0,548.9926007055925,73.40375981071398,338.5577525147081,-210.4348481908844,-0.38331090058485867,-2.8668129361974373
1219,brak churnu,0,2787.8399793673857,461.1058848612579,3290.410669198318,502.5706898309322,0.18027243082473304,1.0899246926378974
1220,brak churnu,0,590.6813150775351,141.94892193315198,562.5956809572418,-28.08563412029332,-0.04754786278724034,-0.19785732598603104
1221,brak churnu,0,6626.422543034601,873.8732347564891,6101.746043424601,-524.6764996100001,-0.07917945108428326,-0.6004034438200924
1222,brak churnu,0,1775.7268707978703,505.70840664481364,862.9878475875003,-912.7390232103701,-0.5140086790488549,-1.8048721579814195
1223,brak churnu,0,902.8679105337305,217.478334718646,1078.56789641112,175.6999858773895,0.19460209386943925,0.8078965019880919
1224,brak churnu,0,1118.1788424352164,219.11532156182147,1319.641769746058,201.46292731084145,0.18017057707163114,0.9194378826402627
1225,brak churnu,0,1313.1394710102666,336.73962292984476,1676.5004073099728,363.3609362997063,0.2767116093313026,1.0790560764374548
1226,brak churnu,0,1841.9471344123986,249.3315732902842,1238.9177788044708,-603.0293556079278,-0.3273868963673058,-2.4185840070316766
1227,brak churnu,0,2744.8637880373713,624.5878478384877,3002.0573977040367,257.19360966666545,0.09369995363251292,0.4117813219657344
1228,brak churnu,0,1437.6294877894754,207.36285329127344,1096.2450792024176,-341.3844085870578,-0.23746341563428594,-1.6463141935432872
1229,brak churnu,0,344.5156503332518,80.70825485090046,420.81756693492923,76.30191660167742,0.22147590835966427,0.9454041193510718
1230,brak churnu,0,853.5320147091808,202.2065026351787,816.6300223549216,-36.901992354259164,-0.043234456023108374,-0.1824965660023199
1231,brak churnu,0,524.5660665503628,118.87855357601345,532.914826446636,8.348759896273123,0.01591555464343321,0.07022931929378456
1232,brak churnu,0,1551.476526546539,384.3404914189365,2326.045533987239,774.5690074407003,0.49924635931478006,2.01531981337977
1233,brak churnu,0,696.3640682514222,199.19588239752167,992.9414331726202,296.57736492119807,0.42589412412663263,1.4888729694188096
1234,brak churnu,0,2669.968659309568,639.4310790455247,1969.9965188696378,-699.9721404399302,-0.2621649276665806,-1.0946795727927
1235,brak churnu,0,6712.439164867673,1764.7302102326344,7864.305809204638,1151.8666443369648,0.17160180018699245,0.6527154335875062
1236,brak churnu,0,1145.4821163459162,304.16609504029134,1451.7445375470706,306.26242120115444,0.2673655195753998,1.0068920441661502
1237,brak churnu,0,690.6988989027659,121.7740620069099,760.6808622289622,69.98196332619625,0.10132050802074329,0.574686942135717
1238,brak churnu,0,1729.414133683069,349.2978053999143,1482.7019226060727,-246.71221107699625,-0.14265652527748368,-0.7063090785655901
1239,brak churnu,0,3905.216627144917,906.862876674507,4752.721031439854,847.5044042949376,0.21701853833254406,0.9345452615755552
1240,brak churnu,0,6488.228444697271,1301.3486547388427,7349.427864765166,861.1994200678955,0.13273259833687584,0.6617745497579377
1241,brak churnu,0,2037.7680515969269,484.5005174116752,3173.013403088933,1135.2453514920062,0.5571023407705085,2.343125158166549
1242,brak churnu,0,817.9526871663246,168.17271297286993,850.0458010659123,32.093113899587706,0.039235904965077534,0.19083425207491927
1243,brak churnu,0,762.9950690475813,125.49006135226092,1035.752801918592,272.7577328710107,0.35748295622864795,2.173540517327164
1244,brak churnu,0,768.301568985814,93.21121486846981,804.4247203117287,36.123151325914705,0.04701689126263087,0.38754082732306433
1245,brak churnu,0,4667.466720938385,1238.7241543157377,5071.298472551801,403.8317516134157,0.08652054224657141,0.32600619775311435
1246,brak churnu,0,2022.6653153293319,468.2986370382276,1981.940280089582,-40.725035239749786,-0.020134342014521026,-0.08696381329938692
1247,brak churnu,0,797.0071997735564,141.56576579026833,988.1999571696089,191.19275739605246,0.2398883692021523,1.3505578578885182
1248,brak churnu,0,1112.8383503170455,283.4761300600347,943.2833189564542,-169.55503136059133,-0.15236267811249085,-0.5981280728105146
1249,brak churnu,0,1433.703605982823,406.71305832695685,1144.551050631538,-289.1525553512852,-0.20168224041890948,-0.7109497701911387
1250,brak churnu,0,889.2688379500922,236.91166725508802,513.2746184834851,-375.9942194666071,-0.42281276867109646,-1.5870650180422132
1251,brak churnu,0,1006.7973710408874,125.39374190111513,889.3913225635383,-117.40604847734903,-0.11661338403771122,-0.9362991062977836
1252,brak churnu,0,826.2659454832902,187.52867451896444,832.9256664026506,6.659720919360325,0.008060021057100441,0.03551308052724939
1253,brak churnu,0,893.3535563703515,210.75477811204902,782.0491760464143,-111.30438032393715,-0.12459163511494933,-0.5281226898910996
1254,brak churnu,0,5533.65233125831,1486.0318230100897,4607.623072121345,-926.0292591369653,-0.16734503790670804,-0.6231557391962244
1255,brak churnu,0,818.6388268668993,118.89537710181547,747.9495731535199,-70.68925371337946,-0.0863497447145549,-0.5945500610410198
1256,brak churnu,0,832.9684650467844,126.03894203660346,861.6078809745006,28.639415927716186,0.03438235314959688,0.2272267242563723
1257,brak churnu,0,1582.7223276200566,448.70781303812936,1278.178897208571,-304.5434304114856,-0.19241747279159718,-0.6787121185821802
1258,brak churnu,0,1230.2000685826083,294.1228224758982,1343.5876341338162,113.3875655512079,0.09217002050881766,0.3855109392624552
1259,brak churnu,0,881.4631042490355,117.20633148451854,869.3961454352223,-12.066958813813244,-0.013689692462050033,-0.10295483751581402
1260,brak churnu,0,548.9576684819385,114.85132652760491,527.0588251499778,-21.898843331960734,-0.03989167943043542,-0.19067122682903687
1261,brak churnu,0,820.2863038905184,172.0777509053595,728.4706195856199,-91.81568430489847,-0.111931265790283,-0.5335709225732261
1262,brak churnu,0,1179.631591559447,240.3059818291073,879.9919547556485,-299.63963680379857,-0.25401120057125764,-1.2469087724037022
1263,brak churnu,0,1873.779079069631,468.1107393591445,1533.4888595279117,-340.29021954171935,-0.1816063714996115,-0.7269438424070025
1264,brak churnu,0,971.4497730556108,156.09416436111442,826.488711156746,-144.96106189886473,-0.14922136575615466,-0.9286770103942263
1265,brak churnu,0,1469.0428680863479,190.50973830937247,1068.3494543366787,-400.69341374966916,-0.27275814916935226,-2.103269981395782
1266,brak churnu,0,2231.527209580346,457.23132201877985,1618.8462799309018,-612.6809296494444,-0.27455678201865313,-1.339980224767453
1267,brak churnu,0,1281.0012105438764,353.1391404657751,1884.380528266001,603.3793177221246,0.47102166083507996,1.7086163740623417
1268,brak churnu,0,2437.271217815525,573.851752319239,1744.5891807151615,-692.6820371003632,-0.28420392118740057,-1.2070748835406846
1269,brak churnu,0,917.418156701947,190.68316844056432,763.7355399738476,-153.68261672809945,-0.1675164325072631,-0.8059579562524529
1270,brak churnu,0,710.3628962561837,108.00905447679297,908.6974428946136,198.33454663842986,0.27920172588364317,1.8362770380611413
1271,brak churnu,0,1355.9769474998438,396.69124485584666,1862.2230114923818,506.246063992538,0.37334415229252726,1.2761715075826854
1272,brak churnu,0,1970.100240442065,384.2363128403773,2317.0489971173843,346.9487566753194,0.17610715919585318,0.9029567094025591
1273,brak churnu,0,2179.9676434048124,620.5863214903064,2127.324648054157,-52.64299535065538,-0.02414852142870992,-0.0848278370432592
1274,brak churnu,0,981.4631646668482,181.61305230792,952.8793002357485,-28.583864431099755,-0.02912372614697402,-0.15738882237735088
1275,brak churnu,0,1425.1900536814408,177.5753611627069,1319.7359953409086,-105.45405834053213,-0.07399297944027279,-0.5938552378553676
1276,brak churnu,0,2675.1921050975966,419.21111503636394,2350.1010185722894,-325.0910865253072,-0.12152065113598533,-0.775482984264641
1277,brak churnu,0,717.4835137048897,92.75201165734832,529.8737765728417,-187.60973713204794,-0.2614829937531,-2.0227026215359123
1278,brak churnu,0,2334.998886075257,669.1902970127924,2839.515117841319,504.516231766062,0.21606701175522594,0.7539204229621661
1279,brak churnu,0,574.2108036809813,147.3439534282452,800.3853193017995,226.17451562081828,0.3938876004612338,1.5350104999793064
1280,brak churnu,0,5149.457347070736,867.255293020352,5491.737602788617,342.2802557178802,0.0664691894015951,0.3946707024708212
1281,brak churnu,0,934.3711020977199,246.03362028631992,1167.5168326737382,233.1457305760183,0.24952155524993438,0.9476173634509649
1282,brak churnu,0,1334.382577208114,281.453150819462,1207.073542631268,-127.30903457684599,-0.09540669726309722,-0.4523276225765485
1283,brak churnu,0,1651.114217787455,361.0600943582783,1683.4972983420962,32.38308055464131,0.01961286518266172,0.08968889406678027
1284,brak churnu,0,992.0411097687023,193.90549717524266,1044.1840155184714,52.14290574976906,0.05256123484834852,0.26890885771353223
1285,brak churnu,0,2372.4422609554913,709.6062347098909,1468.126885188049,-904.3153757674422,-0.38117487226147834,-1.2743904034850462
1286,brak churnu,0,1840.2191805486266,358.95680886966267,2448.591304372899,608.3721238242722,0.3305976430714615,1.6948337760746373
1287,brak churnu,0,1091.3698814668985,134.0984646062477,906.4673521504053,-184.9025293164932,-0.16942242264187068,-1.3788564235945662
1288,brak churnu,0,1151.9877545331692,168.60501728654862,1176.7467475673113,24.758993034142122,0.021492409912096194,0.14684612256860405
1289,brak churnu,0,714.3160869739828,132.34180114945605,862.6700912753028,148.35400430131995,0.20768677481391143,1.1209912742065602
1290,brak churnu,0,2317.0477705988624,413.8216025900845,2572.051977520819,255.00420692195667,0.11005565364586699,0.6162177260101954
1291,brak churnu,0,3412.964482549232,626.3265154821395,3814.66366071565,401.6991781664183,0.11769802475834108,0.6413574521225475
1292,brak churnu,0,526.2091561560454,74.39075983405687,592.3831905015576,66.17403434551215,0.12575614386665762,0.8895464234150353
1293,brak churnu,0,3601.251612079695,761.1157112730799,2561.0884711480694,-1040.1631409316255,-0.28883378696523215,-1.3666294434939428
1294,brak churnu,0,1188.018463651555,249.31013413744907,1065.6999435187677,-122.3185201327874,-0.10296011709853638,-0.49062795042800406
1295,brak churnu,0,638.7986005679924,100.06126504451257,650.2176270879293,11.419026519936892,0.017875785121920403,0.11412034931656223
1296,brak churnu,0,562.229189597812,82.36302765672261,583.246993950917,21.01780435310502,0.03738298320679509,0.25518494099930666
1297,brak churnu,0,683.6292731078499,84.21202617699304,669.2498208668435,-14.379452241006447,-0.021033991384886076,-0.17075295410639288
1298,brak churnu,0,1560.3913615981749,380.55081461755725,1198.640640704385,-361.7507208937898,-0.23183332707204915,-0.9505976784134307
1299,brak churnu,0,1787.608951596245,230.93119627344123,1933.820248204221,146.21129660797578,0.08179154421743996,0.6331379171259728
1300,brak churnu,0,956.7054782292371,213.90863912451135,614.3801724985201,-342.325305730717,-0.35781681355512435,-1.600334175991168
1301,brak churnu,0,1063.6371313044972,148.9881205320093,1038.8644272828778,-24.772704021619347,-0.023290559620870774,-0.16627301514483542
1302,brak churnu,0,4096.293532933967,709.8061133422772,4437.7603067025375,341.4667737685704,0.08335993771520449,0.4810704886165315
1303,brak churnu,0,409.07850111652914,65.98368369272211,293.1900245463179,-115.88847657021125,-0.28329153513056293,-1.7563202004587926
1304,brak churnu,0,669.7594215243607,171.7012952931406,659.9412303646992,-9.818191159661524,-0.014659280398498153,-0.05718181183723287
1305,brak churnu,0,1806.8289499968544,477.95523646116163,1852.0822794346732,45.25332943781882,0.025045718598817893,0.09468110397299953
1306,brak churnu,0,1220.149360516275,319.5306013727351,1416.2846010185062,196.13524050223123,0.16074691086937226,0.6138230255869542
1307,brak churnu,0,833.3044700583148,168.7771655838631,476.45530388553874,-356.84916617277605,-0.42823383168435863,-2.1143213593989554
1308,brak churnu,0,1066.5863782579893,217.28317624043768,951.1808095114551,-115.40556874653419,-0.10820086502044143,-0.5311297945075627
1309,brak churnu,0,2399.3457706722315,297.7157398420164,2125.149021620385,-274.1967490518464,-0.11427979760292069,-0.9210018563255997
1310,brak churnu,0,1065.7872265855938,166.8080024093527,658.844496774222,-406.9427298113718,-0.3818236132507168,-2.439587573339078
1311,brak churnu,0,1211.7116992660333,338.99796617692925,1158.6606809350958,-53.051018330937495,-0.04378188174882849,-0.15649361832232703
1312,brak churnu,0,798.886352473067,171.4232795972236,949.7193193438634,150.83296687079644,0.18880403502184187,0.8798861346323196
1313,brak churnu,0,663.4835457592164,139.47287537191275,761.1439092150323,97.66036345581585,0.14719334651180271,0.7002104401690914
1314,brak churnu,0,2164.749071561011,531.0569745344076,3033.656785884522,868.9077143235108,0.40138957708245476,1.636185486661401
1315,brak churnu,0,1261.6620068071386,371.53634961426263,1898.207632833834,636.5456260266953,0.5045294402084659,1.7132795396401221
1316,brak churnu,0,951.5017547272081,147.31509503991597,850.2901002375057,-101.21165448970237,-0.10637043388187903,-0.6870419793862836
1317,brak churnu,0,1387.667664725413,255.68262053519126,1343.4567210156663,-44.21094370974674,-0.03185989328251376,-0.17291337055762734
1318,brak churnu,0,539.9046080180203,99.95609251052511,489.7843857966234,-50.12022222139694,-0.09283162521132639,-0.5014223841945344
1319,brak churnu,0,523.9474058837923,153.38212098060743,516.4820099455428,-7.465395938249458,-0.014248368928665387,-0.04867187838140099
1320,brak churnu,0,405.4124480930402,77.31148591766893,440.7529605923289,35.34051249928871,0.08717174982051422,0.45711852617764664
1321,brak churnu,0,2564.9093194485504,560.4624304995849,2731.833552559077,166.92423311052653,0.06507997450234025,0.2978330464750931
1322,brak churnu,0,1201.4965766207226,244.26241990607113,845.9246084418296,-355.57196817889303,-0.29594089163279963,-1.4556965754929676
1323,brak churnu,0,2160.2025456228002,604.5737843892887,2380.7516254399743,220.54907981717406,0.10209648176930018,0.36480093168439665
1324,brak churnu,0,947.0130292063379,124.98524998819842,1088.943778773481,141.93074956714304,0.1498720135731298,1.1355799950837773
1325,brak churnu,0,1140.8543125544393,325.58516139937814,1529.7748015946786,388.9204890402393,0.3409028521524573,1.194527684765004
1326,brak churnu,0,1207.2493943712889,355.4395395493237,1699.7732659560468,492.5238715847579,0.4079719351122594,1.3856755278527793
1327,brak churnu,0,1257.8254984935154,298.65726870586684,1584.3253924721369,326.49989397862146,0.25957487296104825,1.0932260091756731
1328,brak churnu,0,2702.8303198604376,542.412009788281,3366.3929084219303,663.5625885614927,0.24550656535322432,1.2233552660836182
1329,brak churnu,0,2243.7292564439044,653.189447358715,1547.098660120529,-696.6305963233754,-0.3104789021771138,-1.0665062014402134
1330,brak churnu,0,1386.21294233751,286.9365756363629,1546.8617784991263,160.64883616161637,0.11589044601670022,0.5598757697771092
1331,brak churnu,0,676.2448517403055,194.63428113580838,713.6899314037844,37.44507966347885,0.05537207354276269,0.19238686753928566
1332,brak churnu,0,978.6155638077877,145.17669943771324,1055.146596572862,76.53103276507443,0.0782033676914892,0.5271578225809533
1333,brak churnu,0,1527.7814007653155,337.13830990961185,1696.5158276669217,168.73442690160618,0.11044409024555582,0.5004902200133962
1334,brak churnu,0,4675.770345935804,1156.6821787681838,5253.756146435528,577.9858004997241,0.12361295738190209,0.49969283793691177
1335,brak churnu,0,496.51430371512186,69.80983740716151,434.07203217072095,-62.44227154440091,-0.1257612743020341,-0.89446235464223
1336,brak churnu,0,1002.845591639433,183.65525078642972,1112.4289091825392,109.5833175431062,0.10927237299209888,0.5966794691350219
1337,brak churnu,0,643.9631290375528,160.14176535522168,413.5647770419155,-230.3983519956373,-0.3577819002463441,-1.4387149503727186
1338,brak churnu,0,1006.6174456711767,241.34582775491688,964.9766505025499,-41.64079516862682,-0.0413670509563464,-0.1725357987580893
1339,brak churnu,0,1707.0160548810925,441.87800066906584,2556.816647377578,849.8005924964857,0.49782811946410266,1.9231565979971108
1340,brak churnu,0,975.4398581659758,138.91219176167866,1003.923188473056,28.483330307080223,0.029200498696695297,0.2050455755240473
1341,brak churnu,0,896.5106352297902,193.82228318972466,1063.2552799475727,166.74464471778253,0.18599293546031742,0.8602965663889278
1342,brak churnu,0,1502.7821166639071,260.5389436785101,1348.529554126469,-154.25256253743805,-0.10264466207507858,-0.5920518459143549
1343,brak churnu,0,616.6087160437689,94.58220351077611,584.2828929013356,-32.325823142433364,-0.052425180347497345,-0.34177489995515237
1344,brak churnu,0,1058.246935493288,229.0368382085689,1050.924115682427,-7.322819810860892,-0.006919764721499009,-0.031972235855755565
1345,brak churnu,0,895.6667081132375,185.8400447232941,670.5866049252361,-225.08010318800143,-0.25129894987628026,-1.2111496395899692
1346,brak churnu,0,5364.799666329106,965.7350344171109,5460.38073312402,95.58106679491357,0.01781633476358968,0.09897235099542959
1347,brak churnu,0,1055.8752767003557,156.18641670907783,989.0074795394635,-66.86779716089222,-0.0633292573814743,-0.42812812131700406
1348,brak churnu,0,875.3241468405588,108.69328604073765,1038.5481840596567,163.2240372190979,0.1864726773598642,1.5016938319255748
1349,brak churnu,0,690.7983572672301,154.21216947931433,534.2954814331749,-156.5028758340552,-0.2265536305748817,-1.0148542515319983
1350,brak churnu,0,734.7024721701864,163.47614997222274,862.1315233407896,127.4290511706032,0.17344306844946283,0.7794962824378692
1351,brak churnu,0,524.975806852748,65.61163352439779,393.9441839323227,-131.03162292042526,-0.24959554556611924,-1.9970791135950143
1352,brak churnu,0,2426.5027606154977,513.4376337351167,2131.2107938301433,-295.29196678535436,-0.12169446974395846,-0.5751272352927989
1353,brak churnu,0,1995.353366866087,547.4868864503037,2227.7204012295365,232.36703436344942,0.11645407686780129,0.4244248403281925
1354,brak churnu,0,1082.760571512147,321.10134785689854,1222.202762173824,139.44219066167716,0.12878395679567173,0.43426224023145715
1355,brak churnu,0,1467.1851430519068,395.3034706752946,1059.2242007234984,-407.96094232840846,-0.27805689299702474,-1.0320196319842352
1356,brak churnu,0,1175.9792489859879,179.59008540646735,1013.9294110172032,-162.0498379687847,-0.13779991280332154,-0.9023317606983497
1357,brak churnu,0,1513.1355463624425,297.1762620711907,1836.8655740380734,323.73002767563094,0.21394648249053005,1.0893535890766373
1358,brak churnu,0,630.2821317891205,78.50537769707593,762.9598347614444,132.6777029723239,0.21050525832884495,1.690046043524299
1359,brak churnu,0,1988.1524419518692,519.2874051205715,2145.270526007037,157.11808405516786,0.07902718158820717,0.30256478879684584
1360,brak churnu,0,1577.9682058914236,454.85382094289287,1588.5093285618195,10.541122670395907,0.006680186984148411,0.023174747985066066
1361,brak churnu,0,1360.460738425444,323.4574358751595,984.5635477714666,-375.89719065397753,-0.27630138822604283,-1.1621225823327725
1362,brak churnu,0,781.8171875661752,201.0694197253349,634.9300761181021,-146.88711144807314,-0.18787910240927033,-0.730529344784125
1363,brak churnu,0,759.6152666653586,202.87140890648868,901.2208096846339,141.60554301927527,0.1864174526677309,0.6980064060409161
1364,brak churnu,0,1076.335530081454,310.9419323802871,727.4778524034774,-348.85767767797654,-0.3241161031370729,-1.1219383471616104
1365,brak churnu,0,875.7662180045461,259.84315633914736,782.3970615047401,-93.36915649980597,-0.10661424770705336,-0.35932890369427517
1366,brak churnu,0,371.08969076008185,65.0894190238229,401.22590412397426,30.13621336389241,0.08121005275615747,0.4629971171330086
1367,brak churnu,0,604.7793018018729,154.60721619813765,493.03434775704955,-111.74495404482332,-0.18476980563304932,-0.7227667426701223
1368,brak churnu,0,536.355684420773,143.67386030884958,449.5840918285952,-86.77159259217774,-0.16177994400466747,-0.6039483619751606
1369,brak churnu,0,1207.250555705052,207.89157633611532,1383.620012791565,176.36945708651297,0.14609184170846012,0.8483723111578222
1370,brak churnu,0,627.3936237647958,172.7704603996213,309.86213200795316,-317.5314917568427,-0.5061120797680952,-1.8378806829731564
1371,brak churnu,0,3681.5198926953694,464.76367311812515,4035.960921511761,354.44102881639174,0.09627573370434597,0.7626263611319433
1372,brak churnu,0,256.3262090628268,55.39424320744376,262.93407861845236,6.607869555625541,0.02577914127386763,0.11928801935031383
1373,brak churnu,0,1387.650534903147,214.58173874746242,1487.4608875834813,99.81035268033429,0.0719275856347367,0.4651390806269838
1374,brak churnu,0,939.2504037614995,218.1533859268257,877.7059861494645,-61.54441761203498,-0.06552503716321291,-0.28211534444245834
1375,brak churnu,0,1165.371808208406,339.4334446865096,790.9936365592342,-374.3781716491718,-0.3212521265850125,-1.1029501585942307
1376,brak churnu,0,1557.561803985741,266.5548974887924,1896.49505131044,338.93324732469887,0.21760500704202018,1.2715326205512683
1377,brak churnu,0,2071.169474544863,308.68131556786875,2375.7682474104477,304.5987728655846,0.1470660786619211,0.9867742474312912
1378,brak churnu,0,691.7500895850294,124.9829730390747,810.2569443707083,118.50685478567891,0.17131454924244305,0.948183995820206
1379,brak churnu,0,524.2785253458533,152.09001083318603,479.0393922368028,-45.23913310905044,-0.08628835804252584,-0.2974497329654951
1380,brak churnu,0,2570.8277317802604,589.7210987638083,1642.3582762907474,-928.4694554895129,-0.3611558425373611,-1.5744212941266633
1381,brak churnu,0,505.32396525604213,61.23384716036031,493.99646164286094,-11.327503613181193,-0.022416319810681592,-0.18498761940461655
1382,brak churnu,0,1243.5691432287774,214.43655312297173,1215.9097892446175,-27.659353984159907,-0.02224191082157742,-0.12898619000044387
1383,brak churnu,0,289.9088328751186,52.61093254713865,325.0640959836726,35.15526310855398,0.12126316663037823,0.6682121263875215
1384,brak churnu,0,1606.4860224957547,464.8744748656736,2199.1880386812377,592.702016185483,0.3689431516277318,1.274972166103001
1385,brak churnu,0,3680.102729213271,831.4139444943905,2212.8120014998767,-1467.290727713394,-0.3987091762590742,-1.7648137097408205
1386,brak churnu,0,192.0638430628759,49.794678861229386,205.63743176479696,13.573588701921068,0.07067227483039318,0.27259114853915833
1387,brak churnu,0,1250.7773621561466,278.9813403908244,879.94775486845,-370.8296072876966,-0.29647930839461606,-1.3292272765203657
1388,brak churnu,0,1198.6445838658622,221.5396753112017,1255.2718895914122,56.62730572555006,0.04724278279631146,0.2556079656883329
1389,brak churnu,0,831.7580318759315,230.93084575283532,1000.8217117106751,169.06367983474365,0.20326065196321652,0.7320965689256257
1390,brak churnu,0,451.1020094741023,117.18244741796656,359.3880936286052,-91.71391584549713,-0.20331081200994386,-0.7826591598515755
1391,brak churnu,0,2655.638231345733,430.880354556809,2541.5480003282005,-114.09023101753246,-0.04296151097347237,-0.2647840167484135
1392,brak churnu,0,464.0133465885922,81.56817802077828,539.8525841163429,75.8392375277507,0.16344193132658313,0.929765006010454
1393,brak churnu,0,1125.0265908776157,308.8632156416175,2080.807214099176,955.7806232215601,0.8495626956479051,3.0945110159397506
1394,brak churnu,0,2073.7242917767,594.1781497188728,2894.786828401663,821.0625366249633,0.39593620997779966,1.3818457259214896
1395,brak churnu,0,4317.641865252253,604.296083446177,4576.302720956259,258.66085570400537,0.0599078996768282,0.42803662441251544
1396,brak churnu,0,1612.1614212654163,353.21378815165866,1333.2409849815933,-278.92043628382294,-0.17301024116114438,-0.7896646326956621
1397,brak churnu,0,401.14849035054795,112.47938596239489,482.8231184045952,81.67462805404728,0.2036019828534691,0.7261297468440436
1398,brak churnu,0,1862.6587029601778,498.71140907603626,1920.772280125364,58.11357716518614,0.031199262147612324,0.11652746680260093
1399,brak churnu,0,405.40387855111055,86.68882629561955,471.7529929962167,66.34911444510612,0.16366176535417948,0.7653710089331178
1400,brak churnu,0,634.8696319280815,77.13490589146173,742.2125384286444,107.34290650056289,0.16907865977864692,1.3916255586233233
1401,brak churnu,0,1012.4752754175266,172.07516797518704,1139.680674602207,127.20539918468046,0.12563803015557415,0.7392432079625997
1402,brak churnu,0,2465.5282108987153,625.3288770807176,3531.4508766034696,1065.9226657047543,0.43233034649245095,1.7045793098199826
1403,brak churnu,0,2416.065741649136,658.5180924646446,2519.049577917207,102.98383626807117,0.04262460018897392,0.1563872541187626
1404,brak churnu,0,982.3434618370258,253.5586264093373,1166.2535370103622,183.9100751733364,0.18721565554008618,0.7253157890058829
1405,brak churnu,0,2251.19692425998,634.9529373448977,1609.1928014674518,-642.004122792528,-0.28518345768599057,-1.0111050520958536
1406,brak churnu,0,633.6951588349705,101.54515499458302,717.4422809234923,83.74712208852179,0.13215679640426536,0.824727896599196
1407,brak churnu,0,759.6859363435273,151.27466814872335,897.305904857887,137.6199685143597,0.18115376622179358,0.909735715824283
1408,brak churnu,0,3010.1125077318634,726.0981785000189,2448.588578070411,-561.5239296614523,-0.1865458278450076,-0.7733443579509511
1409,brak churnu,0,716.2347179701397,90.11897450552527,817.5794817499523,101.34476377981252,0.1414965809909785,1.1245663228624398
1410,brak churnu,0,331.2781951380362,60.76059663695846,378.1476293392164,46.869434201180184,0.14148058909114358,0.7713787684018759
1411,brak churnu,0,727.6578320780256,94.19026989102977,739.9883800955439,12.330548017518254,0.016945530541882588,0.13091105940967854
1412,brak churnu,0,336.13610920362936,84.16587451548249,346.59247040748426,10.456361203854897,0.031107521380633617,0.12423516376499394
1413,brak churnu,0,1299.2718424531663,383.0078718359228,1279.8218942121375,-19.44994824102878,-0.014969883595957228,-0.05078211094669345
1414,brak churnu,0,3933.629110717022,1151.3957559373603,5122.462696661959,1188.833585944937,0.3022231004712685,1.0325151710995308
1415,brak churnu,0,2501.9835721125387,540.4972270357559,2233.32540935384,-268.65816275869884,-0.10737806824681047,-0.49705743030745664
1416,brak churnu,0,1241.7419039074045,318.605933569729,712.9184972166104,-528.8234066907942,-0.42587224046054906,-1.659804011701049
1417,brak churnu,0,1321.796466628247,289.1284464426412,710.6400682161894,-611.1563984120575,-0.46236800736126055,-2.1137885459959467
1418,brak churnu,0,1577.9920288425978,367.82589161115953,1120.054583927441,-457.9374449151569,-0.2902026350862102,-1.2449842584742707
1419,brak churnu,0,3367.3113292340972,968.6274348791146,1047.7384520390588,-2319.5728771950385,-0.6888501389987693,-2.3947007834694696
1420,brak churnu,0,411.25582335318296,75.30140912003837,420.7241052738519,9.468281920668915,0.02302285191603873,0.12573844276374
1421,brak churnu,0,1143.036818942039,170.27359207083634,1366.5469958533156,223.51017691127663,0.19554066256426544,1.3126532082455455
1422,brak churnu,0,320.73989485961147,43.827609086787696,284.6376268200429,-36.10226803956857,-0.11255933115327175,-0.8237334591553612
1423,brak churnu,0,1713.7657418063848,257.04482272197464,1424.407314780111,-289.35842702627383,-0.16884362895554048,-1.1257119437851908
1424,brak churnu,0,1084.1939458529714,132.73537195804232,1165.1903656198276,80.9964197668562,0.07470657816958536,0.6102097622663776
1425,brak churnu,0,1809.0245065608594,259.99726820034454,1792.6312989833395,-16.393207577519888,-0.009061904644224556,-0.063051460851842
1426,brak churnu,0,588.9266507804047,128.2357142714569,715.6685407458816,126.74188996547696,0.21520827729145459,0.98835094954267
1427,brak churnu,0,1183.8308076013416,348.766190216032,549.868756498232,-633.9620511031096,-0.5355174464395238,-1.8177279475124073
1428,brak churnu,0,500.4363080313825,86.10397960276273,593.927215654017,93.4909076226345,0.18681879416465452,1.0857907852105217
1429,brak churnu,0,2177.3484443224024,508.35915881667137,2076.6719839626,-100.6764603598026,-0.04623810241411931,-0.1980419917960195
1430,brak churnu,0,1856.113121404055,500.6820656109818,2027.6898304181448,171.57670901408983,0.09243871347900434,0.34268594942524044
1431,brak churnu,0,529.0927724908647,127.58532541897578,494.53334964381605,-34.559422847048666,-0.06531826674620729,-0.27087302347318887
1432,brak churnu,0,412.6685250221983,68.00916602056947,315.70662335207635,-96.96190167012196,-0.23496316241929566,-1.425718139828324
1433,brak churnu,0,3860.440091443219,512.4314392164825,3792.0253914137365,-68.41470002948245,-0.017721995008062857,-0.13350995819868083
1434,brak churnu,0,1923.8704332682757,353.6773341104082,1923.7287910170458,-0.14164225122999596,-7.362359168302917e-05,-0.0004004843894966116
1435,brak churnu,0,1418.1306730088647,319.51587087302545,1103.8888564472686,-314.2418165615961,-0.2215887594440543,-0.9834936076977371
1436,brak churnu,0,3319.6548588383366,504.8767739627556,3014.247766152511,-305.4070926858258,-0.09199965227490499,-0.6049141264485172
1437,brak churnu,0,1643.3373512021046,247.71032867310169,1774.9376694075133,131.6003182054087,0.08008113374234621,0.5312669799048992
1438,brak churnu,0,1529.1132783583928,426.3815805432943,2091.688368249266,562.5750898908734,0.36790936149271825,1.319416962557439
1439,brak churnu,0,1677.5323759206642,280.649644120622,2087.8670839567676,410.3347080361034,0.24460613334565498,1.4620888236713507
1440,brak churnu,0,2065.0844480609917,469.7751088327378,2072.041921945072,6.957473884080173,0.003369098968622268,0.014810222494264511
1441,brak churnu,0,640.9398098784844,191.34835995465147,528.7275595597187,-112.21225031876577,-0.17507455238275815,-0.586429119880408
1442,brak churnu,0,1605.5248206206047,459.32627298330027,1534.7696615762784,-70.75515904432632,-0.04406980081253206,-0.15404117553471358
1443,brak churnu,0,938.1889549062995,225.17864276738902,1098.8098845038323,160.62092959753284,0.17120317688410078,0.7133044574012078
1444,brak churnu,0,694.8092310712887,167.73174622503146,616.0768636116127,-78.73236745967597,-0.11331508554986065,-0.4693945495210396
1445,brak churnu,0,619.8572807923141,149.8218669719262,703.2668419790343,83.40956118672023,0.134562525554438,0.5567248818381739
1446,brak churnu,0,932.7115550332805,214.73426033218095,911.5585419162642,-21.15301311701637,-0.0226790512059879,-0.09850786308758526
1447,brak churnu,0,2176.2245507329967,381.6845398916654,2184.6319459138494,8.407395180852745,0.0038632939684560418,0.02202707812907235
1448,brak churnu,0,795.5745154097885,235.07462203174555,1554.6396251787319,759.0651097689433,0.9541093826741801,3.2290389460519293
1449,brak churnu,0,942.8476220469391,240.52005976652543,650.779170721831,-292.0684513251082,-0.3097726976189666,-1.2143205502635461
1450,brak churnu,0,1127.391002159136,320.96910952164916,1307.3171904118628,179.9261882527269,0.1595951962612254,0.5605716653570707
1451,brak churnu,0,1042.612060483255,140.263166658381,1313.7471802544164,271.1351197711615,0.2600536959504279,1.9330457612690768
1452,brak churnu,0,1295.6164276052236,205.82058955615045,1506.918836064049,211.3024084588253,0.1630902510624923,1.0266339675466694
1453,brak churnu,0,623.4049308959891,164.83155582339649,698.6041743676266,75.19924347163749,0.1206266420824701,0.456218732487166
1454,brak churnu,0,1746.8673302233865,256.19300025479305,1715.5341949382394,-31.333135285147137,-0.017936757270021364,-0.1223028546993291
1455,brak churnu,0,1245.889814776056,299.97507640764326,1382.2062218797594,136.31640710370334,0.10941289148286817,0.4544257767550653
1456,brak churnu,0,9382.436853926942,2220.047095407042,8270.978270374839,-1111.458583552103,-0.11846161086465624,-0.5006463988316062
1457,brak churnu,0,1454.5497250792873,227.17863627168566,1161.5520508516067,-292.9976742276806,-0.20143530961907083,-1.2897237127406695
1458,brak churnu,0,668.8559854620075,121.87142129158934,578.0105385328529,-90.8454469291546,-0.13582213346929048,-0.7454204272533915
1459,brak churnu,0,597.1311042700912,125.75762786925175,699.6718592441271,102.54075497403585,0.17172234747238213,0.8153839787805626
1460,brak churnu,0,1303.5097418894993,342.74703144589193,1766.7051586784653,463.195416788966,0.355344806336117,1.3514206522371843
1461,brak churnu,0,1743.4861665300602,367.2271858977081,1887.0353118709336,143.54914534087334,0.08233454792851569,0.3909001044951482
1462,brak churnu,0,1616.4267037106815,314.0066291812395,1709.7780283976351,93.3513246869536,0.057751659554160784,0.2972909359600582
1463,brak churnu,0,1031.659432214542,256.0576542997729,637.071826560727,-394.587605653815,-0.3824785518674512,-1.5410107802981814
1464,brak churnu,0,4512.543234845825,1019.6175541194556,3255.477603386197,-1257.065631459628,-0.27857143212558644,-1.2328795501615635
1465,brak churnu,0,1848.6637105445614,451.4680924497846,1745.1893226146728,-103.47438792988851,-0.05597253158575176,-0.22919535103446462
1466,brak churnu,0,1742.5221810412527,490.09193606384923,2001.6924268534692,259.17024581221654,0.1487328245413485,0.5288196494186997
1467,brak churnu,0,525.9516855974135,111.73587523107646,454.41777026073464,-71.53391533667889,-0.1360085294819914,-0.6402054415266581
1468,brak churnu,0,3668.744799923771,1039.7034169422511,4418.4624139441,749.7176140203292,0.20435262055728345,0.7210879581652574
1469,brak churnu,0,387.45504268870286,95.84309217986302,362.838495051574,-24.61654763712886,-0.06353394568387846,-0.25684216856163666
1470,brak churnu,0,1439.6320747187915,374.6349690203116,2053.7463980405273,614.1143233217358,0.4265772721420457,1.6392338518950171
1471,brak churnu,0,997.5407545523814,227.2341680165888,1427.9179402632185,430.3771857108371,0.4314381981355307,1.8939809513128247
1472,brak churnu,0,867.2345768677199,181.81355632310766,760.44058131619,-106.79399555152986,-0.12314314765590724,-0.587381918660357
1473,brak churnu,0,411.4307491375721,59.27910291023401,471.78217114856614,60.35142201099404,0.1466867076354909,1.0180893274040237
1474,brak churnu,0,703.8592957576694,202.06855542958237,827.1416946080712,123.28239885040182,0.17515205040759527,0.6101018468128938
1475,brak churnu,0,1908.574327135125,376.11795412135734,2054.4580046424603,145.88367750733528,0.07643594249028525,0.38786682717162924
1476,brak churnu,0,791.2965370440036,115.67380200838174,509.7473661360422,-281.54917090796135,-0.35580740939386235,-2.433992537805235
1477,brak churnu,0,1637.8378287250578,358.8389126703946,1410.3747294776072,-227.4630992474506,-0.138880110874295,-0.633886379698132
1478,brak churnu,0,570.8611703952266,105.81248795623962,705.6450670823358,134.78389668710918,0.23610626134160376,1.2737995230095254
1479,brak churnu,0,875.8645725247766,215.4298568253454,753.222130367299,-122.6424421574776,-0.14002443528906208,-0.5692917591126053
1480,brak churnu,0,2520.8204413670223,357.79829519193606,1766.8470294947465,-753.9734118722758,-0.29909842029978206,-2.1072582569679854
1481,brak churnu,0,846.0475973465616,219.55528144746322,938.3720238620726,92.32442651551105,0.10912438827917707,0.42050651620331486
1482,brak churnu,0,878.9795805885954,138.97645011788353,954.440341866011,75.4607612774156,0.0858504144395305,0.542975167471955
1483,brak churnu,0,757.1880255440287,126.8401742666624,809.4452329897086,52.25720744567991,0.06901483605493346,0.4119925547864432
1484,brak churnu,0,1111.687766550507,281.9156943205986,1013.9673361498035,-97.72043040070344,-0.08790276671292643,-0.34662997615724916
1485,brak churnu,0,2532.6432631121033,569.8962799946346,2550.390798140013,17.747535027909635,0.007007514752038755,0.031141693060492907
1486,brak churnu,0,1211.0742160142095,264.9137590548134,1164.910204819035,-46.16401119517445,-0.0381182346917646,-0.17426052674607453
1487,brak churnu,0,475.5485717430978,73.48319539852541,478.479453908386,2.93088216528821,0.006163160483366018,0.039885066910781405
1488,brak churnu,0,735.7790104112062,144.93040843931033,782.2533693398336,46.47435892862745,0.06316347472681266,0.3206667215602902
1489,brak churnu,0,450.11608882074376,129.26671661971585,598.6624598985646,148.54637107782088,0.3300179104172805,1.149146315171159
1490,brak churnu,0,1746.1679972271259,263.4350863122964,1742.3912849177761,-3.776712309349705,-0.002162857362720561,-0.014336405838030614
1491,brak churnu,0,2802.2941025918494,686.3680559653295,2804.3847419057706,2.0906393139212014,0.000746045645953993,0.003045944950017904
1492,brak churnu,0,2546.609694802893,553.8283601117969,2331.338827749575,-215.27086705331794,-0.08453233626363771,-0.3886959978175602
1493,brak churnu,0,1233.5902924665327,330.30448695502423,1348.9513226794413,115.36103021290864,0.09351648672773452,0.3492566246265275
1494,brak churnu,0,1767.076901675965,509.66080826560193,1726.4975971836218,-40.579304492343226,-0.02296408518149732,-0.07962021767072179
1495,brak churnu,0,930.605680785984,222.26105555588248,1046.8166578429125,116.21097705692853,0.12487671143246991,0.5228580273151359
1496,brak churnu,0,698.5011740666922,139.12744260943018,579.6179877587989,-118.88318630789331,-0.17019754686416957,-0.85449127848653
1497,brak churnu,0,1352.3490783758407,328.3045197868601,1500.8793676580694,148.53028928222875,0.10983132362585873,0.4524162182678956
1498,brak churnu,0,2792.318896443751,378.74004812750263,2191.658592075209,-600.6603043685418,-0.215111642561146,-1.5859434652823665
1499,brak churnu,0,1064.3233256164863,142.90756778553813,971.654313728826,-92.6690118876603,-0.08706847783683007,-0.6484541954190208
1500,brak churnu,0,3458.1879125382434,504.75272977071523,3628.644868120225,170.45695558198167,0.04929083088977358,0.33770388059003076
1501,brak churnu,0,1076.6971542169833,274.830931360455,1151.4390697109438,74.7419154939605,0.06941777007696819,0.27195598080600547
1502,brak churnu,0,1705.9809159806246,331.3418737545713,2683.8853815651983,977.9044655845737,0.5732212221274814,2.9513458546712954
1503,brak churnu,0,1307.7344847449556,325.64232880432616,1139.195490381975,-168.53899436298047,-0.12887860366842757,-0.5175586201640671
1504,brak churnu,0,3149.9422652652256,480.7407749025906,2980.1032955909122,-169.83896967431338,-0.05391812146754153,-0.35328596728398326
1505,brak churnu,0,985.8074096417463,165.3031904191295,1095.5462695871133,109.73885994536704,0.11131876152690656,0.6638641375712229
1506,brak churnu,0,1039.4583929894065,196.67344867027765,888.9092478375766,-150.54914515182998,-0.14483421959667053,-0.7654777305716802
1507,brak churnu,0,418.66744427805327,86.43151368465693,501.41111421482833,82.74366993677506,0.19763578722835154,0.957332186020288
1508,brak churnu,0,469.9101311024793,58.384510299508186,448.13480911020145,-21.77532199227784,-0.04633933288731121,-0.3729640255706875
1509,brak churnu,0,867.727629240758,215.29064609826617,1119.8708476016836,252.14321836092563,0.29057875981377385,1.1711759100106869
1510,brak churnu,0,313.6289380950606,83.72287880361114,368.0479889488205,54.41905085375987,0.173514125272667,0.6499902013810431
1511,brak churnu,0,1909.2285244970687,423.0797790920211,2865.274424559423,956.0459000623543,0.5007498514690362,2.2597296002048153
1512,brak churnu,0,2806.497059826729,399.0973608392283,2768.0636323526787,-38.433427474050404,-0.013694447795510342,-0.09630088105126022
1513,brak churnu,0,1187.779145659752,319.3525947049726,930.0011515488467,-257.7779941109053,-0.21702518944944307,-0.8071892897850047
1514,brak churnu,0,3091.7482676377076,441.6878488024651,3132.8544859544454,41.106218316737795,0.013295460936134222,0.09306621956702645
1515,brak churnu,0,558.1030508880727,110.27649352307712,543.8765739978155,-14.226476890257231,-0.02549077068763479,-0.12900733815298646
1516,brak churnu,0,2196.158557729258,560.495068477587,2155.5859670253626,-40.57259070389546,-0.018474344924278113,-0.07238706098538647
1517,brak churnu,0,2539.004344220607,523.3353004110214,1731.1339856264212,-807.8703585941857,-0.3181839213599991,-1.5436955197933215
1518,brak churnu,0,1133.613125657989,163.30456671666857,1328.3436462278466,194.73052056985762,0.1717786396102543,1.1924376916397732
1519,brak churnu,0,4027.367419261889,494.9831266091295,4305.292071535133,277.92465227324374,0.06900901341754909,0.5614830836298605
1520,brak churnu,0,503.60482847866655,102.92061001536446,416.8866138677978,-86.71821461086876,-0.1721949626115276,-0.8425738498627541
1521,brak churnu,0,750.9116271354537,146.97360332853842,1008.6372347973798,257.7256076619261,0.3432169623542613,1.753550309886718
1522,brak churnu,0,635.1677292531659,108.99795166425956,707.0187175107251,71.85098825755915,0.11312128269180485,0.6591957661633664
1523,brak churnu,0,2034.1121377167422,589.0484601898402,1516.47509939473,-517.6370383220121,-0.2544781227759898,-0.8787681715612781
1524,brak churnu,0,1214.4650843775605,352.3275313101464,896.0389644035843,-318.42611997397626,-0.2621945448000891,-0.9037787049734485
1525,brak churnu,0,481.8239607399625,138.51149229540982,371.0089091875175,-110.81505155244503,-0.22999074471568517,-0.8000422904700548
1526,brak churnu,0,1388.8302162732136,291.21504582293716,1299.7857719054193,-89.04444436779431,-0.0641147084247174,-0.3057686944579594
1527,brak churnu,0,1355.1578735033604,206.89701384065899,1497.2202252545171,142.0623517511567,0.10483084999085492,0.6866331664920284
1528,brak churnu,0,2287.6348697163967,353.2226835150528,2083.929967265577,-203.70490245081965,-0.08904607336924944,-0.5767039093403487
1529,brak churnu,0,1776.1592641811037,449.82689786112576,1903.1010797496626,126.94181556855892,0.07146983839148305,0.28220147832900255
1530,brak churnu,0,1005.2743860496674,152.43637302007065,912.166006941367,-93.10837910830048,-0.09261986617820808,-0.6108015906153927
1531,brak churnu,0,3904.025954662207,753.6689234154327,3548.030612734539,-355.99534192766805,-0.09118672520671556,-0.47234976906622234
1532,brak churnu,0,593.6637523148388,172.64148264425057,844.5216020239088,250.85784970907002,0.42255881166891945,1.4530566227005481
1533,brak churnu,0,1338.578292815874,181.10436685809887,1446.871986792224,108.29369397635014,0.08090202460144505,0.5979629086536702
1534,brak churnu,0,453.6837623218423,78.71013693383765,394.9880521980835,-58.69571012375883,-0.12937582298156003,-0.7457198324162161
1535,brak churnu,0,1920.7891145589224,403.5766085232429,2145.156319699288,224.3672051403655,0.11680991080162788,0.555947000896222
1536,brak churnu,0,946.0093753452953,158.08898429482926,887.8384589498238,-58.17091639547152,-0.06149084555767645,-0.3679631231419972
1537,brak churnu,0,1449.9050879448082,187.1708537987028,1753.5043728859494,303.59928494114115,0.2093925233212906,1.6220435969568958
1538,brak churnu,0,881.7044921065415,244.22035809439672,1227.1706466236249,345.4661545170834,0.39181625772565387,1.4145673899288644
1539,brak churnu,0,1805.2369592246232,321.44825338212667,2026.7752676496189,221.53830842499565,0.1227197943699035,0.6891880919994874
1540,brak churnu,0,1320.929999502701,275.9626022966968,1048.5809500928315,-272.3490494098696,-0.20617977448646227,-0.9869056428053896
1541,brak churnu,0,2572.03622352377,465.4386498126568,2226.445658694566,-345.5905648292037,-0.1343645791876655,-0.7425050862628338
1542,brak churnu,0,714.1375362675501,124.48262237120764,815.1898066156996,101.05227034814948,0.14150253307829272,0.8117781295353116
1543,brak churnu,0,982.7260786112901,289.23757147084694,843.7293301052259,-138.99674850606414,-0.1414399714541851,-0.48056256246112894
1544,brak churnu,0,2752.4925649207553,703.0750392906652,2726.6609242035706,-25.831640717184655,-0.009384817618182504,-0.03674094410071261
1545,brak churnu,0,3412.519459877781,754.9772662363783,5340.334358880546,1927.8148990027644,0.56492422143486,2.5534741047410274
1546,brak churnu,0,877.0836584236541,148.2619542899876,873.351198222005,-3.7324602016491326,-0.004255534994640452,-0.025174767319934028
1547,brak churnu,0,466.34387212684135,105.58629990403021,325.64319974693757,-140.70067237990378,-0.30171013449413236,-1.332565612279148
1548,brak churnu,0,238.92024030434007,57.13076289256258,148.63623097699718,-90.28400932734289,-0.37788346944711676,-1.5803046337246842
1549,brak churnu,0,267.35661338831187,55.49397764199477,181.07511425193218,-86.2814991363797,-0.3227206465660284,-1.5547903178431859
1550,brak churnu,0,1582.49026682402,457.9911059073743,2319.812191985835,737.321925161815,0.4659250932655553,1.6099044624480843
1551,brak churnu,0,1027.7442144927718,267.18365634663155,366.1172684279609,-661.6269460648109,-0.6437661596483394,-2.476300216531385
1552,brak churnu,0,1018.6923694796825,248.3181113692588,784.1909545325793,-234.50141494710317,-0.23019846027400742,-0.9443588856810785
1553,brak churnu,0,806.7974000571984,140.15528005145862,814.1797323075299,7.382332250331501,0.009150168617063126,0.05267252327290878
1554,brak churnu,0,723.254398425743,101.5354520709453,887.9632763040079,164.70887787826484,0.22773297782464244,1.6221809675223462
1555,brak churnu,0,1678.5376579358551,420.1218973780717,1863.6536392838727,185.1159813480176,0.11028407999833613,0.4406244532915407
1556,brak churnu,0,2174.4527418810953,317.09427033441267,2128.5774133981868,-45.87532848290857,-0.02109741343158478,-0.14467410096854705
1557,brak churnu,0,2901.3919786582273,666.5013180588171,3091.8073892102093,190.41541055198195,0.06562898496742971,0.2856939744793997
1558,brak churnu,0,1099.8526796017452,315.2922336475585,1060.7331331784683,-39.119546423276915,-0.035567987557608205,-0.12407392967061066
1559,brak churnu,0,1011.4582777522278,131.76838147944716,896.7636769089183,-114.69460084330944,-0.1133952861587096,-0.8704258150214828
1560,brak churnu,0,775.6143362630402,194.89645860498783,693.3220528382626,-82.29228342477757,-0.10609948730611025,-0.4222359093325851
1561,brak churnu,0,1952.8750247748078,414.76836828471266,1916.5486904322554,-36.3263343425524,-0.018601463934816466,-0.08758221966824778
1562,brak churnu,0,4859.864598455454,1380.1427817020583,3101.5452200485493,-1758.319378406905,-0.36180419079283155,-1.2740126613845424
1563,brak churnu,0,1343.8443571761509,352.0073393543082,823.8126823912717,-520.0316747848792,-0.3869731431381183,-1.477331909439105
1564,brak churnu,0,1227.4961956744805,293.07820301966905,1549.7992850588707,322.3030893843902,0.2625695220238888,1.099717024547062
1565,brak churnu,0,1801.046611358928,251.3379057371472,1700.9886596487697,-100.05795171015825,-0.05555544819279407,-0.39810131868768056
1566,brak churnu,0,1048.277501349225,276.02104754682273,834.6827518909691,-213.59474945825593,-0.2037578305203925,-0.773835007716297
1567,brak churnu,0,1226.7925254293275,351.2931152707469,1181.4220638135778,-45.37046161574972,-0.03698299482210482,-0.1291527207437072
1568,brak churnu,0,2595.8613032107774,502.3530989566203,3383.602366298467,787.7410630876898,0.30346038215267745,1.5681023262796945
1569,brak churnu,0,1397.080993037149,286.414295828219,1399.8078888426166,2.7268958054676204,0.0019518523400275842,0.009520809000061626
1570,brak churnu,0,979.97898781144,261.67377927703086,722.2573762121417,-257.7216115992983,-0.2629868750296992,-0.9848965850202803
1571,brak churnu,0,1523.4091200497178,232.49480076859044,1536.407252706521,12.998132656803136,0.008532266536765207,0.05590719712369223
1572,brak churnu,0,1310.642109390203,247.44629720216534,1069.8121701543562,-240.82993923584672,-0.18374958160614624,-0.9732614387803387
1573,brak churnu,0,455.28087593411146,79.52337734329026,396.4728539792624,-58.80802195484904,-0.129168662826417,-0.7395060914098731
1574,brak churnu,0,1284.5740513833628,189.81811374375064,1052.2414270901543,-232.33262429320848,-0.18086355087354333,-1.2239749922225616
1575,brak churnu,0,3355.0014081290574,418.8182952723364,3508.964386612695,153.96297848363747,0.0458905853543281,0.36761282929038025
1576,brak churnu,0,1457.8734343803371,183.16022235285027,1300.2249009969394,-157.64853338339776,-0.10813595313944767,-0.8607138130663254
1577,brak churnu,0,1866.6876596924672,351.344162321367,1910.241879278962,43.55421958649481,0.02333235523379968,0.12396454604148709
1578,brak churnu,0,257.4415181872993,59.649435329134675,351.03680103305976,93.59528284576044,0.3635593959544086,1.5690891678910082
1579,brak churnu,0,919.6280325841348,253.7393243132831,1197.2744351168917,277.64640253275695,0.3019116345905383,1.0942190505321776
1580,brak churnu,0,907.9132853433825,140.8913008155833,1108.5590031014704,200.6457177580878,0.22099656541781018,1.424117149863772
1581,brak churnu,0,1702.3256295695778,446.2063997439574,1263.4439968369084,-438.88163273266946,-0.2578129736809742,-0.9835843524084571
1582,brak churnu,0,2949.0710170772777,680.0233612724649,2805.0870146565235,-143.98400242075422,-0.04882351139968538,-0.21173390595189298
1583,brak churnu,0,1761.9949533224487,478.88333778044034,2436.2723094102967,674.2773560878479,0.38267836966071817,1.4080200810765988
1584,brak churnu,0,556.5958414240552,114.76973578169475,512.9009046856054,-43.69493673844977,-0.07850388645854038,-0.3807182829240155
1585,brak churnu,0,604.2872023310416,159.05917851487413,493.557566308886,-110.7296360221556,-0.18324008119817092,-0.6961537023894595
1586,brak churnu,0,1599.9738774607877,320.57571369000084,1704.7116235748274,104.73774611403974,0.06546216009492734,0.32671765714392803
1587,brak churnu,0,1137.6242932769483,248.3817884374841,1162.045490997555,24.421197720606642,0.021466839153250605,0.09832120895108734
1588,brak churnu,0,1877.3662425183134,407.94464973502494,1599.3173638359794,-278.0488786823339,-0.14810582633538624,-0.6815848151530775
1589,brak churnu,0,1791.1698382674654,431.6566895422537,1700.595272090187,-90.57456617727826,-0.05056726852038096,-0.20983009964082153
1590,brak churnu,0,2873.620737700426,687.5274800079151,2466.5314373798783,-407.08930032054786,-0.14166424085814305,-0.5921062243444601
1591,brak churnu,0,495.3014405992847,94.51645063142631,505.04229254199817,9.740851942713448,0.019666512439228134,0.1030598575976853
1592,brak churnu,0,641.5717894206141,89.37131499309294,685.4388128347287,43.867023414114556,0.06837430220198688,0.49084008014769415
1593,brak churnu,0,460.26283878222324,122.16281804856793,557.8664544070947,97.60361562487145,0.2120606040737808,0.7989633604069895
1594,brak churnu,0,1624.4916673714656,344.13899933369714,1644.2997432382556,19.808075866789977,0.012193399488986451,0.057558358410820264
1595,brak churnu,0,1245.5265613210968,201.53044420606847,1231.679648904999,-13.846912416097666,-0.011117316038134598,-0.06870878725369628
1596,brak churnu,0,1433.049247044896,258.5611392500033,1571.9058218408636,138.85657479596762,0.0968958848290141,0.5370357479037363
1597,brak churnu,0,396.15535479685593,54.838807499739616,389.97806726454843,-6.177287532307503,-0.015593093612164216,-0.11264445406360876
1598,brak churnu,0,1919.1591834900723,363.4772103521661,1567.789366408254,-351.3698170818184,-0.18308529073801866,-0.9666900897070904
1599,brak churnu,0,530.7220123032502,134.45863808296448,726.5628822972019,195.84086999395174,0.3690083800067631,1.4565138602185812
1600,brak churnu,0,516.314072955306,125.10063317909513,507.4869658022573,-8.827107153048644,-0.01709639077339802,-0.07056005176577869
1601,brak churnu,0,300.9486265558244,59.429682992837094,316.38637718828954,15.437750632465168,0.05129696323635339,0.2597649836753435
1602,brak churnu,0,2358.5126279644,341.36464393830016,2530.8017032709395,172.28907530653942,0.07304988460258521,0.5047068534071143
1603,brak churnu,0,1820.0593398791968,398.97606690531836,2024.4994102256824,204.44007034648553,0.11232604666617896,0.5124118645317177
1604,brak churnu,0,980.7760650372663,120.9823480535437,899.698466630597,-81.07759840666938,-0.08266677919346319,-0.6701605623556464
1605,brak churnu,0,2960.3305051808406,737.6171220614832,4049.689371640977,1089.3588664601361,0.3679855558538689,1.4768622282189023
1606,brak churnu,0,729.5799438874341,111.41702163072027,755.2561532336501,25.67620934621607,0.035193140328673315,0.23045140653029753
1607,brak churnu,0,2287.718629792435,603.9234759137341,2295.9118255972603,8.193195804825336,0.0035813826482536913,0.013566612545453808
1608,brak churnu,0,2830.4920071558695,741.5919832099913,2099.6943593924234,-730.7976477634461,-0.2581874974088922,-0.9854443741424741
1609,brak churnu,0,1377.0735863666973,387.2467972528961,1032.9212194949773,-344.15236687172,-0.2499157418157584,-0.8887158507523233
1610,brak churnu,0,1718.7246181639093,215.221410189955,1613.8273523405298,-104.89726582337948,-0.06103203777661592,-0.48739233578479424
1611,brak churnu,0,1723.2257812424332,414.49390102078587,1072.4462817906647,-650.7794994517685,-0.3776519052439903,-1.5700580825171984
1612,brak churnu,0,973.9723363743198,248.86309911771252,1105.1681330066344,131.19579663231468,0.1347017689647123,0.5271805948629569
1613,brak churnu,0,1527.2172849687247,251.209165482962,1004.7571725083133,-522.4601124604114,-0.34209939712089543,-2.0797812510381783
1614,brak churnu,0,304.8160876813471,63.15237945722731,224.65512090428894,-80.16096677705815,-0.26298141737472186,-1.2693261515403491
1615,brak churnu,0,1430.9537353167555,359.7104183025255,1128.1692011927023,-302.78453412405315,-0.21159631276061408,-0.841745244835816
1616,brak churnu,0,1130.499020950292,229.1742715308961,1201.1391360024338,70.64011505214171,0.062485781715018174,0.30823754595252795
1617,brak churnu,0,270.42349754126263,50.37165365477256,279.99272839119453,9.569230849931898,0.03538609232162518,0.18997253724318108
1618,brak churnu,0,1898.6371704455164,394.91815777572896,2831.858090319545,933.2209198740288,0.49152146307925065,2.3630742256323347
1619,brak churnu,0,1480.0940660782019,312.40119946151003,1362.191277909209,-117.90278816899286,-0.07965898308166271,-0.37740824418159535
1620,brak churnu,0,859.1571868501742,228.75494990644538,751.2262718823797,-107.93091496779448,-0.12562417753087624,-0.4718189268120114
1621,brak churnu,0,2066.576409459551,589.3817700402951,924.4061345806717,-1142.1702748788794,-0.5526871736514105,-1.93791245833883
1622,brak churnu,0,969.9110674471244,128.92556960032744,787.8136242847735,-182.09744316235094,-0.18774653602174526,-1.412423026144912
1623,brak churnu,0,472.3982272111214,73.32170002066263,438.5109795930689,-33.88724761805253,-0.07173449362439677,-0.46217214833402437
1624,brak churnu,0,746.4945553830282,111.18056892550081,767.5072470114897,21.012691628461425,0.028148486116793926,0.18899607936474475
1625,brak churnu,0,1245.0699410661077,371.9358217323847,1294.0853697687935,49.01542870268577,0.039367610674718924,0.13178464089418457
1626,brak churnu,0,2279.8351505674714,584.8581751589269,1752.4753814008752,-527.3597691665962,-0.23131486898749307,-0.9016882922484475
1627,brak churnu,0,2098.5791664505737,282.5856086306777,1812.0474275104457,-286.531738940128,-0.13653606379060396,-1.0139643711106592
1628,brak churnu,0,1656.814369807582,290.63824573039903,2011.4904900822025,354.67612027462064,0.21407112754328164,1.220335332616975
1629,brak churnu,0,1750.387364126784,385.48390828877893,1338.7194627003937,-411.66790142639024,-0.23518674201110853,-1.0679249965422577
1630,brak churnu,0,636.4069570190533,101.87734383552363,605.2315326854892,-31.175424333564024,-0.04898661774470619,-0.30600939482575573
1631,brak churnu,0,408.6595458217022,102.42677614717415,329.3413484078205,-79.3181974138817,-0.19409358774281066,-0.7743892798101115
1632,brak churnu,0,6189.7587306901105,881.8287746713543,7578.2330598858025,1388.474329195692,0.22431800488625633,1.5745396034657155
1633,brak churnu,0,875.165686893259,107.56991921679995,926.5695194467035,51.40383255344443,0.058736115141719426,0.4778643781431448
1634,brak churnu,0,1288.7377909419208,256.72152737304714,1172.8403809281274,-115.89741001379343,-0.08993094703080415,-0.4514518560236696
1635,brak churnu,0,803.419155038722,200.83539505449843,924.6048399483036,121.1856849095816,0.15083743541531677,0.6034080042349945
1636,brak churnu,0,1650.6350676756301,356.7292719647356,1924.580278265631,273.9452105900009,0.1659635227402272,0.7679358889760012
1637,brak churnu,0,3237.0510534842247,449.67327500686696,3381.2526475335726,144.20159404934793,0.04454721030554506,0.3206808188615297
1638,brak churnu,0,990.1918259478355,208.72460032323204,625.2289201126424,-364.96290583519306,-0.3685779828427101,-1.7485380509533113
1639,brak churnu,0,1378.631869950298,396.2221355586906,1914.3493878128497,535.7175178625516,0.3885863438525218,1.3520635769305682
1640,brak churnu,0,1248.5896381999971,210.15814616561127,1193.2871460171893,-55.30249218280778,-0.04429196790591139,-0.26314703089942404
1641,brak churnu,0,2238.334463151708,649.2364517835161,2121.9429430859254,-116.39152006578252,-0.05199916365577303,-0.17927446887192425
1642,brak churnu,0,1263.0599241224845,352.3768582717493,752.5275029997383,-510.5324211227462,-0.4042028500567306,-1.4488250551602029
1643,brak churnu,0,1245.5893304640554,294.64338944318615,865.8419992327888,-379.74733123126657,-0.3048736224240042,-1.2888370988024165
1644,brak churnu,0,181.1007620450624,22.03205954476884,193.34353210387096,12.24277005880856,0.0676019798070328,0.5556797826336399
1645,brak churnu,0,2014.2756242111577,457.07660944391057,1994.917073840219,-19.3585503709387,-0.009610675986073161,-0.042352966594573146
1646,brak churnu,0,1512.9823439322763,331.4771839151075,1503.7063761026843,-9.275967829591991,-0.006130916112004014,-0.02798372943812507
1647,brak churnu,0,1523.2100446156298,186.69604203699055,1154.330591675971,-368.8794529396589,-0.24217241361006306,-1.9758289940960394
1648,brak churnu,0,1067.2731557069894,153.18690390530153,1147.183369962738,79.91021425574854,0.07487325416970124,0.5216517353542712
1649,brak churnu,0,907.6201916377771,158.319036408804,874.5084835691725,-33.11170806860457,-0.03648189889744007,-0.20914546235049755
1650,brak churnu,0,496.8841890662429,125.37289912029922,356.7027161208111,-140.18147294543184,-0.2821210173921298,-1.118116227103621
1651,brak churnu,0,442.37885625756667,72.7918910540502,469.59613361894077,27.2172773613741,0.061524815158723045,0.37390534807186754
1652,brak churnu,0,1680.2966957839744,262.0579188661826,1331.057120764942,-349.2395750190324,-0.20784399320388355,-1.3326808689088623
1653,brak churnu,0,487.6772450478321,126.95367512638,352.4492318949967,-135.22801315283544,-0.2772899792352872,-1.0651760417193004
1654,brak churnu,0,1693.1325569434093,284.66647831812026,1656.6154334356195,-36.51712350778985,-0.021567787683271382,-0.12828037822908414
1655,brak churnu,0,869.9529306821609,202.85083703210668,1005.7215819316676,135.76865124950677,0.15606436447434666,0.6693028889401017
1656,brak churnu,0,843.3565338477118,147.40923481217428,781.1499755142532,-62.20655833345859,-0.07376068819867763,-0.4219990586934453
1657,brak churnu,0,1133.9402791653717,163.30696399201784,1163.9116327731617,29.97135360778998,0.026431157053394532,0.1835277129348564
1658,brak churnu,0,803.0627191641146,228.05542403661812,944.0627125485953,140.99999338448072,0.1755778098269132,0.6182707294953038
1659,brak churnu,0,1162.963396479481,159.65626092945402,1119.8775073817842,-43.085889097696736,-0.037048362165246304,-0.2698665799065327
1660,brak churnu,0,1458.240798305671,195.42584223626238,1619.4390201915555,161.19822188588455,0.1105429378146467,0.8248562218859574
1661,brak churnu,0,953.5324809524559,155.27472982703253,1138.094471793702,184.56199084124614,0.19355606078242088,1.1886157589637283
1662,brak churnu,0,438.73370611626893,58.01909384584093,462.20062110212433,23.466914985855396,0.053487832502288814,0.40446882966162717
1663,brak churnu,0,805.9861751626107,189.54014662238637,975.1977261506134,169.21155098800273,0.2099434905987856,0.8927478109696542
1664,brak churnu,0,1717.2028086675587,398.04771063748285,1829.3308869963992,112.1280783288405,0.06529693392235064,0.28169507155125884
1665,brak churnu,0,1159.6570352815759,331.8403910063162,953.0377022816295,-206.61933299994632,-0.17817279308772285,-0.6226467259557127
1666,brak churnu,0,1431.4977046011898,226.70348117163763,1334.2626466600684,-97.23505794112134,-0.06792540262452652,-0.42890853479000834
1667,brak churnu,0,457.0693726096115,127.82927423486052,386.9742427652477,-70.09512984436378,-0.1533577483963969,-0.5483495878696621
1668,brak churnu,0,1449.4971448310985,215.6610545643163,1755.6468167049102,306.1496718738117,0.2112109519950007,1.419587196641984
1669,brak churnu,0,980.8475378213137,246.59998445494838,860.9095459411196,-119.93799188019409,-0.12227995407584318,-0.4863665832959762
1670,brak churnu,0,748.7021124525281,195.5776771878054,859.9236820370667,111.22156958453854,0.14855249869699094,0.5686823321750413
1671,brak churnu,0,594.977140685407,120.66942414575738,747.5137799599743,152.53663927456728,0.25637394925601137,1.2640869081327286
1672,brak churnu,0,1691.5857640436134,311.27638089042966,1606.2378848983014,-85.34787914531194,-0.05045436120323808,-0.27418681398559014
1673,brak churnu,0,764.6391162041305,217.00298827426016,681.5263081802126,-83.11280802391786,-0.10869546987932253,-0.3830030576301345
1674,brak churnu,0,1642.7843373058656,304.15962918649757,1845.826615264657,203.04227795879137,0.12359642915257932,0.6675517013939236
1675,brak churnu,0,2440.4709077320103,557.3471353298861,2346.49144873402,-93.97945899799015,-0.03850873972733712,-0.16861925547058745
1676,brak churnu,0,649.4757168931085,135.09063927853748,594.9535054493418,-54.52221144376665,-0.08394803689441091,-0.4035972568857986
1677,brak churnu,0,1769.6206527826673,296.123236144941,1449.7548293471723,-319.86582343549503,-0.18075389374130388,-1.0801780623487882
1678,brak churnu,0,1255.8633724263061,310.84235515225384,1444.831194295799,188.9678218694928,0.15046845542155615,0.6079217286104218
1679,brak churnu,0,1816.859028899785,445.7591236876236,1299.2358863993127,-517.6231425004723,-0.284900002843877,-1.1612171574152885
1680,brak churnu,0,2802.3076629024467,659.785877486456,2499.3269383065717,-302.980724595875,-0.10811829429252155,-0.45921068476051846
1681,brak churnu,0,973.4455848281937,210.0936522532677,878.091013677629,-95.35457115056465,-0.09795572822634362,-0.45386697850163893
1682,brak churnu,0,979.9396505330905,158.20373952789205,1019.3183440532559,39.378693520165484,0.04018481495135271,0.2489112687075443
1683,brak churnu,0,3040.1944217556515,838.770423282136,3356.97100755566,316.77658580000843,0.10419616046038144,0.37766780635927927
1684,brak churnu,0,980.175106084406,210.99369031690077,843.4505857912461,-136.7245202931599,-0.13948989261658123,-0.6480028861896643
1685,brak churnu,0,1052.7062242208176,228.42247707096374,856.5818744379216,-196.12434978289605,-0.18630492085107747,-0.8586035503063314
1686,brak churnu,0,2555.9311818662754,581.6114561397967,1965.5049217681762,-590.4262600980992,-0.2310024089408327,-1.0151558293174057
1687,brak churnu,0,867.5333463667479,115.46892584756175,896.7340432730834,29.200696906335565,0.033659451856956096,0.25288792367294866
1688,brak churnu,0,1902.4317406072507,313.561788201674,1699.4987274491907,-202.93301315806002,-0.10667032557671918,-0.6471866815210892
1689,brak churnu,0,2537.6155168694568,502.0056186620202,2653.2011132512653,115.5855963818085,0.04554890038046477,0.23024761493681117
1690,brak churnu,0,3476.5747127385757,916.290657589996,4630.806184475604,1154.2314717370282,0.3320024930020314,1.2596783151460453
1691,brak churnu,0,5380.213839093526,673.7927961088751,5535.412862305322,155.19902321179597,0.02884625553060626,0.2303364240580543
1692,brak churnu,0,853.6577118838884,152.6751927613862,799.3437990692742,-54.31391281461424,-0.06362493076382099,-0.3557481201251906
1693,brak churnu,0,847.0294720665382,137.47578670122152,724.4799663105124,-122.54950575602584,-0.14468151321468892,-0.8914261099837514
1694,brak churnu,0,1309.188479589769,194.42953079209354,1732.7923841145957,423.6039045248267,0.32356219988856144,2.178701469880071
1695,brak churnu,0,1477.826642855082,185.201347765864,1124.7212666173086,-353.10537623777327,-0.2389355868937324,-1.9066026273425265
1696,brak churnu,0,635.0614126895725,106.96891530823768,731.68719024366,96.62577755408745,0.15215186377781004,0.9033070708032719
1697,brak churnu,0,758.8488130597523,114.15814509219398,1000.3924363533841,241.54362329363187,0.3183026963166806,2.115868500653734
1698,brak churnu,0,997.28013517055,259.44529757230015,1016.966766318426,19.686631147876028,0.01974032215582968,0.07587969923559672
1699,brak churnu,0,1644.1361461787574,254.17109135697535,1967.1184594571473,322.98231327838994,0.19644499272706456,1.2707279634125321
1700,brak churnu,0,1351.0145909747407,262.8905186034088,1319.0793311052985,-31.935259869442234,-0.023637982952057778,-0.12147741211473323
1701,brak churnu,0,3547.530143246949,913.8876009680655,3428.909000743597,-118.62114250335208,-0.033437670072841624,-0.12979839356360534
1702,brak churnu,0,899.4626841420878,230.9311279324906,863.1221807476246,-36.34050339446321,-0.040402458084322836,-0.1573651145249108
1703,brak churnu,0,1524.7801222180074,358.9693611011076,1648.1877440582346,123.4076218402272,0.08093470005413858,0.3437831614979199
1704,brak churnu,0,1700.041759357995,498.3098735193674,1298.387074798574,-401.65468455942096,-0.23626165789662845,-0.8060339678254643
1705,brak churnu,0,373.228259154439,69.3484269931742,321.9492265598752,-51.27903259456377,-0.13739322073504864,-0.7394404576705258
1706,brak churnu,0,822.9598430293141,144.0291795797316,1001.4642190014856,178.5043759721715,0.21690532956638214,1.23936258258942
1707,brak churnu,0,3841.011896589621,991.8001948028839,1823.1889302654868,-2017.822966324134,-0.52533629695751,-2.034505515221408
1708,brak churnu,0,1210.8407590363304,312.9482973347766,1432.2675753377985,221.42681630146808,0.18287030284452485,0.7075507941319669
1709,brak churnu,0,836.7057580942775,158.33799122041123,914.35733521819,77.65157712391249,0.09280631377603468,0.4904165862242067
1710,brak churnu,0,2355.5633038429,595.4562770050029,1275.6799637941801,-1079.88334004872,-0.4584395326107274,-1.8135392668631605
1711,brak churnu,0,2157.8336629730793,375.41608076970715,1523.2813930510993,-634.55226992198,-0.29406913091145737,-1.6902639562508133
1712,brak churnu,0,853.111201311457,205.2551664116101,708.5662095629818,-144.54499174847513,-0.1694327674121162,-0.7042209668847539
1713,brak churnu,0,905.50581955924,195.67397801730684,695.370413278468,-210.13540628077192,-0.23206411459956877,-1.0739057303888717
1714,brak churnu,0,918.4900552400073,135.5270757862371,1024.0680504161214,105.57799517611409,0.11494734708752603,0.7790177317972917
1715,brak churnu,0,1328.6058651659514,380.90897726897975,1176.7336486449076,-151.8722165210438,-0.11430945813420294,-0.3987099952590482
1716,brak churnu,0,1952.8925409200583,282.56510634441764,1787.454823167319,-165.43771775273922,-0.08471419409221422,-0.5854853059991341
1717,brak churnu,0,1666.1765777120847,468.09972220792235,827.4109965030142,-838.7655812090705,-0.5034073773626226,-1.7918523370464732
1718,brak churnu,0,1920.6513728942775,420.14622903842354,1834.2755481603929,-86.37582473388466,-0.04497215161110825,-0.20558514813180756
1719,brak churnu,0,1563.3232073892777,267.1452090497949,1799.866123916487,236.54291652720917,0.15130774967655708,0.8854469723360018
1720,brak churnu,0,1083.8667514470148,296.7144298803352,791.2942585127803,-292.57249293423456,-0.26993400484297175,-0.986040662236174
1721,brak churnu,0,682.5426467245736,164.44508468827,595.143426291527,-87.3992204330466,-0.12804946453157642,-0.5314796766271535
1722,brak churnu,0,2855.4023131442864,620.1287463775801,2057.215508456302,-798.1868046879845,-0.2795356720885486,-1.2871307923564463
1723,brak churnu,0,1588.7681728461603,330.87358670315666,1171.721855905619,-417.0463169405414,-0.26249664618685925,-1.2604400402462304
1724,brak churnu,0,1026.4421303266167,277.12906304986797,1409.3098450881353,382.8677147615185,0.3730046764932466,1.3815502082241855
1725,brak churnu,0,616.6255657708846,169.0252526740793,854.059864656574,237.43429888568937,0.38505425669280674,1.404726779752366
1726,brak churnu,0,566.3409277920404,147.9147358232098,566.7328094815035,0.3918816894631618,0.000691953680605369,0.002649375583049044
1727,brak churnu,0,1419.1319607240189,242.6094934362961,1564.3325810628362,145.20062033881732,0.10231650357922897,0.5984952125418117
1728,brak churnu,0,840.3260981941502,170.39578387182797,622.7849881921501,-217.5411100020001,-0.25887701270910557,-1.2766812949176896
1729,brak churnu,0,611.6930766594828,163.03194251149273,578.5694321963513,-33.12364446313154,-0.054150759142187914,-0.20317272770516448
1730,brak churnu,0,1402.595048908151,241.65862153879002,1367.4515370004583,-35.143511907692755,-0.0250560644250457,-0.1454262698508841
1731,brak churnu,0,1059.8502079986038,166.23138079440162,812.2984821593939,-247.5517258392099,-0.23357237086048296,-1.489199720631491
1732,brak churnu,0,1029.1100502374918,187.08103512356368,889.3940902894042,-139.71595994808763,-0.13576386696043327,-0.7468205414611253
1733,brak churnu,0,4899.144555614142,1432.6725417054386,1789.8901011166017,-3109.25445449754,-0.634652523354207,-2.1702478158730645
1734,brak churnu,0,467.2859848766558,103.26466161485466,430.53234106186363,-36.753643814792156,-0.07865342639046537,-0.3559169539708745
1735,brak churnu,0,747.6182496104759,121.13091887989899,786.0353923822063,38.41714277173037,0.051386041996361737,0.31715389536358485
1736,brak churnu,0,1563.9276941470207,207.952487437419,1456.4809613389252,-107.44673280809548,-0.06870313327797282,-0.5166888558639164
1737,brak churnu,0,1760.0690734226455,363.0245619239168,1222.2962718122862,-537.7728016103592,-0.305540736855629,-1.4813675382192637
1738,brak churnu,0,1968.6132247348698,478.54340483203214,2079.777524877835,111.16430014296498,0.05646832945457655,0.23229721488269897
1739,brak churnu,0,777.6271859577213,177.9823703538944,598.0404682108842,-179.58671774683705,-0.2309419230574598,-1.009014080381965
1740,brak churnu,0,1999.914167402593,593.9427243411267,1804.3448754211208,-195.56929198147213,-0.09778884272592037,-0.32927298200078353
1741,brak churnu,0,2258.0410668300806,407.9939286089085,2332.458971390755,74.41790456067429,0.032956842837736706,0.18239953916571439
1742,brak churnu,0,1192.5611844649932,294.7126162450641,1183.681102366694,-8.880082098299226,-0.007446227677016848,-0.030131326617232834
1743,brak churnu,0,1380.677161508966,223.4682804316244,1608.1029400053312,227.42577849636518,0.1647204609713451,1.0177094398233921
1744,brak churnu,0,344.40020569619935,99.8110387555792,37.63907136367135,-306.761134332528,-0.8907112401759907,-3.0734189139513464
1745,brak churnu,0,4164.438343724317,574.542667742594,3813.226312039134,-351.21203168518286,-0.08433599028172642,-0.6112897290380748
1746,brak churnu,0,1688.3140283103069,245.0063526564449,1922.7348040877732,234.42077577746636,0.13884903628507939,0.956794684038981
1747,brak churnu,0,1603.2891328899723,340.34503907879036,1770.366249417001,167.0771165270287,0.10420897460077437,0.4909051031836844
1748,brak churnu,0,766.7974678560199,212.25834680878995,933.2897424076361,166.49227455161622,0.2171267923160098,0.7843850527187914
1749,brak churnu,0,904.9094424240565,179.61677631544794,875.055253761618,-29.854188662438446,-0.032991355005055026,-0.16621046917136345
1750,brak churnu,0,1329.513546530292,247.45348495943117,1178.841005110273,-150.6725414200189,-0.11332907574596565,-0.6088923800960853
1751,brak churnu,0,1146.5141426652253,323.1434033334121,1133.8733661660606,-12.640776499164758,-0.011025399538273103,-0.03911816354215435
1752,brak churnu,0,1095.782479680042,188.9919995124387,1048.0989812664104,-47.68349841363147,-0.04351547802402772,-0.2523043225990798
1753,brak churnu,0,1134.4204126007512,227.1915787347296,1368.3348114245675,233.91439882381633,0.20619727591779533,1.0295909739547888
1754,brak churnu,0,801.6369419868427,170.722995103239,1006.6426180043966,205.00567601755392,0.255733818241274,1.2008088066495297
1755,brak churnu,0,2131.3226995098826,507.7755611486618,1012.4093722515418,-1118.9133272583408,-0.524985412821646,-2.2035588414834244
1756,brak churnu,0,959.1790182751345,142.495841376352,1081.0532791794749,121.87426090434042,0.1270610163298855,0.8552829312572918
1757,brak churnu,0,993.5558394092527,258.1102682948796,357.93304987782267,-635.62278953143,-0.6397454117016291,-2.462601715656113
1758,brak churnu,0,2792.432929571613,830.7567125939967,1697.3534435265794,-1095.0794860450335,-0.39215963772960866,-1.3181710956336448
1759,brak churnu,0,1810.9021498503353,521.1527255783839,1721.153391554611,-89.7487582957242,-0.049560247251979696,-0.17221200982134277
1760,brak churnu,0,1718.3215432237594,367.15487289609274,1524.5507856865697,-193.77075753718964,-0.11276746095707703,-0.5277630009612538
1761,brak churnu,0,923.8918243318903,188.32943560599742,974.5278794087167,50.636055076826324,0.05480734188057529,0.26886957375458626
1762,brak churnu,0,1528.3947397708657,362.620404752553,1902.1077001086026,373.71296033773683,0.2445133777375884,1.030589992840456
1763,brak churnu,0,2147.606396360898,544.3528880269133,2281.795379196547,134.18898283564886,0.06248304301152717,0.24651101479783907
1764,brak churnu,0,5713.167791379364,1640.5222882794626,6192.407621208336,479.2398298289727,0.0838833808718345,0.29212637539450137
1765,brak churnu,0,986.7068961952338,199.86184060298928,1020.6427765127434,33.9358803175096,0.03439307098021428,0.1697966966336546
1766,brak churnu,0,3249.6951566778225,692.0994428248932,2201.9548862962884,-1047.7402703815342,-0.3224118632261629,-1.513857988535646
1767,brak churnu,0,1612.6845582469705,318.3988401412368,1943.463914931318,330.7793566843475,0.20511100884100553,1.0388836735008797
1768,brak churnu,0,2055.4675339411065,485.32388520265874,2223.562016830324,168.0944828892175,0.08177919627215759,0.34635526503919245
1769,brak churnu,0,1055.5970902730244,141.89706956623954,1022.9728952140006,-32.624195059023805,-0.03090591605418857,-0.22991450886724885
1770,brak churnu,0,1662.389732310941,259.0068051666437,1663.456409328566,1.0666770176248974,0.0006416527947042091,0.004118335875146611
1771,brak churnu,0,1098.186712326838,138.37897672275307,1114.4696523272032,16.282940000365215,0.01482711438555373,0.11766917479805211
1772,brak churnu,0,1238.48179584668,199.69027545856454,1423.2837707863082,184.80197493962828,0.149216545256759,0.9254430367991276
1773,brak churnu,0,1671.2351224664424,448.2261797022037,1902.2336192863804,230.99849681993805,0.13822022629528383,0.5153614565160178
1774,brak churnu,0,270.08360981079255,79.56322913948115,241.09604443713283,-28.98756537365972,-0.10732811737064311,-0.364333696447162
1775,brak churnu,0,2056.935555190115,520.5196936347203,3244.382436985489,1187.4468817953743,0.5772892975665556,2.2812717680354986
1776,brak churnu,0,1655.6303174388993,281.980334988375,1190.9170418737144,-464.71327556518486,-0.2806866186674158,-1.6480343410626253
1777,brak churnu,0,3207.984275772318,463.36040206854665,3516.839091183397,308.854815411079,0.09627691062691465,0.6665541855373929
1778,brak churnu,0,1993.2423966775327,484.4699535069669,2233.0112196308646,239.7688229533319,0.12029085040183488,0.49490958359274995
1779,brak churnu,0,1136.828381468921,251.53434672603754,1338.417365399089,201.58898393016807,0.1773257839232431,0.8014372055110699
1780,brak churnu,0,497.906567624617,132.93950642543317,397.38931064001105,-100.51725698460598,-0.20187975720856166,-0.7561127590088271
1781,brak churnu,0,760.1522530624908,187.1750067333902,829.954903996736,69.80265093424521,0.09182719731872827,0.37292719873477154
1782,brak churnu,0,1586.9400781223276,431.46117295056973,2009.7593697889886,422.819291666661,0.26643683494775816,0.979970662887669
1783,brak churnu,0,1115.7269579005622,305.73390293435176,1057.1551630141298,-58.57179488643237,-0.05249653104792375,-0.1915776900248093
1784,brak churnu,0,663.526058258371,149.87002837472912,620.4350475481507,-43.0910107102203,-0.06494245429233927,-0.2875225365439795
1785,brak churnu,0,3124.58361378177,824.414058093053,3808.9949725979045,684.4113588161345,0.21904082060642072,0.8301791461431918
1786,brak churnu,0,762.621151127849,221.40540997368782,919.6379705279305,157.01681940008154,0.2058909842296763,0.7091823972085491
1787,brak churnu,0,994.6800740026405,275.4793031767291,555.2360355658822,-439.4440384367583,-0.44179435169382086,-1.595198018033465
1788,brak churnu,0,1029.1458515987817,228.32898357505798,652.2546836529384,-376.89116794584334,-0.36621744853787397,-1.6506496987140002
1789,brak churnu,0,537.7678993501585,137.4997956673089,457.46895361255656,-80.29894573760191,-0.1493189642495128,-0.5839932004836667
1790,brak churnu,0,630.6795098399537,141.3712862770876,657.6730992849008,26.993589444947133,0.042800802981211875,0.19094110378284118
1791,brak churnu,0,4771.80961409002,1152.5627024182684,3778.407235601311,-993.4023784887086,-0.20818147806136847,-0.8619074488566957
1792,brak churnu,0,1672.6257744049578,433.03538061030923,1183.9075701497297,-488.7182042552281,-0.29218622105060604,-1.1285872382215996
1793,brak churnu,0,714.3926260117406,131.3306684175576,777.2633561819832,62.87073017024261,0.0880058498381104,0.4787208572665531
1794,brak churnu,0,1731.8006456544929,381.9270393302848,2150.749440568594,418.948794914101,0.24191513957760954,1.0969341046099654
1795,brak churnu,0,999.5298501707261,155.99411752607668,1003.356980737066,3.8271305663398607,0.0038289307374723847,0.024533813370879835
1796,brak churnu,0,878.903779197496,223.24414650764544,909.2923528294256,30.388573631929603,0.034575540976370146,0.13612259988590064
1797,brak churnu,0,1448.204917196069,273.9301767618056,1300.037609481109,-148.16730771495986,-0.10231100996524227,-0.540894433269387
1798,brak churnu,0,673.3380375740187,164.73408111723077,551.6073130179118,-121.7307245561069,-0.18078694171904003,-0.7389528853442227
1799,brak churnu,0,2058.62166389876,356.8971280948045,2003.3870949405252,-55.234568958234604,-0.026830849945311253,-0.15476327661443762
1800,brak churnu,0,1227.473459892999,206.91811038224083,1008.0854123743868,-219.3880475186122,-0.1787313980195846,-1.0602650831932285
1801,brak churnu,0,3786.22474409591,708.7434053675365,3520.54903865052,-265.6757054453901,-0.07016902677519986,-0.3748545713912038
1802,brak churnu,0,1270.1339298434975,264.59487724031595,1315.75888251682,45.62495267332247,0.03592137144068284,0.17243324265829987
1803,brak churnu,0,604.4097382897431,149.31208242586138,550.2947408621988,-54.11499742754438,-0.08953362925731456,-0.3624287904122853
1804,brak churnu,0,1586.617491972373,332.9410951580236,1607.2080801294462,20.59058815707317,0.012977663653182328,0.061844537837241975
1805,brak churnu,0,2657.97290419205,606.1992094253543,3327.0262628911787,669.0533586991287,0.25171564301649735,1.103685633858475
1806,brak churnu,0,1266.0373771478462,341.7685096060605,1266.008385793691,-0.028991354155095905,-2.2899287713296583e-05,-8.482745876298782e-05
1807,brak churnu,0,867.6029154607627,184.34289613291733,779.9283884327671,-87.67452702799562,-0.10105374874337972,-0.4756056721859213
1808,brak churnu,0,795.871166202303,138.91976828126914,713.2913791240719,-82.5797870782311,-0.10376024485505748,-0.5944423036398451
1809,brak churnu,0,470.95257915482506,58.84211151679551,498.4546536951867,27.50207454036166,0.05839669588330334,0.46738762140634005
1810,brak churnu,0,420.18039178905843,88.79765198972338,322.4611446081523,-97.71924718090611,-0.2325649865878647,-1.1004710709266865
1811,brak churnu,0,618.867917753798,127.0627810977639,645.9169053434621,27.04898758966408,0.043707206034915,0.21287891982194382
1812,brak churnu,0,1612.5328036846254,455.2635460162068,1186.622094358554,-425.91070932607136,-0.2641252992515058,-0.935525615993224
1813,brak churnu,0,2588.0087381111803,488.42134615084126,2599.1461553349723,11.137417223792,0.004303469713908492,0.022802887940021326
1814,brak churnu,0,1193.6372379086424,327.7154904464279,1414.669819171513,221.0325812628705,0.18517567502345944,0.6744648565796221
1815,brak churnu,0,270.7155188495448,54.209609920296586,332.5803360464578,61.86481719691295,0.22852334975039046,1.1412149485648704
1816,brak churnu,0,429.5380329750249,82.95353093977245,498.0396978789806,68.50166490395566,0.15947753084751548,0.8257835938736662
1817,brak churnu,0,535.3803992123579,133.92837642083396,696.4957168826934,161.11531767033546,0.30093615288748976,1.2029961235703615
1818,brak churnu,0,560.8595180603794,116.1272446553894,602.0924815148865,41.23296345450706,0.07351745334928615,0.35506709538202635
1819,brak churnu,0,224.57511300547296,56.74268518237479,273.8180315389514,49.242918533478445,0.21927148504775942,0.8678284852965348
1820,brak churnu,0,417.05681904871693,99.4715291134383,293.124160311424,-123.93265873729291,-0.2971601304109505,-1.2459108635593499
1821,brak churnu,0,1074.374416428212,166.74296158658805,1195.3760935100656,121.00167708185359,0.11262524054149303,0.7256778692815682
1822,brak churnu,0,954.0962355927777,151.80811263131665,1097.466376450221,143.3701408574434,0.1502680080991703,0.9444168587065842
1823,brak churnu,0,3267.6769186697397,689.8727212085901,3031.704512753461,-235.9724059162786,-0.07221411779361045,-0.3420520896997896
1824,brak churnu,0,978.1763659879995,177.41299665518986,1082.0117222342096,103.83535624621015,0.10615197816738503,0.5852748006281572
1825,brak churnu,0,1681.3023336821866,246.5193305552644,1710.7239507293407,29.421617047154086,0.017499301855317353,0.11934811351663308
1826,brak churnu,0,2134.462883303491,265.59358549846434,2012.5364999282942,-121.92638337519656,-0.05712274705217272,-0.45907126539357457
1827,brak churnu,0,411.7618784231856,83.01519005229557,465.8707951446326,54.10891672144703,0.1314082715200676,0.651795372477748
1828,brak churnu,0,1188.932936918379,179.040787979895,1054.6899735009113,-134.24296341746776,-0.11291045882319906,-0.7497898380146891
1829,brak churnu,0,1422.3321823373153,207.42919643150285,1518.189421992052,95.85723965473676,0.06739441098577603,0.46212028636186075
1830,brak churnu,0,1059.496518158356,128.30238817557645,945.6700090262739,-113.82650913208204,-0.10743452874195207,-0.8871737365972894
1831,brak churnu,0,1323.6451108772035,285.3116644177475,1750.5812865489647,426.93617567176125,0.32254580337536465,1.4963852828906778
1832,brak churnu,0,1468.22947557579,346.1773081639613,1635.9496720971113,167.7201965213212,0.11423295834293683,0.4844921737096738
1833,brak churnu,0,1576.9206542405993,422.99268807174377,1218.9417857437652,-357.97886849683414,-0.22701133854399713,-0.8463003701759435
1834,brak churnu,0,978.5633647122579,184.41886867586012,685.4792482373689,-293.084116474889,-0.29950448488439896,-1.5892306388128974
1835,brak churnu,0,2994.198868774627,586.4569744498642,2240.5924759174545,-753.6063928571725,-0.2516888242515385,-1.2850156544972555
1836,brak churnu,0,676.0214382076775,123.75895055622324,551.2771609982788,-124.74427720939877,-0.18452710248380708,-1.0079616597324643
1837,brak churnu,0,1212.026635797311,292.4220141179524,1420.04820077615,208.02156497883902,0.17163118271076247,0.7113745030664165
1838,brak churnu,0,1033.5297801635397,167.9807750348481,870.2026613193793,-163.3271188441604,-0.158028459342813,-0.9722964952999991
1839,brak churnu,0,2644.3554807166806,448.6848242163048,1983.2884892195939,-661.0669914970867,-0.24999172627044927,-1.473343772327801
1840,brak churnu,0,2725.0843188667923,519.2213419188217,2753.3596341004395,28.275315233647234,0.010375941411385514,0.05445715141283228
1841,brak churnu,0,981.7324592425679,163.885868773098,562.1816524111241,-419.55080683144377,-0.4273575788205456,-2.560018200302047
1842,brak churnu,0,506.90854004989814,114.30334141646217,354.87011409151245,-152.0384259583857,-0.29993265835178,-1.3301310711857182
1843,brak churnu,0,5017.537111801111,906.7760325449406,6876.415510318922,1858.8783985178115,0.3704762629748727,2.0499862499681627
1844,brak churnu,0,1712.3895736815955,241.87901589147722,1844.4331405189052,132.04356683730975,0.07711070475243512,0.5459074916054444
1845,brak churnu,0,722.406315024704,162.90108923562372,774.608384751665,52.202069726960985,0.072261369593891,0.3204525517411045
1846,brak churnu,0,542.8955817874273,117.88326811881795,622.6552699739766,79.75968818654928,0.14691533853333047,0.6765988885391029
1847,brak churnu,0,2182.131862386423,275.88880538627166,2358.8530722348783,176.72120984845515,0.08098557786292039,0.6405523036754897
1848,brak churnu,0,1208.2302178048833,328.2988208046519,612.5199598299994,-595.7102579748839,-0.4930436676688755,-1.814536697131027
1849,brak churnu,0,873.3300886062007,255.40124745578714,717.1007038349883,-156.22938477121238,-0.17888927315048556,-0.6117017294453797
1850,brak churnu,0,2671.6023323521435,554.256495393965,2440.6062864056626,-230.996045946481,-0.08646348416049872,-0.4167674134017847
1851,brak churnu,0,5957.414111959084,971.8893451878529,4362.578959603134,-1594.8351523559504,-0.26770594126643515,-1.640963716962748
1852,brak churnu,0,1514.6959254622095,248.7555039304052,1463.6036461540436,-51.09227930816587,-0.0337310469047278,-0.20539155315518184
1853,brak churnu,0,1623.5488696323143,375.52818539466267,2246.454031084161,622.9051614518469,0.38366887077006584,1.6587440987876916
1854,brak churnu,0,1173.807408120423,242.40231158664966,1295.7489042762297,121.94149615580682,0.10388543751914762,0.5030541802907574
1855,brak churnu,0,1496.9649476675274,266.5807906597135,1305.8427070812031,-191.12224058632432,-0.12767315686590955,-0.7169392817590112
1856,brak churnu,0,597.8289767839885,167.16692951573268,214.34337923712678,-383.48559754686175,-0.6414637169476402,-2.2940278837314563
1857,brak churnu,0,1766.936639590406,406.92593569098943,2494.0826650373747,727.1460254469687,0.4115292020972119,1.7869247488789883
1858,brak churnu,0,797.2956742153219,133.86388786275288,894.6646084605139,97.36893424519201,0.1221239966478183,0.727372675332886
1859,brak churnu,0,821.2853167985932,102.60423484601996,812.3367527164215,-8.948564082171629,-0.010895804294972094,-0.08721437371080153
1860,brak churnu,0,721.8160245617256,187.24384138125845,499.63574930233534,-222.18027525939027,-0.30780734660787606,-1.1865825525710918
1861,brak churnu,0,3716.6116339032314,595.336057368549,3461.8309230264363,-254.78071087679518,-0.0685518789621883,-0.4279611619745561
1862,brak churnu,0,2051.0863094424412,270.32688304192084,2329.310250012035,278.22394056959365,0.13564711503789662,1.0292129936867884
1863,brak churnu,0,1501.6126159396736,427.65167884255516,1631.628803633931,130.0161876942575,0.08658437356887579,0.30402356433195354
1864,brak churnu,0,923.321584957885,200.8394826005845,945.30742507216,21.985840114274993,0.023811682161939084,0.10946971098306847
1865,brak churnu,0,829.888094217185,129.90359261820743,898.2009675916082,68.31287337442325,0.0823157650416244,0.5258736267225333
1866,brak churnu,0,1229.8448780564686,257.75875401130196,1373.2846857850868,143.43980772861823,0.11663243900750885,0.5564885983361357
1867,brak churnu,0,2416.529383457143,331.2151900551136,2320.615026193146,-95.91435726399686,-0.03969095427541607,-0.28958320796832077
1868,brak churnu,0,527.16271015493,120.81614037439232,311.4077635717193,-215.7549465832107,-0.40927581262301654,-1.7858122756993917
1869,brak churnu,0,861.5177506423182,192.55884203933982,959.2477565865536,97.73000594423536,0.11343934105985767,0.5075332034052692
1870,brak churnu,0,2684.409968588759,571.0666204688807,3168.383729453405,483.973760864646,0.18029055417309428,0.8474908942625186
1871,brak churnu,0,1723.6360190561727,417.55315956107506,1159.8339557350553,-563.8020633211174,-0.32710041858480293,-1.350252178462203
1872,brak churnu,0,1711.0012446549622,493.4133036270051,1804.3992911425341,93.39804648757195,0.054586778811143676,0.1892896802761849
1873,brak churnu,0,2792.3042714727217,493.5958124461776,2010.7263091327495,-781.5779623399721,-0.2799042963637165,-1.5834371820672537
1874,brak churnu,0,742.7516447801439,93.3646845702865,899.9175514031563,157.16590662301235,0.2115995403410164,1.683354978880641
1875,brak churnu,0,1169.8352045039203,226.58099241945922,1112.8086792600186,-57.02652524390169,-0.04874748599148572,-0.25168274105857497
1876,brak churnu,0,1327.2170196941186,283.20000309484203,2056.0727442445095,728.855724550391,0.5491609237488297,2.5736430670387436
1877,brak churnu,0,977.5990964241292,171.90024150859247,1060.7855423045771,83.18644588044788,0.08509259693951028,0.4839227981904248
1878,brak churnu,0,1207.8136185512014,215.38875828043936,1148.7476129349982,-59.066005616203256,-0.048903245259855746,-0.27422975130066185
1879,brak churnu,0,897.0358197152955,266.8284297160551,786.2801427026614,-110.75567701263412,-0.12346851104316678,-0.41508199531247303
1880,brak churnu,0,4062.8663589971175,1205.909522379195,4258.489034465744,195.62267546862677,0.04814893185827419,0.1622200271564932
1881,brak churnu,0,1457.0264137888046,424.5606249764169,1860.8273549202668,403.8009411314622,0.2771404398094824,0.9511031343377455
1882,brak churnu,0,822.9744955916235,198.3817220212046,1011.6464757098546,188.6719801182311,0.2292561690901463,0.9510552595065404
1883,brak churnu,0,628.8593680927461,160.2263927028624,623.1118642329819,-5.7475038597641515,-0.009139569435366179,-0.03587114309202989
1884,brak churnu,0,841.947914272333,175.94294883540195,644.3712124365607,-197.57670183577238,-0.23466618122871793,-1.1229589088029281
1885,brak churnu,0,1934.8510120450542,556.1865541704127,2183.048882640457,248.19787059540295,0.12827751028388926,0.44624931820871816
1886,brak churnu,0,1225.0821242258046,231.1876538453916,780.12828012982,-444.95384409598455,-0.3632032786187088,-1.924643624756669
1887,brak churnu,0,431.15225355528304,67.95645175362715,428.15778605547615,-2.9944674998068876,-0.0069452669564278,-0.0440645063497898
1888,brak churnu,0,1884.5795393911437,414.65355578729856,1662.0836225216638,-222.49591686947997,-0.1180613034466894,-0.5365826815280269
1889,brak churnu,0,1264.1511470182604,314.1068185684784,1209.5372930512322,-54.61385396702826,-0.04320199692564087,-0.17387032289183466
1890,brak churnu,0,1049.3964459383276,257.76452137573983,767.1958574307631,-282.2005885075645,-0.2689170423626051,-1.0947999631656233
1891,brak churnu,0,687.2639846166378,138.5275317695394,486.34637184647875,-200.91761277015905,-0.29234416071174274,-1.4503803699066449
1892,brak churnu,0,995.248993710008,273.80914503727433,864.2242074567423,-131.0247862532657,-0.13165025745451114,-0.4785259682814062
1893,brak churnu,0,2215.0293339659097,632.7257555350621,2114.9733578808805,-100.05597608502922,-0.045171400012966656,-0.15813482414733893
1894,brak churnu,0,1093.4793110702944,327.03890452869103,1490.482988672527,397.00367760223253,0.3630646447381308,1.2139340980681506
1895,brak churnu,0,1447.3571712256555,278.9063153508162,1448.1495404103841,0.7923691847286136,0.0005474593282718301,0.0028409868874139667
1896,brak churnu,0,1952.2495497773962,458.73111415266743,1925.7079024661446,-26.54164731125161,-0.013595417304246786,-0.057858833840554465
1897,brak churnu,0,947.4504828565769,170.9892705373339,1013.1804220768764,65.72993922029957,0.06937559314141976,0.38440972941602236
1898,brak churnu,0,688.5126170743682,167.8924055626277,798.9427808369007,110.43016376253252,0.16038945550739941,0.6577436507176588
1899,brak churnu,0,1106.3586858345232,142.2824803051403,1261.5708246751735,155.21213884065037,0.1402909750950925,1.0908731595610437
1900,brak churnu,0,2329.917351062097,619.511616568316,2878.035067938172,548.1177168760746,0.2352520000875628,0.8847577708264516
1901,brak churnu,0,1353.708586109873,292.8073237422521,1561.805404561458,208.09681845158502,0.1537234974992579,0.7106954013034362
1902,brak churnu,0,637.0572958125601,84.60173473695481,472.0541325949162,-165.00316321764393,-0.2590083565516412,-1.9503520079189232
1903,brak churnu,0,538.2975921692214,87.18635872469142,508.2586710660346,-30.038921103186794,-0.05580355836654688,-0.3445369383763436
1904,brak churnu,0,730.5146970072359,101.355358752455,604.9739107734547,-125.5407862337812,-0.17185251268468005,-1.2386201161834514
1905,brak churnu,0,2299.2235570500325,634.0863779108333,1669.4753022867726,-629.7482547632599,-0.2738960519225213,-0.9931584665769566
1906,brak churnu,0,454.18840985684244,115.13636874790703,296.9075272040813,-157.28088265276114,-0.3462899520098612,-1.366039978185609
1907,brak churnu,0,810.1857331981441,241.15625054900448,620.9596480601558,-189.22608513798832,-0.2335588956757277,-0.7846617481703481
1908,brak churnu,0,2385.801999519723,366.87897128125576,2881.513258712857,495.7112591931341,0.20777552340593392,1.3511574606251098
1909,brak churnu,0,1593.6488573132658,281.27010096625895,1674.6064045951962,80.95754728193037,0.05080011629313171,0.28782848587110227
1910,brak churnu,0,8992.930501277346,1355.6705457227765,9991.630624879926,998.7001236025808,0.11105391323336998,0.7366835008354653
1911,brak churnu,0,2131.6356614417655,448.6127248644038,1721.8546861793188,-409.78097526244665,-0.19223781187132363,-0.9134403741808833
1912,brak churnu,0,2826.1200924127,779.3454234863559,2791.252909461531,-34.86718295116907,-0.01233747392574618,-0.04473906165406448
1913,brak churnu,0,869.1353073683047,190.53356409817695,527.1629447414984,-341.9723626268062,-0.3934627436345674,-1.7948142850600162
1914,brak churnu,0,1667.8702925953796,266.6918682029554,1887.7299858484866,219.85969325310703,0.1318206183233724,0.8243959395334522
1915,brak churnu,0,1536.0948144048662,358.675968493775,1474.6494341915143,-61.44538021335188,-0.040001033554141543,-0.1713116729603765
1916,brak churnu,0,2817.671915594053,495.42506369845034,2327.2493014398115,-490.4226141542417,-0.17405241946021432,-0.9899027120128636
1917,brak churnu,0,492.5772570596649,122.11793577147652,605.8956942644927,113.31843720482783,0.23005210975686968,0.9279426194763438
1918,brak churnu,0,835.2061117318308,212.8942994713002,935.2708273014766,100.06471556964584,0.11980840916280887,0.4700206431931041
1919,brak churnu,0,699.8696183868017,200.977785546289,832.7874680710272,132.91784968422553,0.18991801643083314,0.6613559270888276
1920,brak churnu,0,946.0296639225166,173.01207692249062,805.789748305421,-140.23991561709568,-0.14824050552032356,-0.8105787648565316
1921,brak churnu,0,1787.980276159367,429.95990842499447,1909.2835998563583,121.30332369699136,0.06784377060218717,0.2821270572443441
1922,brak churnu,0,861.7330126940714,177.3582105097322,884.9611555386568,23.228142844585477,0.026955150263962127,0.1309673951819156
1923,brak churnu,0,698.6620575138155,115.4722881838108,639.4518363940731,-59.210221119742414,-0.08474801298132835,-0.5127656345173532
1924,brak churnu,0,1896.9370423479586,539.6044407638518,1660.2448277643189,-236.69221458363972,-0.12477599904458128,-0.43864022736466657
1925,brak churnu,0,677.9453148783268,165.0741231595604,559.0707933014029,-118.87452157692394,-0.17534529550994649,-0.7201281418409838
1926,brak churnu,0,1253.2886512192829,319.60174075255685,1138.2406515670543,-115.04799965222855,-0.09179688936008651,-0.359973006972141
1927,brak churnu,0,700.0935019481602,96.72553449463284,759.3213097464516,59.22780779829134,0.08459985363880292,0.6123285656444504
1928,brak churnu,0,853.6616689857257,115.83609870817594,901.7366554335057,48.07498644778002,0.05631620605022608,0.4150259460040568
1929,brak churnu,0,1362.3601731289798,289.6591800096273,1287.2058645892662,-75.15430853971361,-0.055164786832474784,-0.2594577135004516
1930,brak churnu,0,3261.411323227208,643.4234086103083,4809.04158240356,1547.630259176352,0.4745277751856678,2.405306114862973
1931,brak churnu,0,289.81012201271756,48.15715469753452,242.57018770906757,-47.23993430364999,-0.16300305170699658,-0.9809536007755149
1932,brak churnu,0,1250.9394063703576,175.05849449770474,1106.1472787345706,-144.79212763578698,-0.11574671554708327,-0.8271071224006522
1933,brak churnu,0,2201.038054606158,431.71483832715717,1553.0192956426483,-648.0187589635095,-0.2944150636593435,-1.5010342509293957
1934,brak churnu,0,833.0418934160439,197.51534659216304,741.1670759211601,-91.87481749488381,-0.11028835190765013,-0.46515280498477074
1935,brak churnu,0,496.7866885830917,60.46556752588542,462.72362464356235,-34.06306393952934,-0.06856678071766009,-0.5633464686318685
1936,brak churnu,0,2543.17002544886,544.057180558876,3206.1046500767575,662.9346246278974,0.26067255354304986,1.2185017463548704
1937,brak churnu,0,689.3002211712518,185.87314830235513,721.1142866212538,31.814065450001976,0.04615414948793117,0.1711600935399816
1938,brak churnu,0,386.12279259838175,52.4583417502698,426.00737587994917,39.884583281567416,0.10329507619368278,0.7603096466800208
1939,brak churnu,0,304.02195640973434,52.13669881856936,299.69461196812085,-4.327344441613491,-0.014233657636823679,-0.08299997007237127
1940,brak churnu,0,890.6078396428456,216.57000196161812,605.529126476586,-285.0787131662596,-0.32009454720338276,-1.3163351830083236
1941,brak churnu,0,1500.6500088585608,198.67125843428892,1241.8691326025291,-258.78087625603166,-0.17244585661440678,-1.3025581973731957
1942,brak churnu,0,3654.87564647743,833.1758174663481,2603.121776306837,-1051.753870170593,-0.28776734748397625,-1.2623432511146704
1943,brak churnu,0,1337.9279995409981,221.84585068921373,1346.3910158509786,8.463016309980503,0.006325464683364055,0.038148183901967295
1944,brak churnu,0,740.6225347544644,153.2242166598657,837.6804812424853,97.05794648802089,0.13104914032922063,0.633437380877428
1945,brak churnu,0,2841.130315380373,591.5166329627123,2881.929140210061,40.79882482968833,0.014360068106987253,0.06897325038070432
1946,brak churnu,0,1388.519023001031,282.92382274949205,1848.6951027522423,460.1760797512113,0.33141503438435044,1.6265017038125593
1947,brak churnu,0,737.3051378131238,171.532744159216,966.816579228368,229.51144141524424,0.3112842019465431,1.338003671195353
1948,brak churnu,0,382.6523184240099,52.02380709632468,412.51547383672624,29.863155412716367,0.07804253097357576,0.5740286434136441
1949,brak churnu,0,5874.703486824704,1408.8790075582679,5523.00112649267,-351.702360332034,-0.059867253065759456,-0.2496327636690182
1950,brak churnu,0,482.82662027156016,59.90404045371653,596.429508693354,113.60288842179386,0.23528712720499806,1.8964144582128228
1951,brak churnu,0,2273.9105504823183,528.9125672911911,1743.5688357984377,-530.3417146838806,-0.23322892563711003,-1.0027020484690103
1952,brak churnu,0,1684.3981374365703,462.7809764794902,1686.4788252743208,2.0806878377504745,0.0012352708017814625,0.004496053086665043
1953,brak churnu,0,2117.3689406458834,596.1850713604387,2455.613967530693,338.2450268848097,0.1597477985020557,0.5673490382994095
1954,brak churnu,0,2744.1389426464702,789.0443327692711,3204.2695051287383,460.13056248226803,0.16767757467794772,0.5831491886740633
1955,brak churnu,0,5441.075577057732,1602.9457715895117,7938.883344470255,2497.8077674125234,0.4590650749172677,1.558260929148994
1956,brak churnu,0,1527.1967488011576,195.9924928165514,988.0166434535674,-539.1801053475901,-0.3530521563582715,-2.7510242744463773
1957,brak churnu,0,549.4366347720463,99.34819760704997,667.2353647250559,117.79872995300957,0.21439911811101317,1.1857158236421825
1958,brak churnu,0,290.00470951496317,60.689940058971565,405.645899829909,115.64119031494585,0.39875624953938615,1.9054424868862767
1959,brak churnu,0,379.4221670616067,56.534331858737815,300.94155199291686,-78.48061506868981,-0.206842461726668,-1.3881939078149736
1960,brak churnu,0,483.98819278416056,72.8320692675004,391.98914852428646,-91.9990442598741,-0.19008530710355986,-1.2631666954563174
1961,brak churnu,0,579.0211176271122,82.25505155767573,655.0570701317374,76.03595250462524,0.1313180990984031,0.9243924970530257
1962,brak churnu,0,882.7942570586116,209.94698834364706,1054.2768212587064,171.48256420009477,0.19424975052676344,0.8167898265794952
1963,brak churnu,0,1489.1821048587572,392.97505322320285,1676.9827561073464,187.80065124858925,0.1261099301662649,0.4778945882397319
1964,brak churnu,0,3069.2931533784636,409.7372731086477,2699.8444997436022,-369.44865363486133,-0.12036929520016622,-0.9016720661800683
1965,brak churnu,0,1132.950046955274,294.97341987308556,1329.5119559623422,196.56190900706815,0.17349565370098607,0.6663715974532225
1966,brak churnu,0,1177.1654803765548,257.46623822342815,1189.1411834099024,11.9757030333476,0.010173338611251819,0.04651368317641373
1967,brak churnu,0,1637.289641769061,284.7919600102762,1880.88256634252,243.59292457345896,0.14877815040120898,0.8553363815631219
1968,brak churnu,0,1008.3627610593643,126.87672747479384,987.1992186342097,-21.16354242515456,-0.020988024590397007,-0.16680397458516613
1969,brak churnu,0,1866.884544482405,458.20959972136154,2262.6157193406166,395.7311748582115,0.21197410200207545,0.8636466261266823
1970,brak churnu,0,825.4648174985119,137.73427568778638,736.1870256175754,-89.27779188093655,-0.10815456938732278,-0.6481886330408406
1971,brak churnu,0,2007.7319027856154,493.66689547958185,1959.4823675579476,-48.24953522766782,-0.024031861604990337,-0.09773702808407866
1972,brak churnu,0,475.0689108398423,58.913831710262805,491.11029920129715,16.041388361454835,0.033766445236537046,0.2722856058717434
1973,brak churnu,0,532.2153939759099,91.23166203968007,459.1016791950789,-73.11371478083106,-0.13737617439930808,-0.8014072433431187
1974,brak churnu,0,2930.532863176804,744.5394629157167,2849.049518160124,-81.48334501667978,-0.02780495862733608,-0.10944127084624908
1975,brak churnu,0,730.8826872810718,199.8950987881675,683.0815177973308,-47.80116948374098,-0.06540197259503334,-0.23913127322044425
1976,brak churnu,0,1645.483895147186,453.15848617424547,2930.995772970742,1285.511877823556,0.7812363777091655,2.836782090690584
1977,brak churnu,0,954.6006026973771,159.27944892602778,1046.5153501019042,91.91474740452713,0.09628607728175247,0.5770659556162452
1978,brak churnu,0,1093.1893516576515,137.57530643604701,1222.508947894325,129.31959623667353,0.11829569693537582,0.9399913370121314
1979,brak churnu,0,487.73596161002644,96.8797518232347,455.59669090967236,-32.139270700354075,-0.06589481446941431,-0.33174394128295137
1980,brak churnu,0,2694.5214316882048,585.5860845447439,2040.1332782732657,-654.3881534149391,-0.24285876731919098,-1.1174926636511255
1981,brak churnu,0,575.9517492820444,94.6395146605641,457.479595593322,-118.47215368872236,-0.2056980534157669,-1.2518254569841873
1982,brak churnu,0,2691.2104589932223,401.35044951858487,3185.823610796065,494.6131518028428,0.18378835819026834,1.2323722382673932
1983,brak churnu,0,1375.261747498763,309.71403113981773,1578.41236901816,203.15062151939696,0.147717786733234,0.6559296676736172
1984,brak churnu,0,1230.7766758569912,222.83235823124087,1510.238460646588,279.4617847895968,0.22706132661720066,1.2541346643183193
1985,brak churnu,0,609.7574057893772,102.01745421610812,612.8168351096763,3.0594293202990457,0.005017453320371537,0.029989273343541
1986,brak churnu,0,1067.2729990638793,167.89279488994555,857.545192724831,-209.72780633904824,-0.19650811603310828,-1.2491769314849142
1987,brak churnu,0,1390.22693127098,211.05030760227024,1465.880169831453,75.65323856047303,0.054417906068981815,0.35846068844895274
1988,brak churnu,0,1796.98829843781,355.3974991341027,2152.2878711851035,355.2995727472935,0.19771946932329434,0.9997244595500875
1989,brak churnu,0,3900.7260745134136,982.91875345858,4912.7183919634135,1011.99231745,0.25943690946723,1.0295788068842102
1990,brak churnu,0,726.863160267166,204.77477416432143,743.5228548514896,16.659694584323574,0.022919987550614248,0.08135618585009406
1991,brak churnu,0,1561.2785970557895,274.71428047329897,1679.6911422701794,118.41254521438987,0.075843315496471,0.43103891435996555
1992,brak churnu,0,3723.0703703835497,517.3640421204233,3922.46599003748,199.39561965393023,0.05355676896147105,0.3854067995075666
1993,brak churnu,0,1310.2532569257921,184.21396968594283,1615.4079830293247,305.15472610353254,0.23289751388942007,1.6565232627241873
1994,brak churnu,0,2241.053317124347,274.0236345335573,2262.8584924687057,21.80517534435876,0.009729877989845646,0.07957406805976974
1995,brak churnu,0,4768.82888203431,1357.6082373779184,4987.883645164178,219.05476312986866,0.04593470819536373,0.1613534428407348
1996,brak churnu,0,1275.3689908441743,252.0462204640887,1041.6685309011575,-233.70045994301677,-0.18324144747186386,-0.9272127132583374
1997,brak churnu,0,1496.0679103752934,353.42036248681364,1834.703833412186,338.63592303689256,0.22635063601621178,0.958167550545499
1998,brak churnu,0,1170.4611047712954,172.0662969347142,1358.517754769914,188.0566499986187,0.1606688588215534,1.092931348839172
1999,brak churnu,0,1629.4210195614467,248.01442650408174,1658.4077717259727,28.986752164526024,0.017789602451751676,0.11687526638313908
2000,brak churnu,0,2639.985126999772,577.9279352580993,2544.354151742047,-95.63097525772491,-0.03622405834020942,-0.16547214526845233
2001,brak churnu,0,2105.938244004421,522.927848580777,1759.205844634782,-346.7323993696391,-0.16464509363310237,-0.6630597324481163
2002,brak churnu,0,912.8321688822547,193.42761466081578,1029.4962184778374,116.6640495955827,0.12780448977651124,0.6031406105077524
2003,brak churnu,0,781.5813998282658,228.08745083932425,286.39127121798805,-495.1901286102778,-0.6335746074805314,-2.1710538075990575
2004,brak churnu,0,4737.708281079821,914.2785023608932,4430.715413649131,-306.99286743069024,-0.06479775647155722,-0.3357760973685357
2005,brak churnu,0,790.3191569763842,223.8299071928924,1395.1458807952433,604.8267238188591,0.765294271915178,2.702171177230712
2006,brak churnu,0,266.0991597316959,40.256232588533486,325.20262359750075,59.10346386580483,0.22211067455229105,1.4681816967303531
2007,brak churnu,0,468.29200843375156,60.159823857645385,394.2413609639726,-74.05064746977894,-0.15812921454168857,-1.2308986749197113
2008,brak churnu,0,2505.445797131635,542.1946992787631,3538.574584938696,1033.1287878070607,0.4123532782029611,1.9054571894217092
2009,brak churnu,0,1002.4840106566236,139.89918123973146,949.9417181595073,-52.54229249711625,-0.05241210028148103,-0.3755725518298759
2010,brak churnu,0,1618.2640107256912,241.7127376699687,2019.7035840325477,401.4395733068566,0.2480680350339348,1.6608126537997212
2011,brak churnu,0,811.9047568847376,118.75120346387624,826.8977861495584,14.993029264820848,0.01846648777172929,0.12625580901486766
2012,brak churnu,0,1214.9692999001468,307.04874186936615,921.3397972566025,-293.62950264354424,-0.2416764791239387,-0.9562960618430701
2013,brak churnu,0,2179.129998714796,308.2403688078063,2122.695209029574,-56.43478968522186,-0.025897853601439973,-0.1830869522493013
2014,brak churnu,0,1098.741110272308,247.31520269871518,814.1406505319155,-284.6004597403926,-0.2590241295966965,-1.150760069073065
2015,brak churnu,0,1254.5299316468434,274.967416894141,1246.947082019399,-7.582849627444375,-0.0060443752166919095,-0.02757726611063767
2016,brak churnu,0,2384.7037732683843,714.3771382343721,3458.6609090829124,1073.957135814528,0.4503524286132207,1.5033475713806863
2017,brak churnu,0,672.1460617380612,147.78901296462263,361.2485568808606,-310.89750485720066,-0.46254456070644806,-2.1036577660317857
2018,brak churnu,0,1825.8226342690207,491.60775476838757,1139.3121669737375,-686.5104672952832,-0.37600063358297225,-1.3964598007993603
2019,brak churnu,0,250.48369806201572,58.57833971042103,189.8818104344331,-60.60188762758261,-0.24193944794195174,-1.0345443030165227
2020,brak churnu,0,504.32978468301184,97.70274611930728,495.8204608903836,-8.509323792628265,-0.016872538666294835,-0.08709400841443408
2021,brak churnu,0,725.6138030510127,181.04964706619668,490.08841970718913,-235.5253833438236,-0.32458779360798,-1.3008883870273942
2022,brak churnu,0,1954.5320123402153,539.0911249068577,3069.850178211247,1115.3181658710319,0.5706318232852224,2.0688861573518444
2023,brak churnu,0,1584.1098429682418,433.30867301340345,1117.763426807841,-466.34641616040085,-0.2943902016836027,-1.076245284723335
2024,brak churnu,0,1295.6190649213488,219.22546292180095,1346.0655720351613,50.44650711381246,0.03893621858433739,0.2301124442456168
2025,brak churnu,0,432.1893199870381,58.499933252345706,421.6440370191262,-10.54528296791193,-0.02439968430554507,-0.18026145299044577
2026,brak churnu,0,1080.966953395657,263.8504203019769,872.7989821226861,-208.16797127297082,-0.192575703280336,-0.7889620605293048
2027,brak churnu,0,2804.677103032349,573.3123573980781,2853.4808407661435,48.803737733794605,0.017400840075682576,0.08512591278388901
2028,brak churnu,0,481.98998376196295,98.91738820287446,209.5684774818278,-272.42150628013513,-0.5652015922693407,-2.754030522130373
2029,brak churnu,0,6685.354382558758,1812.8570187580751,7040.050821921076,354.6964393623184,0.05305574230854186,0.19565604771484324
2030,brak churnu,0,740.9122659063316,176.16818528305848,712.9845394600784,-27.927726446253246,-0.03769370238740784,-0.15852877408812682
2031,brak churnu,0,1073.5695913965756,165.63585561713066,1237.78657609442,164.2169846978445,0.15296352096208257,0.9914337936432925
2032,brak churnu,0,976.32140884019,198.10725160115416,840.8849342264449,-135.43647461374508,-0.13872119712568354,-0.6836522818781866
2033,brak churnu,0,1166.4661730745331,153.62030556441363,1161.9042930946305,-4.561879979902642,-0.003910854926790195,-0.029695813734661704
2034,brak churnu,0,578.2718762616654,155.69871963637016,797.3006275524397,219.02875129077427,0.3787643153367963,1.4067472860554637
2035,brak churnu,0,2015.9820926068035,356.1571270811225,1747.420170587852,-268.56192201895146,-0.1332164224096269,-0.7540546056734692
2036,brak churnu,0,6704.362782344512,1742.4276217320323,6995.539486482824,291.17670413831183,0.043430929022084855,0.167109784364456
2037,brak churnu,0,1975.6710641362788,462.78430805874257,1288.4741851845001,-687.1968789517787,-0.34782960150919984,-1.484918280471495
2038,brak churnu,0,786.1402572626736,206.92692056047377,702.8807514676987,-83.25950579497487,-0.10590922551769959,-0.4023618849082642
2039,brak churnu,0,1105.3661670666686,246.3728678088274,992.4022087570538,-112.96395830961478,-0.10219596155126531,-0.4585081113609838
2040,brak churnu,0,1330.37457088526,204.3189679413392,1263.906819765809,-66.46775111945112,-0.049961681900776295,-0.3253136592709018
2041,brak churnu,0,1140.8385123998053,334.0664466685014,1001.6873381421126,-139.15117425769267,-0.12197271808871696,-0.41653741537166183
2042,brak churnu,0,881.2866606401249,224.49942418419423,1056.954772878885,175.66811223876016,0.19933140949979108,0.7824880303239904
2043,brak churnu,0,2447.4516186539086,408.7766696819525,2277.4276798314486,-170.02393882245997,-0.06946978543991511,-0.41593356821157773
2044,brak churnu,0,772.2854243752896,221.99919234206087,952.3068926746768,180.02146829938715,0.233102247714967,0.8109104650345142
2045,brak churnu,0,2074.964650643332,254.03943025030696,1771.927743967758,-303.03690667557385,-0.1460443707229513,-1.192873509348487
2046,brak churnu,0,656.8049598470225,156.13291454072564,652.1945531923076,-4.610406654714893,-0.007019445553195443,-0.029528729853514114
2047,brak churnu,0,480.20312882273066,90.6949764804028,278.0053780939555,-202.19775072877513,-0.42106712470717245,-2.2294261333478116
2048,brak churnu,0,965.1894055418352,152.9416254397942,1005.8164308817172,40.62702533988204,0.0420922827235914,0.26563746281011613
2049,brak churnu,0,1794.070923968897,408.8587401812663,2033.6544153174948,239.58349134859782,0.13354181718668295,0.5859810927421515
2050,brak churnu,0,1588.393746279873,220.01527108150066,1607.0808806456178,18.68713436574467,0.011764799760456888,0.08493562412230177
2051,brak churnu,0,973.9307925393014,290.52890870906685,626.5226126725967,-347.4081798667047,-0.3567072553080671,-1.195778352696035
2052,brak churnu,0,535.1127275317772,116.25620399356141,418.729109615755,-116.38361791602216,-0.2174936455965922,-1.0010959752519342
2053,brak churnu,0,1925.4533278834542,308.8314549734669,1755.8717769492628,-169.58155093419145,-0.0880735712875488,-0.5491071204154414
2054,brak churnu,0,2429.61284975426,539.5179578348494,1420.9942401789851,-1008.6186095752748,-0.41513552650056584,-1.8694810708859124
2055,brak churnu,0,3271.8333021397334,396.68703647242677,3162.766138471289,-109.06716366844421,-0.03333518354896498,-0.27494511703314845
2056,brak churnu,0,964.6538848902566,279.30664763734507,927.0183595249231,-37.63552536533348,-0.03901453770604476,-0.1347462571467324
2057,brak churnu,0,3085.813811658434,844.8352150923165,2693.784131744057,-392.0296799143771,-0.12704255792532257,-0.46403094107711806
2058,brak churnu,0,1435.4696330135962,225.64603449918812,1111.5010794907275,-323.96855352286866,-0.2256881971391729,-1.4357378548304793
2059,brak churnu,0,4539.9086530064715,1021.9541806668288,4477.845268239358,-62.06338476711335,-0.013670624127208597,-0.060730105068523485
2060,brak churnu,0,2479.1806136159375,611.7432298092413,2701.1753236893483,221.99471007341072,0.08954358099373273,0.36288870764067943
2061,brak churnu,0,954.6424490252036,180.3640962186349,1015.8129754308432,61.17052640563952,0.06407689755269258,0.33915023936631733
2062,brak churnu,0,932.1936025820792,183.48243339028457,1324.3197422236572,392.126139641578,0.4206488207550765,2.1371317809345185
2063,brak churnu,0,1237.469545240087,335.6193546185728,1495.0147037879217,257.5451585478347,0.2081224217100771,0.7673727840890808
2064,brak churnu,0,766.4491751916972,137.63676992705047,929.5291441040739,163.07996891237667,0.2127733634413379,1.1848575711186151
2065,brak churnu,0,2660.8522104660315,771.8005130299151,4542.896286524971,1882.04407605894,0.7073087594479033,2.438511045646314
2066,brak churnu,0,1038.1608580700972,209.48331303792756,1014.3549000160298,-23.805958054067446,-0.022930895408946397,-0.11364130970067916
2067,brak churnu,0,876.44633270387,185.75979774571346,873.74920110797,-2.697131595900032,-0.003077349399796425,-0.014519458077749067
2068,brak churnu,0,3724.8784812104936,671.551431064822,5107.677313815156,1382.798832604662,0.3712332736705243,2.059110841908378
2069,brak churnu,0,476.66611469597586,87.85531729879331,444.31323913035055,-32.35287556562531,-0.067873244118182,-0.3682517639267541
2070,brak churnu,0,532.384792393527,156.3249142697782,719.0845045289203,186.69971213539327,0.3506856597011678,1.1943055462880068
2071,brak churnu,0,3578.6791418619932,573.2692863344199,2955.3894947232807,-623.2896471387126,-0.17416751332851088,-1.087254562553196
2072,brak churnu,0,2491.2873861587095,734.8543792978875,1996.5532832513913,-494.7341029073182,-0.19858572144506526,-0.6732410078034904
2073,brak churnu,0,785.9074018590079,99.89657252162017,806.8795255084167,20.972123649408786,0.026685234926914703,0.20993837045680303
2074,brak churnu,0,3239.2895668847,739.7786765093109,4188.976282623883,949.686715739183,0.2931774687412459,1.2837443763861045
2075,brak churnu,0,1394.4632705321774,396.1826567037435,1049.1213720668195,-345.3418984653579,-0.24765220121829595,-0.8716734380515723
2076,brak churnu,0,803.0866061840898,148.80809785320582,693.9249539128875,-109.16165227120223,-0.13592762154245086,-0.73357333267499
2077,brak churnu,0,1473.1745488294334,299.6741439220897,1484.051441295958,10.876892466524623,0.00738330191433681,0.03629573217151639
2078,brak churnu,0,2709.083568443277,676.1643095296871,3117.531640200827,408.4480717575502,0.1507698309920565,0.6040662986806423
2079,brak churnu,0,6476.055815198004,1538.8124297887355,6072.126051745351,-403.9297634526529,-0.06237280452474031,-0.2624944766712787
2080,brak churnu,0,668.3890813769505,86.7235105960407,641.2569858919672,-27.13209548498321,-0.04059326557083831,-0.3128574396782077
2081,brak churnu,0,4733.880140701522,799.7679778260086,4435.431343431186,-298.4487972703355,-0.0630452796437106,-0.3731692260067753
2082,brak churnu,0,961.032571802146,248.25677358135002,1019.8845054648868,58.85193366274086,0.06123822999295501,0.23706073680787593
2083,brak churnu,0,3113.8156752344553,554.956891879642,3485.646248829856,371.8305735954009,0.11941316133537797,0.6700170392262519
2084,brak churnu,0,908.053363728597,182.55213852048382,899.5415985491363,-8.511765179460667,-0.009373639831595516,-0.04662648845664209
2085,brak churnu,0,477.81333790829973,70.24349236190666,445.71017228441184,-32.10316562388789,-0.0671876715799194,-0.45702690091897497
2086,brak churnu,0,1474.9575439978516,218.08372028531758,1378.8232201600085,-96.13432383784311,-0.06517768882843393,-0.44081384759977116
2087,brak churnu,0,201.48829754140903,57.52139957254508,302.66864049934543,101.1803429579364,0.5021648611485352,1.759003496261063
2088,brak churnu,0,4423.6141153662165,787.6235508682183,4554.181418339102,130.56730297288505,0.029515979370654442,0.16577374156595145
2089,brak churnu,0,880.8717508949867,246.5901064442812,804.8128119383333,-76.05893895665338,-0.08634507677125039,-0.30844278407349424
2090,brak churnu,0,1795.3995672993876,254.64472192369723,1822.5223752180898,27.122807918702165,0.015106836613255887,0.10651235067353704
2091,brak churnu,0,1329.7685558376177,178.36345325700196,1259.216841592985,-70.55171424463265,-0.05305563433194005,-0.39555028205792503
2092,brak churnu,0,1232.6426723699788,279.97947413513305,1166.0292553229456,-66.61341704703318,-0.054041141476107446,-0.23792250218629238
2093,brak churnu,0,853.5706444021265,199.55831538879232,1217.1290433080721,363.55839890594564,0.4259265490094213,1.8218153335161094
2094,brak churnu,0,1118.9639726380394,335.12047344076126,1053.528801236561,-65.43517140147833,-0.05847835408606599,-0.19525865050750235
2095,brak churnu,0,2447.3186348575864,304.6967485518985,2261.549459708008,-185.7691751495786,-0.07590722863121942,-0.6096854529379293
2096,brak churnu,0,661.5947260250911,171.39886651147035,661.6996127939422,0.10488676885108816,0.00015853628320354888,0.0006119455220788694
2097,brak churnu,0,1854.5303842225765,513.6670177459434,2438.836759910004,584.3063756874274,0.3150697236661183,1.1375197462579185
2098,brak churnu,0,1491.4275692504013,182.3374135674036,1573.6712826355026,82.24371338510127,0.05514428932438024,0.45105231985041144
2099,brak churnu,0,765.1238600902594,202.7302224290977,713.4070567137305,-51.7168033765289,-0.06759272070070854,-0.25510159638194146
2100,brak churnu,0,1229.58551572912,289.8360540922956,1298.019407501061,68.43389177194103,0.05565606531348987,0.23611241874742364
2101,brak churnu,0,2419.2587993534867,639.571501652323,2104.1310373617252,-315.1277619917614,-0.13025797904547248,-0.49271701627985887
2102,brak churnu,0,1415.2189073964498,234.6359520140983,1010.3316729248991,-404.88723447155076,-0.28609512800843917,-1.7255975948955289
2103,brak churnu,0,861.5757542971402,226.28558447399863,668.8853818905712,-192.69037240656894,-0.22364878705734087,-0.8515362251399186
2104,brak churnu,0,1495.580470852038,373.7682923433528,1963.2400161785642,467.6595453265263,0.3126943380452801,1.2512017603058814
2105,brak churnu,0,685.089363636223,135.891858326968,579.2415710937788,-105.84779254244415,-0.15450216885668727,-0.7789119513530007
2106,brak churnu,0,1494.9185375848822,226.59589036134696,1239.0702889946851,-255.84824859019704,-0.17114527792499853,-1.1290948312531266
2107,brak churnu,0,1933.013026463873,358.766661610102,1604.2774771960292,-328.7355492678439,-0.17006380441688543,-0.916293469946505
2108,brak churnu,0,1396.616945117221,174.8739296492029,1574.9907262321622,178.37378111494127,0.12771847122331026,1.0200135690480512
2109,brak churnu,0,1199.0807322414396,270.1381896286637,1602.6446240442947,403.5638918028551,0.3365610679511744,1.4939164742223248
2110,brak churnu,0,994.4130475688366,183.58625605276725,1237.7990523352955,243.38600476645888,0.2447534305402513,1.3257310759499539
2111,brak churnu,0,561.4136169824618,89.51892884594571,689.0043720635393,127.59075508107753,0.2272669404900868,1.425293585680076
2112,brak churnu,0,1186.8960731358027,143.71143004479825,1330.1966303344993,143.30055719869665,0.12073555591105274,0.9971409870044886
2113,brak churnu,0,540.5959400197445,81.35016780486556,586.2050754505292,45.609135430784704,0.08436825372591385,0.5606520141444233
2114,brak churnu,0,640.9918933051785,90.87479456478744,653.4390023124708,12.447109007292397,0.01941851236699851,0.13696987230511393
2115,brak churnu,0,1767.7230660375212,392.5861060030948,1057.3991458963828,-710.3239201411384,-0.40182986452362174,-1.8093455404546048
2116,brak churnu,0,1995.7319711059815,316.2942450247729,2103.525031526455,107.7930604204737,0.054011792155004484,0.340799942193166
2117,brak churnu,0,1768.9521631788461,314.35605414687063,2059.4464624154884,290.4942992366423,0.16421828994777202,0.9240932229697735
2118,brak churnu,0,2044.569814110913,286.54640250343584,1848.5236151487145,-196.04619896219856,-0.09588628258578188,-0.6841691162388537
2119,brak churnu,0,1702.5955587339308,400.4630008181461,2169.10250324933,466.506944515399,0.2739975105199375,1.1649189652035896
2120,brak churnu,0,2110.350196496831,298.89979663985605,2287.7628406348517,177.41264413802082,0.08406786913021583,0.5935522410267313
2121,brak churnu,0,509.6249779254439,69.2350925604302,485.0444642204905,-24.580513704953376,-0.048232552896081575,-0.3550296936990278
2122,brak churnu,0,437.25664091938967,53.94026555761457,517.3574373503291,80.1007964309394,0.1831894336985184,1.4849907690087711
2123,brak churnu,0,754.245417238797,100.64451677646497,807.4116335022899,53.166216263492856,0.07048927981309859,0.5282574547163549
2124,brak churnu,0,2293.7299605226412,517.1845039301265,2440.227169541698,146.49720901905675,0.06386855102406057,0.28325908434187935
2125,brak churnu,0,2700.0161523058628,604.953438212609,2618.8070039951835,-81.20914831067921,-0.03007728240489418,-0.1342403285625075
2126,brak churnu,0,635.0288072462512,163.26795303793347,394.5738732981181,-240.4549339481331,-0.3786520094904759,-1.472762593478869
2127,brak churnu,0,792.6556807827366,163.84262835274433,1087.2241407739316,294.568459991195,0.3716222152099039,1.7978743563427526
2128,brak churnu,0,918.7756688460705,130.27198374805906,778.3998466082031,-140.3758222378674,-0.15278574193651795,-1.0775595657570454
2129,brak churnu,0,842.1084911394709,232.40309330844138,983.4777390965158,141.369247957045,0.16787533844452268,0.6082933146222033
2130,brak churnu,0,677.3566870327469,151.60441516739868,788.7047458938699,111.34805886112304,0.1643861513332043,0.7344644859991356
2131,brak churnu,0,1718.3642918047583,326.50600862333175,1592.8640915541234,-125.50020025063486,-0.07303468819107321,-0.38437332525606316
2132,brak churnu,0,744.1632273421493,194.85130435464268,641.4486768738498,-102.71455046829954,-0.1380269095466521,-0.5271432532027194
2133,brak churnu,0,614.942129409967,150.4500223699904,563.2589608550488,-51.68316855491821,-0.08404558101183907,-0.3435238342990584
2134,brak churnu,0,1408.4531305794956,397.1433695404791,1163.1911268855101,-245.26200369398543,-0.17413572263712784,-0.6175653995628069
2135,brak churnu,0,647.8990201687941,143.2634664420066,634.3517912697914,-13.547228899002675,-0.020909475824601925,-0.09456164391000986
2136,brak churnu,0,1232.482483047078,234.55065020203602,1063.6076184141036,-168.87486463297432,-0.1370200931500977,-0.7199931634702772
2137,brak churnu,0,1234.0263183884376,197.04297971620085,1443.9554730929046,209.929154704467,0.17011724270080525,1.0653977878675303
2138,brak churnu,0,1980.0403874093706,339.0690873097235,2270.900300088673,290.85991267930217,0.14689594946083656,0.8578190214480256
2139,brak churnu,0,260.89660199610404,59.182667607664534,214.13748798145681,-46.759114014647224,-0.17922469536550528,-0.7900812164234317
2140,brak churnu,0,1281.623766089976,343.09961980568806,1591.167884753448,309.5441186634721,0.24152495205971442,0.9021989556233846
2141,brak churnu,0,2149.815434956386,507.90389135811586,2079.5491010196565,-70.26633393672955,-0.03268482158709362,-0.1383457286551596
2142,brak churnu,0,798.8843454156859,106.05053550607903,744.6212558235212,-54.26308959216465,-0.06792358606542699,-0.5116719998934298
2143,brak churnu,0,5076.3062891661375,1052.097237040159,7795.635045022555,2719.328755856417,0.5356904412288939,2.584674362900755
2144,brak churnu,0,336.0413932936112,74.43721756592096,358.3365295126415,22.295136219030326,0.06634639858057689,0.29951598068917534
2145,brak churnu,0,1021.5005584980547,231.0691305925426,1121.4584411523979,99.95788265434317,0.09785396769759429,0.4325886473801843
2146,brak churnu,0,5756.362683262255,1558.2383436406021,7363.989206834551,1607.6265235722958,0.27927818520656855,1.0316948816804914
2147,brak churnu,0,3316.701690102591,562.806751522222,2927.712345325068,-388.989344777523,-0.11728198105313804,-0.6911596986450935
2148,brak churnu,0,4174.850421274256,672.0302715919455,4177.739041447194,2.888620172937408,0.0006919098605826787,0.004298348296267475
2149,brak churnu,0,852.5780513742503,195.44083604417858,756.5323811459435,-96.04567022830679,-0.11265322872608913,-0.4914309218703714
2150,brak churnu,0,3156.793967135416,416.1827684310988,3320.6901958798053,163.8962287443892,0.05191857005894949,0.3938083005267986
2151,brak churnu,0,646.6989718819633,131.2301726202202,578.392210123767,-68.30676175819633,-0.10562373643399546,-0.5205111019390025
2152,brak churnu,0,1299.3467194813106,345.1330975007531,2187.787294961693,888.4405754803824,0.6837594324592909,2.5741969747727365
2153,brak churnu,0,3966.9346665823155,491.6220367328014,4297.721714933986,330.78704835167036,0.08338605904912914,0.6728482932742385
2154,brak churnu,0,2573.6210452203745,327.6822987946672,2323.9606602762865,-249.66038494408804,-0.09700743837471615,-0.7618976852348397
2155,brak churnu,0,916.8976500107352,242.5648521372204,773.5537450163116,-143.3439049944236,-0.15633577531008538,-0.5909508477070416
2156,brak churnu,0,1893.4199936149203,457.2040105225687,1381.0946625749466,-512.3253310399737,-0.2705819801035487,-1.120561760721222
2157,brak churnu,0,3817.4172111824864,1016.6071227303912,4190.177404379329,372.7601931968429,0.09764722391487736,0.3666708454645567
2158,brak churnu,0,1655.2025992690974,332.65763607225387,1557.5298510018445,-97.67274826725293,-0.05900954258432361,-0.2936134261653871
2159,brak churnu,0,460.62637926535666,102.15942784131462,597.9140951860037,137.28771592064703,0.29804570927875285,1.3438575256499827
2160,brak churnu,0,1047.7360048911908,255.83292887687603,738.3530263836901,-309.38297850750064,-0.2952871496857938,-1.2093164858242174
2161,brak churnu,0,2009.0044509682907,259.9526238252039,1979.7337479245036,-29.27070304378708,-0.014569755198740013,-0.11260014464585343
2162,brak churnu,0,1573.2887709956753,281.7655557652939,2087.6339245482272,514.3451535525519,0.3269235521378839,1.8254365838136473
2163,brak churnu,0,2153.5418626066707,300.3645124803383,2342.6714402038197,189.1295775971489,0.08782256843069881,0.6296668539014882
2164,brak churnu,0,819.5297453741591,127.22047547026283,816.5480526530984,-2.9816927210607673,-0.0036382971306300363,-0.02343720780824879
2165,brak churnu,0,2978.381314055417,803.5640414173,2796.779299723213,-181.6020143322039,-0.06097339298873433,-0.22599569539211858
2166,brak churnu,0,1635.1828179429785,373.92249105300704,1872.5016539660285,237.31883602304993,0.1451329071091827,0.6346738741356099
2167,brak churnu,0,1401.351236959601,301.53691844003964,1116.0139325479163,-285.3373044116847,-0.20361583654841459,-0.9462765152865479
2168,brak churnu,0,551.536110924138,129.14356619784994,622.2815649202138,70.74545399607575,0.1282698495979469,0.5478047112907865
2169,brak churnu,0,734.8664746312737,166.58304372480387,664.3686719017439,-70.49780272952978,-0.09593280570446859,-0.4231991513253447
2170,brak churnu,0,6889.881740690197,1488.3816433660995,10098.033798885583,3208.1520581953855,0.46563238368065335,2.1554633332751143
2171,brak churnu,0,562.242474169579,95.51865060725315,471.18504595994915,-91.0574282096299,-0.1619540187605355,-0.9532947506140284
2172,brak churnu,0,1768.9624452707499,261.1270495796754,1970.7135462027472,201.75110093199737,0.11405052802074507,0.7726166295554106
2173,brak churnu,0,308.4283683081036,61.074490931017046,243.5754988695739,-64.8528694385297,-0.21026882123159668,-1.0618650839313633
2174,brak churnu,0,2468.062852434855,673.413165032503,2316.6016454343085,-151.46120700054644,-0.061368456176520446,-0.224915720192723
2175,brak churnu,0,1721.2341688386812,507.7389885545518,1364.9928621146396,-356.2413067240416,-0.2069685305889541,-0.7016229101062362
2176,brak churnu,0,1226.958970036073,258.6053617766322,976.9048034519077,-250.05416658416527,-0.20379994171835558,-0.9669334188057054
2177,brak churnu,0,756.131373064657,158.3138008028592,728.9833886550979,-27.14798440955917,-0.035903793145794706,-0.17148210877310244
2178,brak churnu,0,1647.3992427754376,394.5136138938874,1036.8254605776833,-610.5737821977543,-0.37062890788337194,-1.5476621355885092
2179,brak churnu,0,1308.013422271898,314.62757078201145,1498.7643130304748,190.75089075857682,0.14583251785540566,0.6062751916002234
2180,brak churnu,0,484.26412924924585,87.83121344068836,518.6479746884158,34.38384543916999,0.07100225550976742,0.39147637943530283
2181,brak churnu,0,1985.707865576248,557.738775905109,2403.167944035577,417.460078459329,0.21023237390369254,0.7484867405567541
2182,brak churnu,0,4408.580792432109,669.1479441802949,5662.099223076251,1253.5184306441424,0.28433604592116507,1.8733053602663317
2183,brak churnu,0,470.9581109182361,86.9537867636274,336.129586479285,-134.8285244389511,-0.28628559804623244,-1.5505768001279225
2184,brak churnu,0,420.65146438640625,91.75327513081017,426.3958751203328,5.744410733926543,0.013655986535802914,0.06260714645593732
2185,brak churnu,0,277.36008771477196,62.310148755895575,259.6062353568738,-17.753852357898154,-0.06401011949547562,-0.28492713807264575
2186,brak churnu,0,776.9800540736566,132.4639335362936,971.2269652947791,194.24691122112256,0.25000244240852576,1.4664135816856225
2187,brak churnu,0,1420.5813777084716,214.6832413914639,1606.301205355932,185.71982764746053,0.1307350853402314,0.8650876819435102
2188,brak churnu,0,1219.0389665824005,273.8966325585429,1023.4680716600715,-195.570894922329,-0.16043038843181184,-0.7140317611627719
2189,brak churnu,0,4229.503166774165,809.2250426586115,4822.566931207661,593.0637644334956,0.14022066920115925,0.7328786594209393
2190,brak churnu,0,1792.362248086541,507.3102627705147,1474.0944054082402,-318.2678426783009,-0.17756892783145356,-0.6273633041448474
2191,brak churnu,0,1403.9901127536018,214.24113294775356,1428.9315616076046,24.94144885400283,0.017764689813296437,0.1164176482397768
2192,brak churnu,0,1307.193577273105,339.09124584614733,735.2174797487,-571.9760975244048,-0.437560364026257,-1.686791105730645
2193,brak churnu,0,2157.204165364685,566.0770572995152,1583.6872089846097,-573.5169563800755,-0.2658612316758251,-1.0131429086987778
2194,brak churnu,0,1440.6919237269603,213.65627691382844,1322.718768015087,-117.97315571187323,-0.0818864559236826,-0.552163303676091
2195,brak churnu,0,1448.325384665357,370.2244887031396,2243.8186552407515,795.4932705753945,0.5492503818533826,2.148678152982073
2196,brak churnu,0,1478.9905289217752,197.29179220080525,1716.1742108963942,237.18368197461905,0.16036862801787682,1.2021974119086085
2197,brak churnu,0,2971.24853490936,496.40121836871134,2318.6612918694673,-652.5872430398927,-0.21963401424438575,-1.3146366666553408
2198,brak churnu,0,969.7641791305219,247.82463479853158,632.6816156759576,-337.08256345456437,-0.34759230203448865,-1.36016568219134
2199,brak churnu,0,2176.104060530795,508.38704488929295,2531.7290287594783,355.62496822868343,0.1634227768234298,0.699516189099832
2200,brak churnu,0,5147.468383134689,1111.7160144202435,6072.265616886016,924.7972337513265,0.17966059525131972,0.8318646324741534
2201,brak churnu,0,898.6645489344463,146.4789783484392,713.69352554137,-184.97102339307628,-0.20582877516688278,-1.262782042028403
2202,brak churnu,0,1206.2236646852846,346.61688917539533,1188.5419921886598,-17.681672496624742,-0.014658701378767977,-0.051012149288771236
2203,brak churnu,0,464.8240625849789,83.23575859515202,431.7899477467776,-33.034114838201276,-0.07106799646836699,-0.3968740766678771
2204,brak churnu,0,679.2737614586559,183.09491572172945,589.9504819266391,-89.32327953201684,-0.1314982038172742,-0.4878523206388307
2205,brak churnu,0,521.974062608135,146.60743805042142,686.4197741852503,164.44571157711528,0.31504575295453074,1.121673727908395
2206,brak churnu,0,990.5946784857442,280.60328376123726,790.9389666596816,-199.65571182606266,-0.20155136723656034,-0.7115230768145531
2207,brak churnu,0,864.7692367591048,228.33588822925861,912.6329247512867,47.863687992181895,0.055348509125464046,0.2096196457042477
2208,brak churnu,0,1567.247183494285,230.1782781451054,1889.230956771407,321.9837732771218,0.2054454311152354,1.3988451728452929
2209,brak churnu,0,3255.065351149948,614.3597701582788,3590.7680344932073,335.7026833432592,0.10313239432340807,0.5464268652499356
2210,brak churnu,0,2085.823496437762,592.3963369810168,1790.294394524681,-295.52910191308115,-0.14168461637228436,-0.4988705761064679
2211,brak churnu,0,1082.9192989957019,211.92764997279102,1166.4442607152102,83.52496171950838,0.07712944242195087,0.39412017134258787
2212,brak churnu,0,515.30454003041,102.28599706842925,529.3253595402261,14.020819509816192,0.02720880260241599,0.13707467211211985
2213,brak churnu,0,2099.0325275326795,385.81095528668214,2362.6832008470647,263.65067331438513,0.12560580641610872,0.6833675138086109
2214,brak churnu,0,705.822418067664,147.85141248199886,759.238157338189,53.41573927052502,0.07567872300905622,0.3612798712831267
2215,brak churnu,0,599.1441461345286,164.29690992433112,661.3445209476149,62.20037481308634,0.10381537600656154,0.3785851775406699
2216,brak churnu,0,623.5783265307399,152.0127557166472,589.9292247447705,-33.64910178596938,-0.053961307432179674,-0.22135709353688404
2217,brak churnu,0,3479.975348077365,572.6551576302098,4454.803304022217,974.827955944852,0.2801249602194538,1.7022949028852437
2218,brak churnu,0,394.8555047355107,54.442419412571354,323.62041869636914,-71.23508603914155,-0.1804079851611985,-1.308448206522809
2219,brak churnu,0,516.8536554389922,79.09945295859865,503.6039701875434,-13.249685251448795,-0.02563527434123516,-0.16750666099276057
2220,brak churnu,0,1358.091197784938,274.18908773078635,1583.8751846167643,225.78398683182627,0.1662509757813632,0.8234608776754572
2221,brak churnu,0,1641.7780061526062,436.1971656209025,2559.9343683036386,918.1563621510325,0.5592451346712024,2.1049113440342686
2222,brak churnu,0,1046.1771734350991,304.8387267855079,1325.1711020081552,278.9939285730561,0.2666794264464649,0.9152181270241401
2223,brak churnu,0,1180.1202932360718,347.7848985785213,1221.1816221064926,41.061328870420766,0.03479418929219857,0.11806530139246436
2224,brak churnu,0,1862.9979063965325,493.4325994880345,1413.4663804789272,-449.5315259176052,-0.24129470268010275,-0.9110292396246635
2225,brak churnu,0,1024.1362762522929,147.99541748330566,1224.970897617919,200.83462136562616,0.19610146229812014,1.3570327026394646
2226,brak churnu,0,528.3723142297349,107.99640344198608,514.8022932405277,-13.57002098920725,-0.025682687422768788,-0.12565252690564688
2227,brak churnu,0,937.3106844391416,251.94801175904544,1146.4386373234447,209.1279528843031,0.22311487146808634,0.8300440691086144
2228,brak churnu,0,2093.283690868001,625.5933505815029,2569.6992543855636,476.41556351756253,0.22759244988910798,0.7615419234790838
2229,brak churnu,0,212.099255934217,39.16982513957431,276.95999644253783,64.86074050832082,0.3058037154474389,1.6558853729165695
2230,brak churnu,0,919.6657187499683,137.35662375309812,830.5712804385156,-89.09443831145268,-0.09687698094537217,-0.6486359075890079
2231,brak churnu,0,866.5911796373031,242.70607526640157,879.4607856465809,12.869606009277845,0.014850838909604641,0.05302547946173895
2232,brak churnu,0,660.750332305563,188.27263088175206,613.9941811215791,-46.75615118398389,-0.07076220608294992,-0.24834279398448472
2233,brak churnu,0,3379.649816222068,638.7941173848986,3449.737122250602,70.08730602853439,0.02073803791508828,0.1097181456765107
2234,brak churnu,0,1352.0186632655448,192.13034915600764,1707.5485307812328,355.529867515688,0.2629622483590375,1.8504617780452886
2235,brak churnu,0,1529.169676587194,446.55056790249546,1360.6687506992841,-168.50092588790994,-0.11019112428646301,-0.3773389577789143
2236,brak churnu,0,1590.7528890473377,225.9776314961577,1579.8686395961972,-10.884249451140477,-0.006842200021185429,-0.04816516298129951
2237,brak churnu,0,1344.310293865185,338.13744431572917,1692.1374883174053,347.8271944522203,0.25874025962573066,1.028656247036171
2238,brak churnu,0,1691.213765121148,462.7533053951975,1548.3325753236059,-142.88118979754222,-0.08448440566429939,-0.3087631965708376
2239,brak churnu,0,576.7557299583591,69.48053582148056,586.0548998390424,9.29916988068328,0.016123237963070892,0.13383848830089698
2240,brak churnu,0,189.5660573525106,39.32905565768956,176.203762299741,-13.36229505276961,-0.07048885881464285,-0.3397563157649079
2241,brak churnu,0,2487.70736803398,690.1144871731117,2673.7092426032214,186.0018745692414,0.07476838994782475,0.2695232139396949
2242,brak churnu,0,576.2326401519847,126.48314968833017,597.9567342586178,21.72409410663306,0.037700214449676445,0.171754847662822
2243,brak churnu,0,1268.1796403957958,291.3348300530334,1326.3473649051298,58.16772450933399,0.045867101675895056,0.1996593558646777
2244,brak churnu,0,1597.4740539113477,470.11731267144,1425.8588347272805,-171.6152191840672,-0.10742911208095968,-0.3650476478070214
2245,brak churnu,0,3157.345923974351,826.6618584325032,3349.061134026957,191.71521005260593,0.06072036915463538,0.23191490946023782
2246,brak churnu,0,1999.0581564862548,468.982375327658,1925.7644414300119,-73.29371505624295,-0.03666412346155618,-0.15628245092373833
2247,brak churnu,0,2019.3310022654578,560.6919808677575,3299.4417371342233,1280.1107348687656,0.6339281343339097,2.2830908565654826
2248,brak churnu,0,749.2575719343142,190.07806001275083,647.5877728201959,-101.66979911411829,-0.13569405625310313,-0.5348844527732347
2249,brak churnu,0,1542.9370278726847,406.6832159010463,1380.8872130879788,-162.04981478470586,-0.10502684935115666,-0.39846693556228696
2250,brak churnu,0,1788.0276859123978,471.14439393563913,2210.5873775244177,422.55969161201983,0.23632726436022458,0.8968793793389459
2251,brak churnu,0,1285.4174156638453,172.87336541662006,1402.1387723317982,116.72135666795293,0.09080424401101876,0.6751841522067767
2252,brak churnu,0,2323.6331075311227,541.0471993329306,3330.149839496362,1006.5167319652392,0.43316508475585913,1.8603122485546482
2253,brak churnu,0,853.5267798287892,238.30321970852384,839.3309442962753,-14.195835532513911,-0.01663197437737277,-0.059570473071565225
2254,brak churnu,0,551.6568734530632,162.4357894710209,518.0224717607069,-33.63440169235628,-0.06096978631268338,-0.20706275262297885
2255,brak churnu,0,232.27553837559654,35.77506692360669,291.0703968687807,58.79485849318414,0.2531254858103529,1.6434590777631086
2256,brak churnu,0,1877.0329775182836,422.2214000163326,1860.8665703485638,-16.166407169719832,-0.008612745414358263,-0.0382889336473577
2257,brak churnu,0,549.1129992066011,110.40612327865203,636.0399350604371,86.92693585383597,0.1583042761315693,0.7873379960497539
2258,brak churnu,0,324.304259848136,94.63917320640516,243.06555037266784,-81.23870947546814,-0.2505015182764183,-0.8584046829983286
2259,brak churnu,0,3749.161229894771,667.7417560271565,3827.3037523953694,78.14252250059826,0.020842667921963844,0.11702506514722177
2260,brak churnu,0,810.1588340812046,158.00157915898617,766.0879226247539,-44.070911456450744,-0.05439786570547151,-0.27892703155900234
2261,brak churnu,0,2242.0994232198054,297.7183364612951,2189.7982213922505,-52.301201827554905,-0.023326887864966697,-0.17567343163747096
2262,brak churnu,0,2047.9347987661163,584.786745718705,2010.9166133506883,-37.01818541542798,-0.01807586132025858,-0.0633020253732538
2263,brak churnu,0,409.1515513304598,49.598241497623576,435.6593546674355,26.507803336975655,0.06478724876095135,0.5344504671248422
2264,brak churnu,0,719.1838590117044,131.55735001164942,1045.424986372005,326.24112736030054,0.4536268761768625,2.4798396085920844
2265,brak churnu,0,347.3765605987947,66.2525484790118,432.33187099726615,84.95531039847145,0.2445625872166754,1.2822949810811355
2266,brak churnu,0,909.4575304579448,120.57539605748337,930.023850018046,20.566319560101192,0.022613831730817935,0.17056812776543864
2267,brak churnu,0,756.2758684357209,166.7505989405108,958.9388100184416,202.6629415827207,0.26797488858385526,1.2153655991066143
2268,brak churnu,0,388.6321152980224,72.11654801797357,399.8815532333424,11.249437935319975,0.028946238595576042,0.15598968953029038
2269,brak churnu,0,1434.7772830087595,180.1176380193987,1207.6175674824335,-227.15971552632595,-0.15832402576793456,-1.2611741860719983
2270,brak churnu,0,713.814410245643,205.51045744287907,899.446580389155,185.63217014351198,0.2600566302375864,0.9032735971360865
2271,brak churnu,0,1431.2697489049563,199.5337944404984,1259.314817254158,-171.95493165079824,-0.12014152592993632,-0.8617834995468686
2272,brak churnu,0,712.7005024802288,86.82176879545489,573.0043356725039,-139.69616680772492,-0.19600963703768437,-1.6089993183257747
2273,brak churnu,0,2537.087179536926,756.9094591279862,4272.535015385308,1735.4478358483816,0.6840316130426147,2.292807699678825
2274,brak churnu,0,2031.0680874031343,399.2047615721633,1824.7856807880107,-206.2824066151236,-0.10156351128477942,-0.5167333320442732
2275,brak churnu,0,2328.8299659214035,444.8940381018033,2502.9512615687872,174.1212956473837,0.0747677152026393,0.39137700381487295
2276,brak churnu,0,2163.6408603301775,516.6796967925433,2817.1208205723733,653.4799602421958,0.3020279253473116,1.2647680261076342
2277,brak churnu,0,2027.3427155337017,321.7583111841717,2163.9154907296183,136.57277519591662,0.06736541096356448,0.42445764553302723
2278,brak churnu,0,1164.8978457027602,302.65354138731584,1080.226504086178,-84.67134161658214,-0.07268563670963059,-0.2797632607517564
2279,brak churnu,0,1092.3403533585147,226.97083869485772,1386.2793714264596,293.93901806794497,0.26909105496670405,1.295051909567643
2280,brak churnu,0,1432.0975619634055,421.9528631720987,1542.8825883510356,110.78502638763007,0.07735857481367667,0.26255308603616473
2281,brak churnu,0,1193.6091902622113,205.680120189513,1217.38873671273,23.779546450518637,0.0199223888727723,0.11561421895615503
2282,brak churnu,0,798.4220990233829,103.99243040787752,911.6999253066192,113.27782628323632,0.1418771179076781,1.0892891515174687
2283,brak churnu,0,1997.2081221815895,265.7906178617348,2401.184160576271,403.9760383946816,0.2022703762857777,1.5199033045057722
2284,brak churnu,0,859.30035509439,240.70130621282368,1087.240986443088,227.94063134869805,0.26526304801033146,0.9469854357464812
2285,brak churnu,0,2569.7650570932888,437.1664360460531,2817.385059364442,247.62000227115323,0.0963590043329646,0.566420433624204
2286,brak churnu,0,3958.063314562375,661.5685274877359,2785.0905022320876,-1172.9728123302875,-0.2963501892490514,-1.7730178561918244
2287,brak churnu,0,1087.1226150886039,174.19665624128652,954.1246504965338,-132.99796459207005,-0.12233943323976412,-0.7634932119928263
2288,brak churnu,0,778.3631012816813,95.17005485150922,594.9365563052982,-183.42654497638318,-0.23565678367120216,-1.9273556715142985
2289,brak churnu,0,2059.904648769111,360.61682739863505,2050.8810445399167,-9.023604229194461,-0.004380593167060662,-0.02502269318458492
2290,brak churnu,0,905.2664023099952,259.17424347511525,988.8050065232339,83.53860421323873,0.0922806855529718,0.3223260270508313
2291,brak churnu,0,862.8155464133413,175.05123779034298,824.7988324768156,-38.01671393652566,-0.04406122965048353,-0.21717477931837237
2292,brak churnu,0,875.5083170353981,248.41137156947656,1017.0722535422815,141.56393650688335,0.161693422840619,0.5698770374821197
2293,brak churnu,0,701.3216470492029,104.52721132562202,749.1699386287122,47.84829157950935,0.0682258871957398,0.4577591899056111
2294,brak churnu,0,2213.05670502981,279.07947916752033,1699.942903168685,-513.113801861125,-0.23185750310641648,-1.8385938062938807
2295,brak churnu,0,1619.797116352465,420.2883703567956,1298.0355020855286,-321.7616142669365,-0.19864315784898687,-0.7655734418579873
2296,brak churnu,0,620.913694901624,159.03249239343532,738.082407874297,117.168712972673,0.188703702196868,0.7367595842163234
2297,brak churnu,0,1114.7361539860942,311.09813058404046,1134.4209147245151,19.68476073842089,0.017658672563935204,0.06327508526478665
2298,brak churnu,0,1887.993657229308,525.0736593472491,2398.3214054186706,510.32774818936264,0.27030162216661535,0.9719164903906664
2299,brak churnu,0,763.6656498514315,127.99074509104709,916.3973116880352,152.73166183660373,0.19999807751771623,1.1933023886059655
2300,brak churnu,0,3780.330859481065,819.3391129528659,2657.82249772849,-1122.5083617525752,-0.29693389374565604,-1.3700168147802676
2301,brak churnu,0,909.5229605145261,127.75655525641982,961.8333367800601,52.310376265534046,0.05751407994795596,0.40945355923648724
2302,brak churnu,0,1238.8940947868844,329.0537038742068,1143.3738426046577,-95.52025218222661,-0.07710122486188627,-0.29028772828748595
2303,brak churnu,0,695.8057677641782,175.0666226408927,227.1003392728055,-468.7054284913727,-0.6736153251466376,-2.677297484928408
2304,brak churnu,0,2084.9924550100186,371.5568115233866,2075.957464662764,-9.034990347254734,-0.004333344384793623,-0.02431657842635473
2305,brak churnu,0,707.5067161210573,194.21874235230644,763.4987418223486,55.99202570129137,0.07913992111378192,0.2882936271913638
2306,brak churnu,0,1935.279145894215,553.4979635815812,2915.3579840408474,980.0788381466325,0.5064276335669278,1.7706999892189788
2307,brak churnu,0,644.5206406883825,79.78339279797363,652.3460303628078,7.82538967442531,0.012141410500162377,0.09808293931847006
2308,brak churnu,0,1271.027935544794,376.28315578636506,764.923486305292,-506.10444923950195,-0.3981851500553944,-1.3450095797720028
2309,brak churnu,0,1313.588842555522,249.82173046918007,1142.9488856447024,-170.6399569108196,-0.12990362842824396,-0.6830468934401648
2310,brak churnu,0,1317.7618594683074,188.28277050044147,1554.2352356563317,236.4733761880243,0.1794507668353954,1.2559480379404648
2311,brak churnu,0,1652.0420789694624,393.38102838635257,1804.8344958587431,152.79241688928073,0.09248700068498986,0.38840819933801746
2312,brak churnu,0,324.25859492040837,91.7946301246084,399.01261204831985,74.75401712791148,0.23053827500319737,0.8143615484526185
2313,brak churnu,0,1768.7009814890685,254.67351685894144,1744.98575599803,-23.71522549103838,-0.013408272929815725,-0.09312010837850003
2314,brak churnu,0,1985.612551615912,570.3766790741547,2068.1576480566814,82.54509644076938,0.04157160286562116,0.1447203216210698
2315,brak churnu,0,1185.6466672622964,164.13564250978675,1189.3025127070068,3.655845444710394,0.003083418986157049,0.022273318511501307
2316,brak churnu,0,3158.051176213376,633.7977415871301,3974.5882908721387,816.5371146587627,0.2585572776049253,1.2883244307782231
2317,brak churnu,0,1705.2872355103898,241.77549754034095,1495.1920819717543,-210.0951535386355,-0.12320220849817969,-0.8689679296537504
2318,brak churnu,0,1189.957339945468,326.58060981838173,1495.4524780577601,305.4951381122921,0.25672780683574087,0.9354356288396434
2319,brak churnu,0,2046.0418188505985,371.65106586307036,1925.8984295567368,-120.14338929386167,-0.058719908941721646,-0.3232693252603958
2320,brak churnu,0,738.9256273032315,209.086737924738,832.2741718193681,93.3485445161366,0.1263300947577358,0.4464584671541337
2321,brak churnu,0,1789.3443681462415,282.7655188457194,1643.880352385248,-145.46401576099356,-0.08129458943204661,-0.5144333593246943
2322,brak churnu,0,599.0359116375046,131.13189695697173,689.0679245388657,90.0320129013611,0.1502948506964342,0.6865759970734144
2323,brak churnu,0,1497.239228583632,423.5104124748902,1865.5074591413036,368.2682305576716,0.2459648555335064,0.869561219063312
2324,brak churnu,0,1485.5200993611677,406.4159218084309,1650.240195242995,164.72009588182732,0.11088378807709398,0.40529931787335377
2325,brak churnu,0,346.1786627804718,93.9867077636075,312.9141487792093,-33.26451400126251,-0.09609059591970608,-0.35392785631909146
2326,brak churnu,0,826.2357450156566,182.1241377778737,1100.7670334595623,274.53128844390574,0.3322675036756048,1.5073855217298857
2327,brak churnu,0,891.8767717711092,181.04153487712412,1134.346990605486,242.47021883437685,0.2718651572827421,1.339307131918349
2328,brak churnu,0,1316.8740397687345,232.70416087607984,985.1004358122013,-331.7736039565332,-0.2519402721423518,-1.4257312920726417
2329,brak churnu,0,2350.4429337376678,511.4957452171221,2588.9001786568624,238.45724491919464,0.10145204612136684,0.46619595011093046
2330,brak churnu,0,445.52174451194423,71.51373528052103,433.0977991695407,-12.423945342403556,-0.027886282758238023,-0.17372809983521584
2331,brak churnu,0,1442.0469713737184,397.3023708057735,1120.207970706886,-321.83900066683236,-0.2231820509703946,-0.8100606095405547
2332,brak churnu,0,1183.1073903963265,303.73725288744873,817.0628088024481,-366.04458159387843,-0.3093925239290898,-1.2051356167678187
2333,brak churnu,0,1692.0252076383713,435.52507567995394,1417.1992167429057,-274.82599089546557,-0.1624242887486596,-0.6310221988169098
2334,brak churnu,0,3552.7257862766055,628.9428011676057,3576.131378714474,23.405592437868563,0.0065880661345379355,0.03721418290251048
2335,brak churnu,0,1846.3031013403472,546.1424553835992,2357.369373014659,511.06627167431157,0.27680518507676044,0.9357746621535752
2336,brak churnu,0,680.3795134572279,126.13697979530622,611.0527693955169,-69.326744061711,-0.10189422622300816,-0.5496147456060365
2337,brak churnu,0,948.0374967029342,260.3252775562188,1058.2938078286468,110.25631112571261,0.11629952560859651,0.42353286688382424
2338,brak churnu,0,1698.7304178613078,261.7543716733716,1966.645533796042,267.9151159347341,0.1577149105695286,1.023536356707158
2339,brak churnu,0,2153.080691917842,606.5459512670558,2510.8316241283214,357.7509322104793,0.1661576983869634,0.5898167013779395
2340,brak churnu,0,573.6763177882001,88.22995260755044,445.8793197988763,-127.79699798932381,-0.22276847418426318,-1.4484536624174424
2341,brak churnu,0,1122.796523836182,252.28978528406563,1643.3496184920034,520.5530946558215,0.4636219329191396,2.063314192723676
2342,brak churnu,0,242.14204979760547,35.54660347238612,287.2983299349103,45.15628013730486,0.18648673443975863,1.2703402217425326
2343,brak churnu,0,2283.344153202091,333.99319145549833,2035.7981256363896,-247.54602756570148,-0.10841380490915073,-0.7411708798222159
2344,brak churnu,0,541.8772466125806,148.9767638103556,544.9571115656499,3.0798649530693183,0.005683694918586039,0.020673458560221673
2345,brak churnu,0,449.39857760443863,113.81168723831898,340.3216139992161,-109.07696360522255,-0.24271764318139935,-0.9583986166272885
2346,brak churnu,0,2850.9773392912125,360.4086842098438,2206.8304968717694,-644.1468424194431,-0.22593895557920704,-1.7872678174546874
2347,brak churnu,0,3021.2865347885167,516.1018789800522,2573.641702906178,-447.6448318823386,-0.14816364708475846,-0.8673574929953713
2348,brak churnu,0,768.1271595704841,214.266585525042,1004.5800847770917,236.45292520660757,0.3078304448170088,1.1035454950999468
2349,brak churnu,0,1126.5701444670303,307.43513857160207,1278.2363389987534,151.66619453172302,0.13462649909249536,0.4933274551386381
2350,brak churnu,0,305.4935257323582,64.70928484113645,186.86192273250373,-118.63160299985446,-0.38832771567076413,-1.8333010987696616
2351,brak churnu,0,3141.3097636000243,723.5668460275554,3789.1418852109005,647.8321216108761,0.20622993921759672,0.8953314060304595
2352,brak churnu,0,1416.7395615572452,320.8838333201263,1433.6616629612524,16.922101404007208,0.011944398154172281,0.052735911401074094
2353,brak churnu,0,839.5750372664818,152.7221907087828,848.4183629306882,8.843325664206418,0.010533097426287032,0.05790465434763996
2354,brak churnu,0,1018.012912841102,142.11340533972393,1136.461574556115,118.44866171501303,0.11635280871285103,0.8334798637177118
2355,brak churnu,0,841.6669463886241,154.09464815601444,516.4992666465016,-325.16767974212246,-0.3863377089207711,-2.110181525661447
2356,brak churnu,0,2148.545613515257,375.92304689749477,2028.3903904397446,-120.1552230755126,-0.05592398053813036,-0.319627179198396
2357,brak churnu,0,793.9546041083092,204.13697245893815,646.9080676135502,-147.04653649475904,-0.18520773824330558,-0.7203326997726355
2358,brak churnu,0,791.2232506224244,231.26910186467128,666.2079671244061,-125.01528349801833,-0.15800254024344418,-0.5405619794864421
2359,brak churnu,0,741.8932086367582,107.96352818980847,744.926752114812,3.03354347805373,0.004088922021038471,0.028097854237595116
2360,brak churnu,0,2392.41134706683,429.6467792483876,2985.7313496803454,593.3200026135155,0.2480008311868877,1.3809483307461385
2361,brak churnu,0,1359.6424264280174,295.7847536246183,1738.6461144795053,379.00368805148787,0.2787524724770371,1.2813496416129788
2362,brak churnu,0,1693.486865389758,359.8653646135209,1925.4432631322727,231.9563977425148,0.13696970580821705,0.6445643858825522
2363,brak churnu,0,816.4627416631264,184.31249575445753,580.8709191423794,-235.59182252074697,-0.28855183525074124,-1.2782194802169253
2364,brak churnu,0,2855.9995645249833,727.6242050807498,2732.5472924874894,-123.45227203749391,-0.04322559203822105,-0.16966487807231964
2365,brak churnu,0,1071.7894637266506,257.18348261460994,696.745359081511,-375.04410464513967,-0.3499232986869434,-1.4582744616113008
2366,brak churnu,0,2102.6278906422926,463.63745420892553,2310.9347859573595,208.30689531506687,0.09906978607205437,0.449288325229219
2367,brak churnu,0,872.9024723000587,148.4374723110113,655.0916987805261,-217.81077351953252,-0.24952475268584237,-1.4673570637417477
2368,brak churnu,0,960.0602355481499,132.19037416326137,823.8309897407672,-136.22924580738265,-0.1418965610315087,-1.030553447402555
2369,brak churnu,0,1440.9719819525906,173.2793475528379,1283.3394694695105,-157.63251248308006,-0.10939318352982823,-0.9097016736804907
2370,brak churnu,0,2018.5789191177878,534.7552806904366,2072.4341041275843,53.855185009796514,0.02667975202739842,0.10070996389275982
2371,brak churnu,0,1750.2138807562444,515.5323803533225,1978.805412471953,228.5915317157087,0.13060776984407033,0.44340867892535174
2372,brak churnu,0,2706.1682342563663,588.3060165973934,1963.6641206320733,-742.504113624293,-0.27437470598657265,-1.2621052524989302
2373,brak churnu,0,1982.3567863967346,289.42013636820474,1592.7382066061227,-389.6185797906119,-0.19654311598408522,-1.3462041193116334
2374,brak churnu,0,6490.677791461982,845.8106784555091,7854.466615324382,1363.788823862399,0.21011500919924953,1.6124043578555227
2375,brak churnu,0,1701.8585236911576,209.10149083309238,1499.701953962002,-202.15656972915554,-0.11878576680433961,-0.9667868408002869
2376,brak churnu,0,3874.9726274495083,948.836344127512,3030.168582486862,-844.8040449626465,-0.21801548712324534,-0.8903580161017896
2377,brak churnu,0,1660.5793392040437,468.0765583130353,2208.4733391558475,547.8939999518038,0.32994147705970067,1.170522193904419
2378,brak churnu,0,1410.6627751404435,188.4870765277672,1462.1865045683728,51.52372942792931,0.03652448362281317,0.2733541756659324
2379,brak churnu,0,739.2854214808525,221.20309686494252,1041.6853162478064,302.39989476695393,0.4090434979242805,1.3670689924905834
2380,brak churnu,0,1565.8404416925675,425.55629237728823,1021.8061831580104,-544.0342585345571,-0.34743914133836834,-1.2784072713281116
2381,brak churnu,0,1263.731606539443,331.64984545423596,1496.0514713508544,232.31986481141143,0.18383639659657464,0.700497431238722
2382,brak churnu,0,2377.496556107659,475.1872365553447,3446.8681817984107,1069.3716256907514,0.4497889273250865,2.250421609474779
2383,brak churnu,0,624.6078373067728,97.54682855200647,571.7838183384521,-52.82401896832073,-0.08457149560609259,-0.5415247194854514
2384,brak churnu,0,1283.3629740238907,326.4513917785315,1000.5599468370862,-282.80302718680457,-0.2203609056135509,-0.8662944447749866
2385,brak churnu,0,2190.509359178017,472.60578309694245,2781.1186419163014,590.6092827382845,0.26962189422459676,1.249686956575258
2386,brak churnu,0,2491.5647294313717,530.8789113952746,2452.8801614504687,-38.68456798090301,-0.015526214319838945,-0.07286891068856148
2387,brak churnu,0,420.8899974300806,101.84198353855108,430.97323598154105,10.083238551460454,0.02395694507597679,0.09900866225414358
2388,brak churnu,0,599.2672683658001,115.52185954637923,648.1003853717585,48.83311700595846,0.0814880431216045,0.4227175462523882
2389,brak churnu,0,4003.4586433559934,547.3115971498877,3881.9110218435953,-121.54762151239811,-0.03036065370979028,-0.222081209580346
2390,brak churnu,0,822.5312406863662,184.21886077897395,816.3972802879586,-6.13396039840768,-0.00745741935988858,-0.03329713565956319
2391,brak churnu,0,470.2233238507082,98.84714686471675,471.58918212983383,1.3658582791256322,0.0029047012554385336,0.013817882685020341
2392,brak churnu,0,3570.0881252290055,971.7821441887277,3677.2183621804393,107.13023695143374,0.03000772899536249,0.11024100164020735
2393,brak churnu,0,1452.5875708094698,340.5874741343005,1221.2669809062947,-231.320589903175,-0.1592472595468163,-0.6791811427920001
2394,brak churnu,0,1145.3177222283769,320.1408131749443,1470.2033137140297,324.88559148565287,0.2836641616385209,1.0148209104101817
2395,brak churnu,0,1463.8862558003975,296.63300107024963,1833.9431384494346,370.0568826490371,0.2527907350606991,1.247524318986339
2396,brak churnu,0,1678.388915653839,401.0238508032107,1597.9380604796754,-80.45085517416351,-0.047933380889150355,-0.20061364183957758
2397,brak churnu,0,2054.9544627025894,316.1115155086553,1827.9933544792661,-226.9611082233232,-0.11044580906422304,-0.7179779827322009
2398,brak churnu,0,1801.7269374048547,360.01416835097666,1969.824251915848,168.09731451099333,0.09329788605653802,0.46691860845630884
2399,brak churnu,0,2160.073781064559,568.7953845541924,2248.802757826701,88.72897676214188,0.04107682688431743,0.15599454420975203
2400,brak churnu,0,3448.1764165101254,890.7117805680397,2019.3442333796174,-1428.832183130508,-0.4143732833068381,-1.60414649755647
2401,brak churnu,0,786.3136962345039,178.5960388308183,643.7839306989666,-142.5297655355373,-0.18126323656586846,-0.7980567008574804
2402,brak churnu,0,1597.7971083470998,295.87383475187517,1534.2976317828043,-63.49947656429549,-0.039741889775970915,-0.21461673560133235
2403,brak churnu,0,1266.557019685086,194.52993541422705,1382.235681539511,115.67866185442494,0.09133316546868694,0.594657380665355
2404,brak churnu,0,1020.7350683751263,250.397816141873,762.02247311925,-258.7125952558763,-0.2534571440439605,-1.0332062764848247
2405,brak churnu,0,740.1250301638706,152.5133823742942,634.4176700486469,-105.70736011522376,-0.1428236525007392,-0.6931021951621245
2406,brak churnu,0,1324.5316252155558,237.2426334450946,1077.1688432618873,-247.36278195366845,-0.18675490810830006,-1.0426573772243848
2407,brak churnu,0,552.7346783576747,153.82959790744601,538.3603401548103,-14.374338202864465,-0.02600585555003449,-0.09344325408373629
2408,brak churnu,0,2320.2189453947253,695.4178203551792,2278.616297146103,-41.602648248622245,-0.017930483815416235,-0.059823960547019085
2409,brak churnu,0,919.6872804974143,208.74621699813645,1292.5035546510471,372.8162741536328,0.4053728719092369,1.7859785892884519
2410,brak churnu,0,918.9790153687819,177.97647034176495,736.8258431626972,-182.15317220608472,-0.1982125480123042,-1.0234677193917787
2411,brak churnu,0,3848.2982184828165,979.7755397553996,5178.773401784748,1330.4751833019313,0.34573079001826124,1.3579387618046515
2412,brak churnu,0,951.2178324109825,209.2045072918148,1072.234947363212,121.01711495222958,0.1272233455143459,0.5784632296828359
2413,brak churnu,0,738.3387498141725,122.24282411553848,581.7729032598977,-156.5658465542748,-0.2120515096812673,-1.2807774009400807
2414,brak churnu,0,468.5197704439984,61.351041031260266,424.6626299834509,-43.8571404605475,-0.09360787575513782,-0.7148556849785307
2415,brak churnu,0,974.02350554434,137.64933779114017,806.1340347595624,-167.8894707847776,-0.17236696016997183,-1.2196896365714578
2416,brak churnu,0,970.3714980214813,216.20382961581367,775.1306590662748,-195.24083895520653,-0.20120215747606846,-0.9030406135827583
2417,brak churnu,0,4372.475915809929,799.7580107096123,3719.029934688833,-653.4459811210959,-0.14944530140426304,-0.8170546244873544
2418,brak churnu,0,847.3128177107053,108.62232550358564,888.3583862548129,41.045568544107596,0.04844204842198153,0.3778741465330962
2419,brak churnu,0,305.3289116282717,66.620296150954,386.8557558389613,81.52684421068955,0.26701318186974016,1.223753854620505
2420,brak churnu,0,400.2995364435021,104.64095400219303,477.3833240876062,77.08378764410406,0.19256526832122273,0.736650275975968
2421,brak churnu,0,726.5520853516896,131.8464304967886,665.6371403761168,-60.91494497557278,-0.08384112605786098,-0.4620143658500978
2422,brak churnu,0,366.28269104765087,101.34006258738275,385.29366120971235,19.010970162061483,0.051902453014325715,0.18759580048284308
2423,brak churnu,0,1894.8121885366045,340.17863941029276,1983.679769178933,88.86758064232845,0.04690046917576691,0.2612379801282714
2424,brak churnu,0,795.6191301419079,112.54493259797424,888.0887751837748,92.4696450418669,0.11622350637216812,0.8216242429339845
2425,brak churnu,0,704.9358626861812,158.55102012261736,961.6255725309702,256.68970984478904,0.36413200609012075,1.6189723008169543
2426,brak churnu,0,261.4648288822232,40.170602468249804,350.996305758905,89.53147687668184,0.3424226396316244,2.2287810332803963
2427,brak churnu,0,785.9189636396493,134.24374243615046,752.313239012078,-33.60572462757125,-0.04275978336486581,-0.2503336395255439
2428,brak churnu,0,290.7350875055594,39.63817072662028,270.0481863034356,-20.686901202123806,-0.07115378257097445,-0.5218934381406974
2429,brak churnu,0,1600.7458187798234,388.6622500439267,1674.1702082880654,73.42438950824203,0.0458688622808399,0.18891567035374182
2430,brak churnu,0,541.0230335002411,99.61658483598504,668.0347118165141,127.01167831627299,0.23476205346480203,1.2750053470051492
2431,brak churnu,0,1577.5183605481209,445.81655168474555,1355.345319699608,-222.17304084851298,-0.1408370554694002,-0.498350812702935
2432,brak churnu,0,445.8768365655245,107.15150379691568,268.6171903269436,-177.2596462385809,-0.397552937721472,-1.6542898602201723
2433,brak churnu,0,286.5575275590322,54.59828297310124,314.8327194102038,28.2751918511716,0.09867195635035891,0.517876942487401
2434,brak churnu,0,730.4467084962728,209.72138133540423,482.65368327948704,-247.79302521678574,-0.3392349124645965,-1.1815343940563414
2435,brak churnu,0,2479.3667022464915,487.4740270594156,3008.1548381201446,528.7881358736531,0.21327548498353693,1.084751405246052
2436,brak churnu,0,1205.06726516307,260.847566704547,1068.5802448922432,-136.48702027082686,-0.11326091432112496,-0.5232443683303398
2437,brak churnu,0,545.5234066315783,87.9204002493681,569.3016979364529,23.778291304874642,0.043588031266517994,0.2704524915427184
2438,brak churnu,0,401.62657043546034,61.92879565091129,275.65535728768117,-125.97121314777917,-0.31365258780363037,-2.034129871633076
2439,brak churnu,0,986.3055128195175,120.45842442185632,854.050714396343,-132.25479842317452,-0.1340911073741262,-1.0979290079372632
2440,brak churnu,0,792.4287195815092,158.99460113231277,837.8650246462703,45.436305064761086,0.057338034250899596,0.2857726283859772
2441,brak churnu,0,453.8323021758607,108.86558519514597,527.972681821728,74.14037964586726,0.16336514454878479,0.6810267864997706
2442,brak churnu,0,1545.3044211521315,249.57567511422337,1717.1048255782462,171.8004044261147,0.11117576710097393,0.6883699877701894
2443,brak churnu,0,3736.2741086026185,538.8491938723826,5318.206200970339,1581.93209236772,0.42339829637375537,2.9357603395475698
2444,brak churnu,0,1175.7919690987846,184.36669207969481,1150.2805486272007,-25.51142047158396,-0.02169722292893175,-0.13837326137280984
2445,brak churnu,0,7502.828850366674,1100.3357337682082,7933.6113322178935,430.7824818512199,0.05741600807409688,0.39150094705727934
2446,brak churnu,0,306.020708068474,87.25361083583469,261.95200883062694,-44.068699237847056,-0.1440056116332703,-0.5050644760222144
2447,brak churnu,0,2161.203684928451,454.3843403599429,2269.6721888770962,108.46850394864532,0.05018893161485438,0.23871532162116643
2448,brak churnu,0,1408.2024586331609,295.51789435140415,1729.8618980062824,321.6594393731216,0.228418461707085,1.0884601085802006
2449,brak churnu,0,801.5915998061181,233.28665578177748,865.9233047456325,64.33170493951445,0.0802549639430783,0.2757624722422702
2450,brak churnu,0,1194.5837702956758,156.9962038810068,1060.1605958296993,-134.42317446597644,-0.11252720638645951,-0.8562192660904127
2451,brak churnu,0,1528.8988173446369,218.85746598999845,1571.642306052485,42.7434887078482,0.02795704216848326,0.19530285848142614
2452,brak churnu,0,1504.5406446185764,224.9248766487104,1636.470179213365,131.92953459478872,0.08768758429137342,0.5865493250923836
2453,brak churnu,0,1264.48524274187,334.14281718378817,1066.8877235991347,-197.59751914273534,-0.15626716110523448,-0.5913564768745306
2454,brak churnu,0,901.160370806516,238.7047027562487,732.2225553709853,-168.93781543553064,-0.18746698246876473,-0.707727218964932
2455,brak churnu,0,694.1644444998881,83.41976893281749,730.5261818157658,36.36173731587769,0.052382022162017476,0.43588873214407714
2456,brak churnu,0,517.6705902310345,125.31179469365993,874.3269281235059,356.65633789247147,0.6889638790051741,2.846151383948827
2457,brak churnu,0,677.2305663815393,145.64169292445965,765.3316063661664,88.10103998462705,0.13009017070117376,0.6049163410255238
2458,brak churnu,0,901.198361802269,267.30977955485355,1664.091356855578,762.8929950533089,0.8465317153125212,2.8539658980069555
2459,brak churnu,0,1553.958168535836,319.192336045063,1773.5962305360058,219.63806200016984,0.14134103893357458,0.6881056880048704
2460,brak churnu,0,237.6109752512825,33.219037492015026,237.6506237384329,0.03964848715040148,0.00016686302940540403,0.0011935471387433162
2461,brak churnu,0,3147.403499031424,852.2751796260796,1756.328963666376,-1391.074535365048,-0.4419752776512877,-1.6321894249875455
2462,brak churnu,0,927.8071195899736,152.82806744878363,1015.6571564868841,87.85003689691052,0.09468566800364084,0.5748292075102709
2463,brak churnu,0,1768.4292033939394,278.3560814465123,2119.5895308168083,351.16032742286893,0.1985718889672982,1.26155076475434
2464,brak churnu,0,3495.7012457402875,811.7264189790142,2828.860181338508,-666.8410644017795,-0.1907603131744635,-0.8215096229595794
2465,brak churnu,0,773.4809578755554,119.00377451197062,852.9426862602633,79.46172838470784,0.10273262395878188,0.6677244374018975
2466,brak churnu,0,626.7828084073992,158.72141228302556,647.3308109741204,20.548002566721152,0.03278328998673694,0.12945954973032114
2467,brak churnu,0,1055.9902432552597,131.69974626126316,1151.4739377911294,95.48369453586974,0.09042100071069398,0.7250104669636281
2468,brak churnu,0,2442.738467659058,349.4570008098928,1404.0816805879592,-1038.656787071099,-0.42520179741815406,-2.972201972385541
2469,brak churnu,0,1212.173695038184,302.39320790343527,1127.6836473374315,-84.49004770075248,-0.06970127139913807,-0.2794045814935536
2470,brak churnu,0,758.3833031698115,116.431955919899,780.3811408341134,21.99783766430187,0.029006226234619882,0.18893299086580312
2471,brak churnu,0,1922.7563582142468,446.3152395048488,1315.8031515814314,-606.9532066328154,-0.3156682873728843,-1.3599204170267223
2472,brak churnu,0,1608.888819674665,299.28404025837466,1836.1864244493843,227.29760477471928,0.1412761416420815,0.7594711852275556
2473,brak churnu,0,873.0327155695577,239.85122457828632,1197.7333424301935,324.7006268606358,0.37192263367679684,1.3537584701997427
2474,brak churnu,0,364.2787650852943,73.65913093349138,387.3877894432414,23.109024357947078,0.06343774760666107,0.31372925617073566
2475,brak churnu,0,1008.1572367922054,297.9834311297422,1234.002683211496,225.84544641929074,0.22401807791202763,0.7579127656965513
2476,brak churnu,0,603.7984378563729,156.46725491420813,966.4722093270855,362.6737714707126,0.6006537094701506,2.317889271270009
2477,brak churnu,0,871.1634182606989,179.97841770964357,821.2811805945969,-49.882237666102014,-0.05725933460990963,-0.27715677413375345
2478,brak churnu,0,2644.570048733548,518.2293642919906,2671.619678528201,27.0496297946529,0.010228365782031993,0.052196250653623884
2479,brak churnu,0,586.0422186390242,137.46157489303127,551.4209912035685,-34.621227435455694,-0.059076336711469626,-0.25186112891836837
2480,brak churnu,0,2028.9862742505345,398.5933967018234,1012.6779094691419,-1016.3083647813926,-0.5008946475780354,-2.549737083431075
2481,brak churnu,0,701.7901866492958,165.7677155498596,848.376793233197,146.58660658390113,0.2088752584070466,0.8842892362826272
2482,brak churnu,0,2372.411669018767,469.5967272470983,1808.3641139921929,-564.0475550265742,-0.23775281600257223,-1.2011317845700755
2483,brak churnu,0,1826.4410069890384,351.86832816947765,1899.318295038856,72.87728804981748,0.03990125482889734,0.207115225257546
2484,brak churnu,0,3194.8625367354953,626.6593152092947,2768.376113976556,-426.48642275893917,-0.1334913217251351,-0.6805714243895012
2485,brak churnu,0,726.5956472660371,141.6227785675597,748.6918210519242,22.096173785887117,0.030410550722438864,0.1560213265788057
2486,brak churnu,0,2031.2020355243174,535.0001158435482,1963.8321928126572,-67.36984271166011,-0.033167474989394555,-0.12592491238144196
2487,brak churnu,0,700.0204963723683,209.6812469509569,655.4720716005087,-44.54842477185957,-0.06363874344068138,-0.21245783979088584
2488,brak churnu,0,621.9994377980257,151.01292417543627,626.1527865910008,4.153348792975066,0.006677415670468391,0.02750326712533555
2489,brak churnu,0,843.8314058499749,149.38243934186062,1180.886953940054,337.055548090079,0.3994347043181802,2.256326443556929
2490,brak churnu,0,1589.1108196643445,207.18037633057045,1488.3511024701636,-100.7597171941809,-0.06340635023519857,-0.4863381319156013
2491,brak churnu,0,1105.191741207307,159.53775104299223,768.183237767872,-337.0085034394349,-0.3049321587141867,-2.112406005702173
2492,brak churnu,0,1350.3020783513864,178.6313591570237,1263.1708814549618,-87.13119689642463,-0.06452718861456914,-0.4877710011702538
2493,brak churnu,0,1740.0920784142327,300.1100820705212,1771.3457923830158,31.25371396878313,0.017960954110695697,0.10414083310083197
2494,brak churnu,0,3152.870038718834,625.7108318771876,3471.541438899407,318.6714001805726,0.10107343349618828,0.5092950032917447
2495,brak churnu,0,5840.456527913008,1026.979027373638,5452.2496192548,-388.2069086582087,-0.06646858970747756,-0.37800860417860344
2496,brak churnu,0,434.77772000300564,118.24617812526076,425.6868217313717,-9.090898271633932,-0.020909301128795393,-0.07688111713854925
2497,brak churnu,0,1132.397294120859,149.58954660578547,978.1725081674382,-154.2247859534208,-0.13619317774258177,-1.0309863854314005
2498,brak churnu,0,825.3634336763049,190.37736265490088,1186.913822880615,361.55038920431014,0.43804992376982954,1.899124896796141
2499,brak churnu,0,7878.760054443854,2164.33396161315,9721.158996823808,1842.398942379954,0.2338437685179645,0.8512544621379746
2500,brak churnu,0,1529.6532734584234,404.62605071797316,2053.2892038384834,523.63593038006,0.3423232829725923,1.2941231278878718
2501,churn,1,375.4696069858678,110.44538668386222,135.99207484897585,-239.47753213689197,-0.6378080347416923,-2.1682891366243306
2502,churn,1,960.4710964514144,169.521504944356,710.9785691783707,-249.49252727304372,-0.2597605781109149,-1.4717455897700857
2503,churn,1,334.17420864656367,43.87191075654209,298.75882713187127,-35.4153815146924,-0.10597879967495982,-0.8072450208795916
2504,churn,1,1676.976974368567,314.98124648959515,1642.736400423404,-34.24057394516308,-0.020418034635243398,-0.1087067065952898
2505,churn,1,1456.1088874294069,274.2709018855949,893.5204784717353,-562.5884089576716,-0.386364243645856,-2.0512143471652013
2506,churn,1,3426.6958693391093,672.186881873792,3100.0634856180286,-326.6323837210807,-0.09531992221535457,-0.4859249600506312
2507,churn,1,2115.0647611202608,464.2035930567107,1569.946386915988,-545.1183742042729,-0.25773129231066505,-1.1743088212970316
2508,churn,1,1266.6457031864022,192.48348133115735,998.4903225813422,-268.15538060506003,-0.21170512001144626,-1.393134510819208
2509,churn,1,3122.723093748415,382.2260352863327,2343.579091940607,-779.1440018078079,-0.24950787451107256,-2.038437808727855
2510,churn,1,1214.9360378016422,211.38128847335648,1140.0122267491283,-74.92381105251388,-0.061668934595177756,-0.3544486439345252
2511,churn,1,1209.1100809265474,354.2422672237476,810.6188779614079,-398.49120296513956,-0.3295739645638995,-1.1249115078451193
2512,churn,1,1240.87137976454,267.9897942759605,569.7798302372162,-671.0915495273239,-0.5408228124776848,-2.504168307380662
2513,churn,1,1070.9589272150943,315.93414540321896,2509.452385896781,1438.4934586816867,1.3431826582017703,4.553143367412132
2514,churn,1,1607.0841051077896,252.0958171943199,2420.9446291867857,813.8605240789961,0.5064206169996369,3.228377738023547
2515,churn,1,2447.12640823156,354.25805784427297,3751.3299934648667,1304.2035852333065,0.5329530917758359,3.6815071848178444
2516,churn,1,749.3182814778496,175.05178700801736,598.8167755691032,-150.50150590874637,-0.20085123989223702,-0.8597541817830938
2517,churn,1,1249.4304505640134,360.6381176673996,677.1592230104121,-572.2712275536013,-0.45802567665552624,-1.5868295654797684
2518,churn,1,854.3564135306214,147.83497982379978,1441.0361695114477,586.6797559808264,0.6866920487626198,3.9684772621477875
2519,churn,1,1960.2091449640052,534.3042705011637,1854.9804637385118,-105.22868122549335,-0.05368237440164867,-0.1969452370777264
2520,churn,1,626.1734612682559,159.3039233086993,486.3062784545018,-139.86718281375408,-0.22336811038025495,-0.8779895680454732
2521,churn,1,491.2326229087787,143.43407332092377,300.594973585064,-190.6376493237147,-0.3880801893711279,-1.3290959735709116
2522,churn,1,430.8416519957228,117.80409909661641,286.5505698350114,-144.29108216071143,-0.3349051362428252,-1.224839231123629
2523,churn,1,1402.742079382128,220.79983205654563,1139.7135578881166,-263.02852149401133,-0.1875102524976428,-1.1912532679221022
2524,churn,1,902.4951945876451,247.90621316474693,1205.7938649151681,303.29867032752304,0.3360667980798522,1.2234411814679484
2525,churn,1,596.6795077053414,169.7326720431163,713.1867604500184,116.50725274467698,0.1952593498522021,0.6864161822367425
2526,churn,1,815.2777227605619,229.97057293645113,349.516444484779,-465.7612782757829,-0.5712915553471732,-2.0253081615119903
2527,churn,1,399.0115577266889,58.950505866224134,493.9018410689908,94.89028334230187,0.23781337032672847,1.6096602047425268
2528,churn,1,2618.4503247365246,479.84277699788817,2932.431332930003,313.9810081934784,0.1199110043170561,0.6543414285776782
2529,churn,1,1759.2143339331426,518.5449899249388,911.6732461518616,-847.541087781281,-0.48177250004915606,-1.6344600839822319
2530,churn,1,930.8658075193075,263.5346025597042,546.9744597389692,-383.89134778033826,-0.41240245874255704,-1.4567018678063997
2531,churn,1,957.6181379673485,168.04890987083346,761.7391121499012,-195.8790258174473,-0.20454815761240952,-1.1656072387973524
2532,churn,1,2429.997714768965,608.0744923471061,952.9686443905598,-1477.0290703784053,-0.6078314647793138,-2.4290265238346413
2533,churn,1,1158.3505258094626,292.4321640528004,321.39753918525844,-836.9529866242042,-0.7225386167449928,-2.862041490323504
2534,churn,1,500.0775790294215,91.40320367388544,457.8015514851732,-42.27602754424828,-0.08453893819095021,-0.46252238264080503
2535,churn,1,977.3925966155786,246.76802252803006,1017.796923436708,40.404326821129416,0.041338891824060926,0.16373404628040872
2536,churn,1,1123.6611733287928,199.81810139599352,668.6067603783428,-455.05441295045,-0.4049747590747244,-2.27734329258107
2537,churn,1,2258.6584587509583,496.1586921602177,2879.6017183634917,620.9432596125334,0.27491684597409916,1.2515013229114624
2538,churn,1,305.6945560195902,77.91569409217253,139.77116485103124,-165.92339116855896,-0.5427750933121814,-2.1295246497101763
2539,churn,1,3173.4527818853544,536.2724340614095,2279.51838906934,-893.9343928160142,-0.2816914112977367,-1.6669407861334304
2540,churn,1,2074.727904969756,311.80805907214045,1660.1578044547343,-414.5701005150215,-0.19981902182062997,-1.3295682662875172
2541,churn,1,1125.0483538292965,250.09171175494396,869.1773567285104,-255.8709971007861,-0.22743111105392488,-1.023108664038835
2542,churn,1,901.2909020536723,245.45954529304635,707.7227840321184,-193.56811802155391,-0.21476763781870156,-0.788594787749888
2543,churn,1,339.29631976759094,64.07577310420892,593.1962219423856,253.89990217479465,0.7483131628091616,3.962494557215367
2544,churn,1,1704.197959096792,388.72769551108297,2195.5061212424316,491.3081621456397,0.2882928943337241,1.263887723512183
2545,churn,1,1833.0193584762746,289.39525300536604,1278.2331391806679,-554.7862192956068,-0.3026624987511214,-1.9170536266029208
2546,churn,1,859.318048422243,247.05851106550296,232.8543216893794,-626.4637267328636,-0.7290242860406421,-2.5356897199415585
2547,churn,1,1464.3887399899077,326.35524114588173,500.34166622262615,-964.0470737672815,-0.6583272920918017,-2.9539806695990816
2548,churn,1,447.1678444616432,65.00544537694566,327.415897423053,-119.75194703859017,-0.2678008906985756,-1.8421833177849511
2549,churn,1,2169.7410689819762,435.9679765598424,1016.2649693568096,-1153.4760996251666,-0.5316192407080019,-2.645781712517219
2550,churn,1,601.100398265954,150.81098017471317,406.5495010240844,-194.55089724186962,-0.3236579077357249,-1.290031382439688
2551,churn,1,365.263904004147,75.32643614211807,200.9149585456758,-164.34894545847118,-0.44994576156259136,-2.181822927987655
2552,churn,1,973.8289597952268,282.6827525630982,2013.982294247698,1040.1533344524714,1.0681068004705787,3.6795783436426555
2553,churn,1,1325.2752578330196,239.2825312095394,897.6552931524866,-427.61996468053303,-0.3226650178165567,-1.7870922817431532
2554,churn,1,712.6886933156775,101.19251943130719,598.4600706097116,-114.2286227059659,-0.1602784270009032,-1.1288247723045186
2555,churn,1,742.2398912713932,133.2125941672724,345.4760367042874,-396.76385456710574,-0.5345493542357086,-2.9784260042927864
2556,churn,1,2178.402694786478,600.0957554568762,1993.6658948235677,-184.73679996291048,-0.08480378784190677,-0.30784553678814675
2557,churn,1,2436.091717538477,481.71451832064645,1804.354202080243,-631.7375154582339,-0.2593241916591574,-1.3114354901749645
2558,churn,1,741.9473879975292,198.10596470808903,433.99938821568526,-307.9479997818439,-0.4150536881233275,-1.5544610190592096
2559,churn,1,419.4706642150363,71.92684913885009,286.9724565934773,-132.498207621559,-0.31587002125525393,-1.8421244529394005
2560,churn,1,1075.758308123526,309.31736620864825,720.5493005108701,-355.2090076126558,-0.33019406397358564,-1.1483642576118782
2561,churn,1,2171.1294960164073,283.3192409049756,3371.322366461654,1200.1928704452466,0.5527965386898215,4.236185536187384
2562,churn,1,1322.7697311160805,288.2317941319821,761.9241716345497,-560.8455594815308,-0.4239933423698168,-1.9458143442174118
2563,churn,1,1144.4574948009142,214.4174314631119,950.9526965743455,-193.5047982265687,-0.16907993447168618,-0.9024676627555769
2564,churn,1,2335.8536561750034,554.7468029614039,1074.804250660644,-1261.0494055143595,-0.5398666145803618,-2.2731981487455206
2565,churn,1,749.2673914948982,126.91701753823341,463.27040286627533,-285.9969886286229,-0.38170216917890554,-2.253417186883288
2566,churn,1,1341.1207653920412,387.88751020974445,3040.2164957355035,1699.0957303434623,1.2669222445800967,4.380382676989783
2567,churn,1,981.4294601524441,257.3086174254159,591.0609770828569,-390.3684830695872,-0.3977550083008022,-1.517121684363099
2568,churn,1,866.4145812995934,243.35098736967944,646.0564169952529,-220.35816430434045,-0.25433339772953784,-0.905515801214276
2569,churn,1,1963.7552120064017,382.8214847530172,1296.9078750176948,-666.847336988707,-0.3395776280626025,-1.7419276700703805
2570,churn,1,1777.6367446699028,219.09530388496052,1387.3303932696097,-390.3063514002931,-0.2195647409801775,-1.781445537532971
2571,churn,1,789.9821421981771,183.10509285510932,1075.3592608345384,285.3771186363613,0.36124502490939947,1.5585427700920345
2572,churn,1,1209.270342269242,166.02041973408257,1109.211871290127,-100.0584709791151,-0.0827428470554827,-0.6026877364807309
2573,churn,1,2053.2767804701903,594.6634098049834,1728.966088934892,-324.31069153529825,-0.15794786880170764,-0.5453684995376697
2574,churn,1,1546.6800680646743,435.8900863283481,1137.0268402111913,-409.65322785348303,-0.2648597058382428,-0.9398085450947803
2575,churn,1,579.7523530523792,169.4759572476039,302.1766761399443,-277.575676912435,-0.4787831829418322,-1.6378469336915895
2576,churn,1,1575.1447388625693,368.2221848291807,1480.0162411567744,-95.12849770579487,-0.060393496139591774,-0.25834537305221095
2577,churn,1,758.2830545344596,161.97295362580584,535.8703985470378,-222.41265598742177,-0.2933108615014084,-1.373146880443048
2578,churn,1,1259.6766865358093,353.5016928884205,759.3972399922488,-500.2794465435604,-0.39714908745303573,-1.415210893209128
2579,churn,1,518.9784647124802,138.0295362985501,318.79349775029,-200.18496696219023,-0.38572885114432426,-1.4503052921166193
2580,churn,1,1372.6624374802366,176.15239371625077,1002.0579901899782,-370.60444729025835,-0.26998950154895185,-2.103885388507602
2581,churn,1,1330.8891042833807,352.77155958370764,2731.2468134162223,1400.3577091328416,1.0521971399614594,3.969587885104317
2582,churn,1,6644.139432357446,1385.2266898226737,1771.1166313324638,-4873.022801024982,-0.733431748480925,-3.517852230849515
2583,churn,1,2643.8883019504256,370.74833866793296,1979.3722745615792,-664.5160273888464,-0.25134043177944604,-1.7923641405283044
2584,churn,1,2156.812076777564,416.5219775421922,1554.1418669523316,-602.6702098252324,-0.27942638874948533,-1.4469109490487426
2585,churn,1,1380.277289069753,210.076096713072,956.9690777192825,-423.3082113504704,-0.3066834575216128,-2.0150232128914554
2586,churn,1,697.6267054342936,159.72386281071027,690.6299171422927,-6.996788292000929,-0.01002941578568902,-0.04380552892270622
2587,churn,1,322.4397001721804,49.71082999683369,237.94011444418823,-84.49958572799216,-0.26206321889913065,-1.699822467928504
2588,churn,1,683.8797918990174,187.85274641724422,608.3031096935724,-75.57668220544497,-0.11051164707701251,-0.40231875044072973
2589,churn,1,275.23953033987334,74.19095592266324,159.6952321475838,-115.54429819228955,-0.41979543436079936,-1.55739061123209
2590,churn,1,1108.0739562457225,141.78041038914176,891.891117901849,-216.1828383438734,-0.19509784263527397,-1.52477227108118
2591,churn,1,976.297926962798,172.34760424228728,791.9823457065254,-184.3155812562726,-0.1887903028020011,-1.0694409247323255
2592,churn,1,1107.2771151756479,139.9072670540819,828.9027903252331,-278.3743248504147,-0.2514043874249637,-1.9897059724768096
2593,churn,1,442.5637381255526,79.11833995761216,511.5910483374237,69.02731021187105,0.15597145510436833,0.8724565031173884
2594,churn,1,2708.5725292457682,443.7470181418136,1861.806793866739,-846.7657353790291,-0.31262435332120136,-1.9082172967039925
2595,churn,1,695.4746984271918,140.35083366758656,518.8563675337259,-176.6183308934659,-0.25395363956860867,-1.2584059978708568
2596,churn,1,3935.7528608868383,495.266747130505,3151.070237576607,-784.6826233102315,-0.19937294109809017,-1.5843636340548908
2597,churn,1,2468.044864326678,353.94007250312217,2755.253098134062,287.20823380738375,0.11637075077471848,0.8114600637791592
2598,churn,1,858.8673108235694,221.65567148436995,548.8554773881253,-310.01183343544403,-0.3609542819113387,-1.3986189992765627
2599,churn,1,467.34757874666576,136.91631179105894,236.5172660980589,-230.83031264860685,-0.49391571315646554,-1.6859226605582636
2600,churn,1,759.6301979481283,224.20096331508134,462.98472307906064,-296.64547486906764,-0.3905130097122919,-1.3231231056406134
2601,churn,1,1088.1695503062738,322.16502889882156,811.3834757069461,-276.78607459932766,-0.2543593271116841,-0.8591437610264474
2602,churn,1,2270.382002751264,421.7493259396041,1865.0834301942946,-405.29857255696925,-0.17851558551196484,-0.9609940019560561
2603,churn,1,2285.4042869570358,464.69293667785024,1146.4622771181362,-1138.9420098388996,-0.4983547183922435,-2.45095614747524
2604,churn,1,1629.9530611065475,315.306126654291,1366.2586578834832,-263.6944032230642,-0.16178036626652706,-0.8363123356375023
2605,churn,1,2540.364021783554,546.2144115433073,2411.1933925316257,-129.1706292519284,-0.0508472912323957,-0.236483378179206
2606,churn,1,2515.0280140265377,517.6157437552306,1621.9340281841612,-893.0939858423765,-0.3551029972077889,-1.7253995780018265
2607,churn,1,714.0111792405012,174.55913512800285,553.0372685477929,-160.97391069270827,-0.225450126514738,-0.9221740848719683
2608,churn,1,5400.320739806807,1080.9915823354513,4724.074196587654,-676.246543219153,-0.12522340353498063,-0.6255798419430257
2609,churn,1,9319.393245486966,2107.048250084307,6811.91815172737,-2507.4750937595963,-0.26905990848426453,-1.1900416108929959
2610,churn,1,2021.30967786626,287.59189018339674,1559.7619532120934,-461.5477246541666,-0.22834092653303217,-1.6048704445728237
2611,churn,1,1531.5562790188642,330.102373737512,435.5943961816945,-1095.9618828371697,-0.715587078222981,-3.3200666521369744
2612,churn,1,862.6357599721555,181.04602634907204,963.8841887084268,101.24842873627131,0.11737100805969305,0.5592413751244437
2613,churn,1,1244.0607912738656,263.99838535314694,826.8264350499945,-417.23435622387103,-0.33538100320374276,-1.580442833639844
2614,churn,1,2931.0687812657347,842.8864289912675,2635.7820300401236,-295.28675122561117,-0.10074371270745013,-0.35032804072904394
2615,churn,1,1165.8069016975876,306.28697376137507,696.3982677017469,-469.40863399584066,-0.4026469849443438,-1.5325778573970696
2616,churn,1,748.6944158657957,188.52776932827527,345.57455334248374,-403.11986252331195,-0.538430438347989,-2.138251908244757
2617,churn,1,1914.903135060461,296.39748573402613,1560.1564355100313,-354.74669955042964,-0.1852556889459732,-1.196861365648572
2618,churn,1,1736.3192090941343,312.55078220733196,1386.764249171034,-349.55495992310034,-0.20131952586383514,-1.1183941292817545
2619,churn,1,833.6086718144176,169.73358067755007,587.8829407047039,-245.7257311097137,-0.29477348235218276,-1.447714295125424
2620,churn,1,939.0433938549826,256.48379720422685,598.770319678179,-340.27307417680356,-0.36236139501488496,-1.3266844841113257
2621,churn,1,4162.059258096874,1016.2965605033445,3474.6269429550252,-687.4323151418489,-0.1651663930071436,-0.6764091721430033
2622,churn,1,854.9477707309998,146.00716428856276,599.9152646345963,-255.0325060964035,-0.29830185518624713,-1.746712274970065
2623,churn,1,1279.4964646703552,270.2918064968374,622.1220606192262,-657.374404051129,-0.5137758658993189,-2.4320914961172555
2624,churn,1,298.4690874049594,86.00154567694169,192.8233129879985,-105.6457744169609,-0.35395884825292456,-1.2284171590800388
2625,churn,1,4812.1500745436815,590.1199034805859,5173.411935392331,361.2618608486491,0.07507285833825668,0.6121838269102444
2626,churn,1,1522.0278307986778,289.1552309782182,1925.8268857984963,403.7990549998185,0.26530333206057516,1.3964784715592309
2627,churn,1,3400.6925171247417,845.2247122172704,3313.9509535395,-86.74156358524169,-0.025507029273725987,-0.10262544661962536
2628,churn,1,2391.2120592470465,542.8922224671358,3922.0538978836216,1530.8418386365752,0.6401949307325809,2.8197895922689247
2629,churn,1,2223.55657583371,433.9732718419683,3492.918975657376,1269.3623998236658,0.5708702956423429,2.9249782928703154
2630,churn,1,1063.8865468410186,153.10442939562003,720.9577460126011,-342.9288008284175,-0.32233587486059534,-2.2398359223317668
2631,churn,1,1077.348786542029,179.52782460236568,784.2565643990349,-293.09222214299416,-0.2720495217558406,-1.6325726822132507
2632,churn,1,485.04336627386965,60.53801798111487,282.85631318145124,-202.1870530924184,-0.4168432498018284,-3.339836020985881
2633,churn,1,1344.7051660501245,391.52215050118997,1463.9166158109879,119.21144976086339,0.08865248142909249,0.3044820059561383
2634,churn,1,1086.7410433298273,147.50122411247753,839.5132005256876,-247.22784280413975,-0.22749471396297102,-1.6761070580378057
2635,churn,1,813.2726982233769,128.065900480535,767.3941510561026,-45.87854716727429,-0.05641225540645543,-0.35824170989409837
2636,churn,1,1687.4584841058868,415.3344707154592,1418.5462779511872,-268.91220615469956,-0.15935930198435952,-0.6474593974621677
2637,churn,1,1331.611394077261,358.32074224864186,734.6889707336755,-596.9224233435854,-0.44827073874448353,-1.6658885544766362
2638,churn,1,940.9483931943982,123.16507945659929,690.3470719293244,-250.6013212650738,-0.26632844381009535,-2.0346783550233516
2639,churn,1,930.0818571805397,140.86367800534146,1034.3197228777565,104.23786569721676,0.11207386198587355,0.7399910833881828
2640,churn,1,5905.605123703698,1210.8653837233164,4365.290589087372,-1540.3145346163265,-0.2608224732862462,-1.2720774376091086
2641,churn,1,1790.0014125873956,485.77831359588174,689.0613379679876,-1100.940074619408,-0.6150498356467947,-2.2663425760403095
2642,churn,1,1021.5105104097797,282.79684671354516,1809.3585615983748,787.848051188595,0.7712579000998719,2.785915261589299
2643,churn,1,1298.6737215325932,238.63693495912332,1313.0997933860422,14.426071853449002,0.01110831120570029,0.06045196589505341
2644,churn,1,1779.8052657919486,272.40432917153527,1152.5602496375257,-627.245016154423,-0.3524233960928988,-2.302624991541311
2645,churn,1,776.4451755029531,212.78292546554997,609.4854963388938,-166.95967916405937,-0.21503086686823564,-0.7846479166444702
2646,churn,1,772.4345339826303,211.11282669134116,764.8540356079772,-7.580498374653189,-0.0098137745545484,-0.03590733208141969
2647,churn,1,507.911580189539,133.2939807999502,591.3597127615772,83.44813257203816,0.1642965741023222,0.6260457679426538
2648,churn,1,945.28523728325,227.00065405235037,938.0228456283523,-7.2623916548976695,-0.007682751584875889,-0.03199282259875266
2649,churn,1,947.1341606506653,252.8103303984339,927.898777574679,-19.235383075986306,-0.02030903738364998,-0.07608622260676996
2650,churn,1,906.7041937141029,240.5855133055845,509.3198894791279,-397.384304234975,-0.4382733718338531,-1.6517382895379464
2651,churn,1,1560.5960411242124,438.1530887807138,738.3697789557078,-822.2262621685046,-0.5268668127443117,-1.8765730134565162
2652,churn,1,857.9126233613282,179.0553085543175,699.6271931690246,-158.28543019230358,-0.18450064246885234,-0.8840030014764223
2653,churn,1,642.1882485242554,79.66777344040072,897.7461175768126,255.55786905255718,0.397948529328943,3.207794796019239
2654,churn,1,1077.801664253649,295.1843690679472,410.45321471483624,-667.3484495388128,-0.6191755604691287,-2.2607851887482524
2655,churn,1,749.0171173389815,122.07424885826931,604.1281256871514,-144.8889916518301,-0.19343882575951588,-1.1868923463133423
2656,churn,1,1195.2616785787773,230.54536111582692,2200.138983710627,1004.8773051318499,0.8407174120454498,4.358696701891111
2657,churn,1,3548.78838709533,498.7179730889063,2501.5865078455954,-1047.2018792497347,-0.2950871579319119,-2.0997877272473
2658,churn,1,706.1696153038869,105.80188061275993,748.4608102652071,42.29119496132023,0.0598881544104967,0.39972063555380527
2659,churn,1,609.1849057278047,135.85296074200315,1111.8993027578533,502.71439703004864,0.8252246441159705,3.7004301877877213
2660,churn,1,887.8783690116397,139.4123324381698,588.0696159005811,-299.80875311105865,-0.33766872082354815,-2.1505181634058492
2661,churn,1,629.954997000404,115.26498194923607,634.2085135038285,4.253516503424521,0.006752095822206476,0.036902070615842504
2662,churn,1,1118.0768316853316,219.2118443231958,643.1155799060384,-474.9612517792932,-0.4248019798991461,-2.1666769569213256
2663,churn,1,817.5049442945578,105.64461459529181,552.814967484813,-264.68997680974485,-0.32377782991655346,-2.5054753413009383
2664,churn,1,2137.827503941714,487.7797151986403,1954.218255250525,-183.6092486911889,-0.08588590442991832,-0.3764183769233147
2665,churn,1,1374.7043393833142,357.73168484981056,975.529048812934,-399.1752905703802,-0.2903717396785467,-1.1158510902884358
2666,churn,1,1199.3282171033154,184.48530851066602,1074.9481436098656,-124.3800734934498,-0.10370811902838366,-0.6742004254840638
2667,churn,1,2191.1884313470364,488.27713488857813,1614.9286178627324,-576.259813484304,-0.2629896202628486,-1.1801900443603672
2668,churn,1,2673.3135860177476,669.8593477102098,1321.1927099546822,-1352.1208760630655,-0.5057846124506581,-2.018514604125538
2669,churn,1,956.6449758979634,229.588077752563,749.0457261935544,-207.59924970440898,-0.21700762031342305,-0.9042248697606488
2670,churn,1,3512.179507132903,748.4572576446568,3665.3425171474014,153.16301001449847,0.04360910645467834,0.20463828555352895
2671,churn,1,1110.0604339932413,202.84491409062798,637.7006431491063,-472.359790844135,-0.4255261933306696,-2.3286745588952353
2672,churn,1,908.6198634447254,118.34731641258581,742.7683987864816,-165.8514646582438,-0.1825311896984884,-1.4013960745848064
2673,churn,1,1588.2407264949716,419.6893366340332,995.9820494861657,-592.2586770088059,-0.37290233598016287,-1.4111835238865078
2674,churn,1,3510.352566086764,505.43340053390466,5089.221848870837,1578.8692827840728,0.44977513029243926,3.123792929229183
2675,churn,1,642.3982585396529,100.75875313603528,410.30345557604505,-232.0948029636079,-0.3612942592516096,-2.3034703759211337
2676,churn,1,1748.2889407831753,255.44857130835896,1437.1888945839773,-311.100046199198,-0.17794544079186106,-1.2178578435800318
2677,churn,1,591.6849912447426,111.14768574767453,398.94607755445645,-192.73891369028615,-0.3257458217502128,-1.7340794132937554
2678,churn,1,967.9162020074473,130.24475953283255,691.2003584460648,-276.7158435613825,-0.2858882235750129,-2.1245833195432864
2679,churn,1,2155.7622585523977,561.2742815566528,1003.0586535510313,-1152.7036050013664,-0.5347081295390202,-2.0537260353430558
2680,churn,1,1109.3130945506591,214.85394198873902,670.343036845484,-438.9700577051751,-0.39571340125844756,-2.0431091635646252
2681,churn,1,1044.6994078218147,137.10511463488243,702.5430354223683,-342.15637239944635,-0.3275165754260722,-2.4955770126492025
2682,churn,1,745.968982796885,193.03998247898488,757.9381969892545,11.969214192369463,0.01604519017331379,0.062003808944981025
2683,churn,1,1349.3229176359657,373.8253213275033,919.7227603061583,-429.6001573298074,-0.31838202087493883,-1.1492002623156727
2684,churn,1,1159.7425203049008,269.8219445832513,1023.0779194868525,-136.66460081804837,-0.1178404675393972,-0.5064992064642156
2685,churn,1,1026.2433767784512,209.7343596078871,657.9997183670981,-368.24365841135307,-0.3588268306952014,-1.7557621893704498
2686,churn,1,545.7972001616831,100.49148282135381,463.1791234338855,-82.61807672779764,-0.1513713824536356,-0.8221400899683193
2687,churn,1,1670.1213853349707,275.59465525247816,1389.4768339966906,-280.64455133828005,-0.16803841553228904,-1.0183236357801482
2688,churn,1,678.4769450433051,182.71528718712997,771.0387680992848,92.56182305597963,0.136425892924146,0.5065904691443873
2689,churn,1,1663.4044840444103,408.8121882529554,2316.900350837679,653.4958667932688,0.3928664814010574,1.5985234432122988
2690,churn,1,2257.516254837364,416.5577141175535,901.0772662431473,-1356.4389885942169,-0.6008545833004145,-3.256305051192563
2691,churn,1,690.9833495669465,139.732294683632,432.93568933028416,-258.0476602366623,-0.3734498962940078,-1.846728852631442
2692,churn,1,861.91617443357,174.6028262092304,700.7584507149282,-161.1577237186417,-0.1869760987192874,-0.9229960775407088
2693,churn,1,853.9009709812925,165.34787004488388,289.0144383845475,-564.886532596745,-0.6615363511621076,-3.416352036729629
2694,churn,1,1916.1139083631865,534.6402389527184,1469.3050613313114,-446.8088470318751,-0.2331849088312058,-0.835718702930232
2695,churn,1,5667.571644563142,781.3238868723269,5217.36698239594,-450.2046621672025,-0.07943519560076145,-0.5762074726390245
2696,churn,1,1187.3866232462242,350.0443531465565,966.9994615397649,-220.38716170645932,-0.18560690965503526,-0.629597820177341
2697,churn,1,2082.024838485539,593.1602620260686,713.5971308865953,-1368.4277075989437,-0.6572581086949641,-2.3070117727117787
2698,churn,1,850.1067491724491,229.24407879799088,909.3685973551859,59.2618481827368,0.06971106656949407,0.2585098315012888
2699,churn,1,1218.1955877282787,259.41030492448164,566.7796944006424,-651.4158933276364,-0.5347383457055634,-2.5111411573155262
2700,churn,1,623.8898829770334,184.43668960407098,263.7452687048437,-360.1446142721897,-0.5772566988162674,-1.9526733810138848
2701,churn,1,599.3404889479907,100.54289884868025,575.2035653064373,-24.13692364155338,-0.04027247297094911,-0.24006592129276177
2702,churn,1,1026.5375633400065,166.2057083575904,1227.4734047621682,200.93584142216173,0.19574134313057612,1.208958725953321
2703,churn,1,912.1936134744878,187.1177457336952,967.1665170905685,54.97290361608066,0.06026451271314249,0.2937877612865097
2704,churn,1,720.0230173639858,209.0771479234467,564.2991558979325,-155.72386146605334,-0.2162762268853023,-0.7448153134510492
2705,churn,1,650.8262161477578,152.16059033247276,512.7367814458914,-138.08943470186637,-0.21217558739292666,-0.9075243096792622
2706,churn,1,1421.357001532386,324.1725030017281,1026.2593187951352,-395.0976827372508,-0.27797216484759996,-1.2187883891409033
2707,churn,1,504.4144822891013,80.63068942546836,331.5512178877759,-172.86326440132535,-0.34270083526715656,-2.14388920190386
2708,churn,1,1131.3908071077358,314.9576872767397,650.5290642036127,-480.86174290412305,-0.425018251768713,-1.5267502979903793
2709,churn,1,286.2799351835596,35.06972103262992,202.49877106814523,-83.78116411541436,-0.2926546845195238,-2.388988610358829
2710,churn,1,2525.5272653984334,366.1621120711213,1702.6532663562361,-822.8739990421973,-0.3258226550614486,-2.247294222735876
2711,churn,1,816.9629392157427,128.37420415655777,594.0666969854655,-222.89624223027727,-0.2728351942675028,-1.7363008689693287
2712,churn,1,491.1204525069551,147.213378347033,159.3046959626788,-331.81575654427627,-0.6756300920690678,-2.253978274733098
2713,churn,1,3383.030458104159,860.2437999006052,1.0,-3382.030458104159,-0.9997044070361222,-3.9314790277999423
2714,churn,1,1567.0066690407348,308.3419130715232,876.2132824705844,-690.7933865701503,-0.440836277354856,-2.240348643130827
2715,churn,1,441.1371942520489,77.35083828489304,322.71271650288804,-118.42447774916087,-0.2684527156000762,-1.531004451599973
2716,churn,1,1000.7956919416291,263.446723769776,516.2510186106025,-484.5446733310266,-0.48415943157286034,-1.8392510880282056
2717,churn,1,2563.600392753957,533.9441438625224,1849.400360789295,-714.2000319646618,-0.27859257393755893,-1.337593154965945
2718,churn,1,945.0939704986306,170.66475870121727,764.6925032742457,-180.40146722438487,-0.1908820422684585,-1.0570516643111638
2719,churn,1,357.84522922944745,67.5518487666959,202.73122029213818,-155.11400893730928,-0.4334667511742945,-2.2962215212351507
2720,churn,1,596.467053538866,90.19552961811264,502.5041969172964,-93.96285662156964,-0.15753234996649648,-1.0417684448376525
2721,churn,1,363.8597416667999,82.24785487772158,332.8520132729245,-31.007728393875368,-0.08521890399809692,-0.37700349072902584
2722,churn,1,3116.290896208042,498.9634763796941,2610.7355878994927,-505.55530830854923,-0.162229819085156,-1.0132110509905117
2723,churn,1,379.92047105796047,106.91595848612717,225.91091016709473,-154.00956089086574,-0.40537315734000057,-1.4404730881297687
2724,churn,1,2300.0451041657648,383.38881845630425,1970.4096965597946,-329.63540760597016,-0.1433169319197026,-0.8597940047736147
2725,churn,1,3247.803578142326,906.0670885512013,2639.195556497639,-608.6080216446871,-0.18739064940398825,-0.6717030442170122
2726,churn,1,3811.5752272446066,975.7491887242993,2841.7548287367335,-969.820398507873,-0.2544408389412683,-0.9939238584208534
2727,churn,1,2775.161582319264,469.1921094423976,2278.040726350771,-497.1208559684933,-0.17913222031310996,-1.0595251837446436
2728,churn,1,1851.8781124667992,506.9816907154004,1004.9053680318069,-846.9727444349923,-0.4573587963123447,-1.6706180123385352
2729,churn,1,1596.9883156668252,274.303234134959,893.6621296511789,-703.3261860156463,-0.44040784714318415,-2.564046276135429
2730,churn,1,5318.930156507546,1583.6083284183237,5591.08983270813,272.1596762005847,0.0511681237001403,0.1718604728938325
2731,churn,1,2354.7538641932556,323.909560728748,1774.6106870982862,-580.1431770949694,-0.24637104791150977,-1.7910653078276977
2732,churn,1,1595.207811949656,348.86094689339274,984.1566108093141,-611.0512011403418,-0.38305429334220586,-1.7515609201366726
2733,churn,1,3193.82701667182,684.1106126808154,2059.0625019951776,-1134.7645146766422,-0.3552993035481121,-1.6587442054580255
2734,churn,1,1375.0765126686397,350.00433340128944,946.4462834533897,-428.63022921525,-0.3117137303024676,-1.224642635277929
2735,churn,1,819.4904044781376,194.2610290952985,609.9496979387262,-209.54070653941142,-0.2556963515306195,-1.0786553922589237
2736,churn,1,9260.920797317178,1130.1632219959206,7511.573642106715,-1749.347155210463,-0.18889559618275067,-1.54787124652759
2737,churn,1,3968.231793683143,793.308525185978,4662.48560271852,694.2538090353764,0.17495293751250346,0.8751372095397817
2738,churn,1,626.1607238923623,117.40802430240413,847.3411877254634,221.18046383310116,0.353232733056445,1.8838615601214244
2739,churn,1,1217.1398900322472,303.58766834871767,804.4041047124934,-412.73578531975375,-0.33910299769143104,-1.3595275050686924
2740,churn,1,1223.4864706630403,252.26291013289338,880.9254405582474,-342.56103010479296,-0.27998759145996105,-1.3579524232251585
2741,churn,1,4212.551884303256,784.590993099889,2531.71682071342,-1680.835063589836,-0.3990063765986923,-2.1423073657128295
2742,churn,1,583.7856784204841,126.96867582876936,286.1406094326395,-297.64506898784464,-0.5098533245850876,-2.344240160378221
2743,churn,1,1606.3688533891084,210.6984415351494,1131.8022835236043,-474.5665698655041,-0.2954281445785419,-2.2523496918525394
2744,churn,1,1268.4127205230884,312.44659173940795,1042.6637937143093,-225.74892680877906,-0.17797750145211497,-0.7225200491131042
2745,churn,1,1745.8255574726493,451.71118620646143,1905.7836954574002,159.95813798475092,0.09162320788585253,0.35411595477212654
2746,churn,1,1097.647879445845,235.8786739137061,695.0419822759072,-402.60589716993786,-0.3667896642529808,-1.706834664151229
2747,churn,1,1713.5315741315433,371.5708905011102,1085.5844737365182,-627.947100395025,-0.3664636881367552,-1.6899792649207777
2748,churn,1,1525.6649568618957,298.0864000194931,1127.7036703358265,-397.9612865260692,-0.2608444827523773,-1.335053482815871
2749,churn,1,651.3234391265098,100.189465180271,527.6474265765439,-123.67601254996589,-0.18988417293231125,-1.2344213269073303
2750,churn,1,1021.3815062837616,195.130696508709,945.4608864732975,-75.92061981046413,-0.07433130455504033,-0.3890757383068925
2751,churn,1,365.843994691858,60.768752722613186,360.5810257836191,-5.262968908238861,-0.01438582834377735,-0.08660649877515772
2752,churn,1,2494.3406694212235,708.9735731318165,1376.7227974007553,-1117.6178720204682,-0.4480614399314572,-1.5763886192309093
2753,churn,1,623.9363717450327,133.2577215959447,435.9100763668594,-188.0262953781733,-0.3013549199773354,-1.4109973750586422
2754,churn,1,634.0603560400931,108.17408287562691,376.5709371569153,-257.4894188831778,-0.40609607024050587,-2.380324492135756
2755,churn,1,1589.579577418714,381.3994975697496,1229.0834424376962,-360.4961349810178,-0.22678709521823384,-0.9451929991467568
2756,churn,1,479.6683172763142,94.65481553752414,474.048477817601,-5.619839458713216,-0.011716094760279721,-0.05937193397715022
2757,churn,1,409.1939811230612,74.48125935746225,218.42010936361183,-190.77387175944935,-0.46621866537688866,-2.5613674286018338
2758,churn,1,2036.6956300762808,273.5002062392887,2982.6448323806962,945.9492023044154,0.4644529051545058,3.4586782047132822
2759,churn,1,2484.5393297908918,554.5839927708869,2107.8792017759347,-376.6601280149571,-0.15160159611828652,-0.6791759822223452
2760,churn,1,1064.3885691350433,223.9810904058233,627.6019677533883,-436.78660138165503,-0.4103638596350222,-1.9501048083579604
2761,churn,1,2507.4658337482956,502.074702049736,1158.869264173416,-1348.5965695748796,-0.537832480675888,-2.6860476420524497
2762,churn,1,648.166949046786,109.66536051101076,591.1093746814488,-57.057574365337246,-0.0880291326937417,-0.520288029870731
2763,churn,1,5177.181562147352,1136.6449314294239,5777.990236487429,600.8086743400763,0.11604937302814573,0.5285807887116607
2764,churn,1,1025.1404851309105,267.9525940770902,720.6215362429998,-304.5189488879107,-0.29705094404599935,-1.136465761552957
2765,churn,1,1049.2409738503923,293.0073633880041,713.8627290667073,-335.378244783685,-0.3196389134070411,-1.1446068825907725
2766,churn,1,9366.74500331947,2741.181795840332,22106.698399823894,12739.953396504425,1.360125998091069,4.647613454837965
2767,churn,1,822.9282794763035,238.54823484216226,415.5730034792315,-407.355275997072,-0.49500702085035336,-1.7076432205277166
2768,churn,1,1131.395369739633,232.63700074454604,985.7095739624846,-145.68579577714843,-0.12876647693076115,-0.6262365630182923
2769,churn,1,1165.4450087922055,250.0907635725066,737.6766348733413,-427.7683739188642,-0.3670429498532725,-1.7104525085543396
2770,churn,1,2486.6742033323735,417.2307424598314,1226.001739985364,-1260.6724633470094,-0.5069713039438748,-3.021523428294308
2771,churn,1,596.9008338039952,86.3458025215143,434.6728121309038,-162.22802167309135,-0.27178387511913293,-1.878817695077533
2772,churn,1,182.42814661221564,25.209605805365353,166.6693544348918,-15.75879217732384,-0.08638355686867791,-0.6251106145408232
2773,churn,1,1198.7848169967258,355.83006752126107,292.65193499775637,-906.1328819989694,-0.755876174899406,-2.5465326421433665
2774,churn,1,1767.1948531019398,368.0727244369676,592.0511909372312,-1175.1436621647085,-0.6649768474042296,-3.1926942262899236
2775,churn,1,1681.3500264863144,500.43792061049635,3375.1102952346473,1693.760268748333,1.0073811175939096,3.384556203658735
2776,churn,1,1669.4678504584435,453.2693117775935,1314.5831079489176,-354.88474250952595,-0.21257357092086138,-0.7829445614082471
2777,churn,1,2706.4396299881564,393.3896283320357,1846.2607613509272,-860.1788686372292,-0.3178267340997344,-2.1865824787612493
2778,churn,1,1031.3952065356584,308.7229192823777,1026.5878596814791,-4.807346854179286,-0.004661013376556818,-0.015571719992004157
2779,churn,1,336.5019946291072,100.65457719381772,176.7068390107877,-159.79515561831948,-0.4748713474772887,-1.587559752107669
2780,churn,1,2984.2738239488554,516.3827607311882,4229.417901021501,1245.1440770726458,0.4172351970788808,2.411281266070047
2781,churn,1,1658.0452552117545,232.55511079162596,1259.8288747832778,-398.21638042847667,-0.24017220228263259,-1.712352736832718
2782,churn,1,642.911203421034,148.11053635431588,1109.3780952412583,466.4668918202243,0.7255541501502524,3.1494511011986597
2783,churn,1,951.2353240775086,152.07347245343783,852.9739875223753,-98.26133655513331,-0.10329866234774811,-0.6461438340945307
2784,churn,1,687.7354600764353,180.92962965122302,298.8987230041382,-388.83673707229707,-0.5653870705301157,-2.149104808437708
2785,churn,1,1577.735311108923,270.64986410240857,1096.671359341426,-481.063951767497,-0.30490789448667255,-1.7774402117766144
2786,churn,1,1041.9057144078863,168.46098746163628,387.30941971032587,-654.5962946975604,-0.6282682642445883,-3.8857441391089558
2787,churn,1,1795.5076710376886,459.7221008701907,728.2565291936235,-1067.2511418440652,-0.5944007697985841,-2.321513670593399
2788,churn,1,1307.3978943445115,249.29872863728892,1743.365815207201,435.9679208626894,0.333462309178087,1.7487771527988427
2789,churn,1,2539.873984063877,700.7443115266686,1934.4276796349077,-605.4463044289691,-0.23837651325529008,-0.8640045940721522
2790,churn,1,781.465987227924,196.77829444670886,675.4424353537447,-106.02355187417925,-0.13567263784604897,-0.5387969855734894
2791,churn,1,1228.882600313168,355.35823762786515,1197.8676859207587,-31.01491439240931,-0.025238305420310678,-0.08727788217164802
2792,churn,1,787.7500477249237,160.36993805279877,549.0868626550031,-238.6631850699206,-0.3029681632634568,-1.488204011099295
2793,churn,1,2396.170399913458,353.72022050040215,1529.7546583486355,-866.4157415648224,-0.3615835257776803,-2.4494379776737625
2794,churn,1,1107.1676363487393,277.43052954322945,779.2726791650258,-327.8949571837135,-0.2961565587891083,-1.1818993307029702
2795,churn,1,1398.8470694997652,244.6409066149796,695.02435741214,-703.8227120876252,-0.5031448593871779,-2.8769624909676876
2796,churn,1,1306.8307886395942,247.89442863365588,791.9229352752884,-514.9078533643058,-0.39401264328974284,-2.0771255578528893
2797,churn,1,493.811862795909,59.610437869480705,377.1554737221113,-116.6563890737977,-0.23623650597071913,-1.9569792345632697
2798,churn,1,878.9082056841968,170.09568686888986,810.6142214536472,-68.29398423054954,-0.07770320471338103,-0.4015033272606771
2799,churn,1,945.9449400001325,235.62275700124914,283.64067871125553,-662.304261288877,-0.7001509636372538,-2.8108671238634466
2800,churn,1,1421.8984389150726,301.3951624749705,2460.1984328660574,1038.2999939509848,0.730220925443326,3.4449789619208335
2801,churn,1,3181.4160132599322,664.9488331855513,1858.8487971111929,-1322.5672161487394,-0.4157165270547349,-1.9889759183616498
2802,churn,1,1116.3067804147547,244.0089032523783,545.1342360227809,-571.1725443919738,-0.5116627027740164,-2.3407856712556523
2803,churn,1,2023.973161673724,565.5331035456874,1167.7630506989108,-856.2101109748132,-0.4230343204090565,-1.5139876085178507
2804,churn,1,1482.7097730010198,335.37190068013405,751.0489972478737,-731.6607757531461,-0.49346189596650275,-2.181640066652389
2805,churn,1,2904.7907350999103,376.402448575159,2116.095885585808,-788.6948495141023,-0.27151520417080066,-2.0953499439221046
2806,churn,1,2466.122507909614,562.4319835085322,3573.526961597521,1107.4044536879073,0.44904681342314523,1.9689571115421955
2807,churn,1,1574.7798611252042,294.0346090694404,1013.231084593371,-561.5487765318333,-0.3565887463982414,-1.9098050338666615
2808,churn,1,682.615649857418,190.3105200848328,228.1011709077364,-454.51447894968163,-0.6658424532819,-2.388278266209757
2809,churn,1,3246.4714764485802,968.899804492575,2201.108042180397,-1045.363434268183,-0.32199988259614704,-1.0789179948443204
2810,churn,1,736.9374420362957,154.71102375922482,777.5652782461266,40.62783620983089,0.05513064460067139,0.2626046626972075
2811,churn,1,969.0475168064945,194.61022510210327,708.0307799090863,-261.01673689740824,-0.2693539092464644,-1.3412282769852635
2812,churn,1,2607.7007279811537,393.09710419919986,1756.7844419675441,-850.9162860136096,-0.32630902652405874,-2.1646465387911182
2813,churn,1,2991.05142395734,843.220579427209,1501.953154777373,-1489.098269179967,-0.4978511092296103,-1.765965283000441
2814,churn,1,821.2657334032742,245.53817417413603,296.29378636986314,-524.9719470334111,-0.6392230013761319,-2.1380461461813276
2815,churn,1,1121.2841218734518,265.8471509292025,597.8431388579415,-523.4409830155103,-0.46682279076683997,-1.9689546462542582
2816,churn,1,984.3306368628532,180.6055362720655,700.2950615290864,-284.0355753337668,-0.28855708102209715,-1.5726847648008615
2817,churn,1,2140.2166258857005,590.1546622705781,1227.8804326084683,-912.3361932772323,-0.42628217267477486,-1.5459272824636912
2818,churn,1,1097.2695411118489,315.96444897224,375.0516535230869,-722.217887588762,-0.6581955121591619,-2.285756799342367
2819,churn,1,1575.0948582390197,190.78345146596754,1757.5363663883368,182.4415081493171,0.11582890211024466,0.9562753307346549
2820,churn,1,267.55961910577685,38.44053557646413,192.26712788445076,-75.29249122132609,-0.28140453882003774,-1.9586743548761896
2821,churn,1,1085.6534470689353,147.78369329521834,880.450424465705,-205.20302260323024,-0.18901337545350283,-1.3885362994231634
2822,churn,1,2007.5789391099051,392.12756289001544,1422.5140237916655,-585.0649153182396,-0.29142809974766837,-1.4920270103082236
2823,churn,1,1775.4621175783552,375.44260041297844,1855.7600878241067,80.29797024575146,0.045226518465667984,0.21387549030777406
2824,churn,1,1118.1935054398427,180.04432053246185,749.6897353301131,-368.50377010972966,-0.32955277267933897,-2.0467392085455356
2825,churn,1,919.958618898911,131.18868483658213,920.0455379639697,0.08691906505862335,9.448149435531771e-05,0.0006625500146365203
2826,churn,1,2544.516352994877,414.07564060070797,1920.7952922071995,-623.7210607876773,-0.24512362046860586,-1.506297399873203
2827,churn,1,1086.3949873451008,208.61974878365683,1051.3719955087154,-35.02299183638547,-0.03223780691585627,-0.16787956097437864
2828,churn,1,2769.728106698606,508.3189012194974,2128.398698904459,-641.3294077941473,-0.23154959009986859,-1.2616674419454936
2829,churn,1,1297.5997780728514,194.8832119329247,1883.7377758575287,586.1379977846773,0.45170938504258096,3.0076371995881073
2830,churn,1,2925.7348602869984,745.7142408281413,3440.1034401553493,514.3685798683509,0.17580833685588798,0.6897663363611334
2831,churn,1,1067.1295946987984,285.6735080306708,415.95103158326697,-651.1785631155315,-0.6102150726119907,-2.2794502983651492
2832,churn,1,1191.5558981628096,241.9449406999793,828.7522674296829,-362.80363073312674,-0.3044789013192855,-1.4995297264058796
2833,churn,1,651.597158270368,129.51067317109738,450.4107830606916,-201.18637520967644,-0.30875882845117925,-1.553434711468821
2834,churn,1,1075.925402767775,177.12656680348553,1298.071762400829,222.14635963305386,0.20647003877926037,1.254167365415691
2835,churn,1,622.5688265763268,89.47170706105736,497.8314878478526,-124.73733872847424,-0.20035911437204199,-1.3941540049453944
2836,churn,1,873.8676780609586,204.15914453712753,657.6002197297872,-216.26745833117138,-0.24748307296483527,-1.0593082118437358
2837,churn,1,1714.6497354841567,411.18085429816927,1187.1158770227466,-527.5338584614101,-0.3076627532400681,-1.2829728158472744
2838,churn,1,3860.6753075973334,538.6748166642767,5632.537464091103,1771.8621564937698,0.4589513531497879,3.2892982958920536
2839,churn,1,1261.0196162492612,250.54954818326428,994.7691400119354,-266.25047623732576,-0.2111390439977874,-1.0626659603575779
2840,churn,1,3292.27709419256,688.3315780972674,3441.0078475519267,148.73075335936664,0.04517564867845465,0.21607428467904702
2841,churn,1,231.10540861913597,64.79966362169995,132.25849045233755,-98.84691816679842,-0.42771356480755984,-1.5254233223163955
2842,churn,1,1244.8260066129926,273.5645456768911,2338.6611010690594,1093.8350944560668,0.8787052075110865,3.9984534243995298
2843,churn,1,1854.4710263728098,538.5634849879854,1672.6800848095943,-181.79094156321548,-0.09802846147388097,-0.3375478409333135
2844,churn,1,1823.305724352938,494.81445322658436,873.3344136279967,-949.9713107249412,-0.5210159207184362,-1.9198536027603308
2845,churn,1,386.9481408131684,52.69650594479719,430.83772841594134,43.88958760277296,0.11342498638328989,0.8328747194121369
2846,churn,1,883.785306613924,228.26283661393708,1044.5902961077732,160.80498949384912,0.18195028621820677,0.7044729307636705
2847,churn,1,845.4328309058803,109.59739069644533,740.3965684920304,-105.03626241384995,-0.12423963036933841,-0.9583828752344256
2848,churn,1,1184.5427356497626,336.4216046822469,1517.559102757186,333.01636710742355,0.28113495367033137,0.9898780651199865
2849,churn,1,866.3192180232772,126.30394264861461,639.5948352767856,-226.72438274649164,-0.2617099771419359,-1.7950697182688344
2850,churn,1,1249.5579869361695,342.92614942190806,1099.9227986618782,-149.6351882742913,-0.11975049564621368,-0.43634814238150293
2851,churn,1,967.3019807991494,124.87399627031662,1348.7777073161992,381.4757265170498,0.3943708728910992,3.054885227595852
2852,churn,1,677.7804204142245,174.77794823355288,535.4719776767432,-142.3084427374813,-0.209962457532352,-0.814224243823465
2853,churn,1,870.8551140531458,167.9469836613777,584.15419303044,-286.70092102270587,-0.32921770383633453,-1.7070918141689597
2854,churn,1,551.0494060123435,67.59659123038881,454.4970248813078,-96.5523811310357,-0.17521547084087216,-1.4283616876767817
2855,churn,1,1643.8205765257849,352.6802234168063,1614.6603596975215,-29.1602168282634,-0.01773929420563254,-0.08268174650043002
2856,churn,1,1178.8813692072629,303.62079218431,790.5713151770832,-388.3100540301797,-0.3293885747734721,-1.278931035113234
2857,churn,1,1354.264829623607,252.22521134465836,794.4843278098277,-559.7805018137793,-0.41334640726759475,-2.21936775800281
2858,churn,1,817.8242618935159,106.79179276969707,763.8951455416602,-53.92911635185567,-0.06594218203675335,-0.5049930800221423
2859,churn,1,1797.246262453173,338.4511988305345,1012.3947376035024,-784.8515248496705,-0.43669670720493137,-2.318950346642597
2860,churn,1,772.7664374637664,93.55750637707523,736.825526769776,-35.940910693990304,-0.04650940950793494,-0.3841584933776842
2861,churn,1,2623.731441485155,584.8897626239293,1528.00287372423,-1095.7285677609248,-0.41762222704496427,-1.8733933089293155
2862,churn,1,1074.7317029839594,212.63410420080282,1865.7421080914278,791.0104051074684,0.7360073243501168,3.720054259783609
2863,churn,1,2902.5557870439193,365.5609884623549,2488.255386461648,-414.3004005822713,-0.1427364126579671,-1.133327717284405
2864,churn,1,959.2937070103002,185.58393594098203,670.0402874165825,-289.2534195937177,-0.30152748577408517,-1.5586123773433915
2865,churn,1,1089.4538096164122,313.5219671406524,558.2804431758391,-531.1733664405731,-0.48755932720781886,-1.6942141926606302
2866,churn,1,1780.0336220199083,429.0520066080506,2642.0857108320442,862.0520888121359,0.4842897786581778,2.0092018578988755
2867,churn,1,1065.2904468623135,226.44982709691584,676.1159765980663,-389.17447026424725,-0.36532240705857677,-1.718590273410492
2868,churn,1,611.2339336110028,182.29896191367055,506.19859034581674,-105.0353432651861,-0.17184147916112252,-0.5761708249053366
2869,churn,1,3670.684321513001,1018.2929521838903,3584.329522613772,-86.35479889922908,-0.023525531300287606,-0.08480349266291941
2870,churn,1,3524.299516033841,775.9177323732213,5173.956296204951,1649.6567801711103,0.46808075552772344,2.1260717616614735
2871,churn,1,457.86977534199167,79.20788712747796,382.0317802881442,-75.83799505384746,-0.16563223680183436,-0.9574550944881668
2872,churn,1,362.3590401991475,64.79841573208734,400.07383659561293,37.71479639646543,0.10408129013626348,0.5820326927806285
2873,churn,1,1976.4126282045813,490.7499491883215,1057.792525055575,-918.6201031490064,-0.46479165840156667,-1.8718699913639583
2874,churn,1,241.52056966676776,33.8453135396745,195.66066028454082,-45.85990938222693,-0.18987993215443738,-1.3549855086574558
2875,churn,1,375.40331888657647,95.52543453144024,275.94927505704686,-99.45404382952961,-0.26492585128044227,-1.041126316957986
2876,churn,1,756.3787790646412,161.57297002588595,409.95764234623664,-346.42113671840457,-0.4579995450781928,-2.14405377745364
2877,churn,1,1996.0912200438836,484.17065085499945,1786.983993012319,-209.10722703156466,-0.10475835218941923,-0.4318874484901163
2878,churn,1,1162.693669514071,273.2665414355803,973.0306999517287,-189.66296956234225,-0.16312376555865213,-0.694058513588841
2879,churn,1,1398.2553814191174,181.76691975427616,1874.8852864318458,476.6299050127284,0.3408747152676696,2.622203785249078
2880,churn,1,576.4461655814522,113.17333302075137,384.87194597110386,-191.57421961034834,-0.3323367055744233,-1.692750531392598
2881,churn,1,311.5798014584622,38.039204707672404,444.51506573989656,132.93526428143434,0.42664917192700763,3.4946909459077533
2882,churn,1,632.1179546297637,116.50210551760921,824.360842591273,192.24288796150927,0.30412502374514483,1.650123721862279
2883,churn,1,1244.678095621621,204.9457302315362,760.8418475168163,-483.83624810480467,-0.3887240000501219,-2.3608017964472525
2884,churn,1,797.806034630775,149.99487679519933,517.1646863678347,-280.64134826294026,-0.35176638942424293,-1.8710062254067756
2885,churn,1,1056.109635192814,217.51115204302525,599.4194992364614,-456.6901359563526,-0.4324268245814978,-2.099617107751864
2886,churn,1,1670.6431412834913,202.79236770257342,2404.5396083346686,733.8964670511773,0.4392897854220098,3.6189550689972254
2887,churn,1,2105.163264642242,495.28187788694476,2023.284552406198,-81.8787122360443,-0.038894233816092645,-0.1653173998317263
2888,churn,1,1626.0688728618684,295.34269480894534,1635.5928802437816,9.52400738191318,0.005857075023612623,0.03224730981774978
2889,churn,1,754.2390337356841,226.23321750514506,308.9956203703977,-445.24341336528636,-0.5903213615981028,-1.9680726741870278
2890,churn,1,2514.8890515743196,460.24461084083,1631.2784204278319,-883.6106311464878,-0.35135173481841986,-1.9198717602194235
2891,churn,1,1430.4906407385145,231.58885419402503,1494.9708516053106,64.48021086679614,0.04507559087105049,0.27842536330688283
2892,churn,1,983.8937485271019,147.14699219705193,894.9923121706418,-88.90143635646018,-0.09035674481065303,-0.6041675404238491
2893,churn,1,404.9423116123627,121.07983729067799,307.8204773726716,-97.12183423969111,-0.23984116120881557,-0.8021305314982331
2894,churn,1,924.051816503166,212.28110993176927,819.1792381321545,-104.87257837101151,-0.11349209697771553,-0.49402689860025384
2895,churn,1,825.6509181992891,198.6402029440608,317.3634796039237,-508.2874385953654,-0.6156202668603815,-2.5588346722466073
2896,churn,1,883.1557079470234,173.87758496850654,940.9931647480191,57.83745680099571,0.06548953517544963,0.3326331960009192
2897,churn,1,1377.7219219922167,273.7790879501661,1451.4129439108558,73.69102191863908,0.05348758754747853,0.26916234716967313
2898,churn,1,1430.019529369316,376.6056913963884,1139.2352289104635,-290.7843004588524,-0.20334288762272884,-0.7721187095730677
2899,churn,1,665.0794631519117,130.44814799535334,596.3153957838472,-68.7640673680645,-0.10339225788476648,-0.5271371684825601
2900,churn,1,2616.3373041678183,550.6215405140969,1878.2239931036565,-738.1133110641617,-0.2821170305099229,-1.3405093276500046
2901,churn,1,936.4713291057783,157.84401965549458,813.8874921936192,-122.58383691215909,-0.13089972228964283,-0.7766137556538837
2902,churn,1,1199.420495338262,150.7426491431613,1088.2276320209553,-111.19286331730677,-0.0927054888168707,-0.7376337350400827
2903,churn,1,4319.753930046702,1114.3538383302187,3943.1938266082507,-376.56010343845173,-0.08717165596383418,-0.33791789509398623
2904,churn,1,1498.7594376478303,387.7978526086003,793.0606870718291,-705.6987505760012,-0.4708552505821299,-1.8197593045680283
2905,churn,1,2095.5688730001143,365.45812068068466,1678.2859351888594,-417.2829378112549,-0.19912632946005404,-1.141807813803792
2906,churn,1,1813.6134300761214,396.70809079531443,1186.241997129228,-627.3714329468935,-0.3459234600620273,-1.5814435034313232
2907,churn,1,1980.9533050404632,454.7105274763904,1883.0252620046729,-97.92804303579032,-0.04943480635642244,-0.21536348317969167
2908,churn,1,1326.9370873244761,182.25432556367298,1019.8827414732591,-307.054345851217,-0.23140083187390253,-1.684757521675081
2909,churn,1,1417.2036813355853,405.89101057593587,1166.339658631697,-250.8640227038884,-0.1770133862956607,-0.6180575971562584
2910,churn,1,3060.3769731256675,752.0338713339827,3258.772691753659,198.3957186279913,0.06482721585287678,0.2638122113782859
2911,churn,1,1853.2782508868895,392.2230614626174,1713.9015529225821,-139.37669796430737,-0.0752054894604242,-0.35535059423728277
2912,churn,1,746.8385642878015,191.14364738021777,507.17733153935035,-239.6612327484512,-0.3209009874536894,-1.2538278725618517
2913,churn,1,738.5474089062831,147.94555105325912,296.19749159285135,-442.3499173134317,-0.5989458658700176,-2.98995079043769
2914,churn,1,206.4466946351726,25.33853806097721,200.04439643281665,-6.402298202355951,-0.03101187070914325,-0.2526703863872815
2915,churn,1,964.4775909167256,147.58415657932588,789.4188550397827,-175.05873587694293,-0.18150627606656106,-1.1861621188508102
2916,churn,1,1204.057678211325,332.3919344560234,511.7046881566623,-692.3529900546628,-0.5750164652271312,-2.082941606834517
2917,churn,1,2605.7822362810125,778.5687739182155,776.4263998371521,-1829.3558364438604,-0.7020371123009602,-2.349639361000143
2918,churn,1,1710.6366723267138,260.9272699733316,1943.6920473922592,233.05537506554538,0.13623896811972136,0.8931813646360731
2919,churn,1,557.9417357211223,80.81806512189767,350.787336560418,-207.15439916070432,-0.371283210948476,-2.563218988826989
2920,churn,1,306.46807842619455,42.71621960170961,243.86930381458885,-62.598774611605705,-0.20425871083562497,-1.4654568029493964
2921,churn,1,1147.7724097844214,310.7345324673695,774.9094720484983,-372.8629377359231,-0.3248579026271903,-1.199940459707605
2922,churn,1,739.3334867879007,108.39975161816359,567.3242163370628,-172.0092704508379,-0.23265451048098373,-1.5868050238411784
2923,churn,1,407.0024168972223,119.84430494093567,209.77351403749472,-197.22890285972758,-0.4845890212724032,-1.6457094307228892
2924,churn,1,811.0687877806619,242.5798884831305,373.66734185697555,-437.4014459236863,-0.5392901964832768,-1.8031232871726879
2925,churn,1,681.5871089120528,126.39739925249053,713.5181422204311,31.931033308378233,0.046848059317533816,0.25262413227817315
2926,churn,1,836.5229915984421,209.45371375615366,495.57597782869647,-340.94701376974564,-0.40757638127585516,-1.627791685597309
2927,churn,1,1758.1500771610959,248.3962370918649,1168.921633277821,-589.2284438832748,-0.3351411529297365,-2.372131119141548
2928,churn,1,732.1319240529962,203.92962433608054,345.0717588723153,-387.0601651806809,-0.5286754373965301,-1.898008523483558
2929,churn,1,717.2049533022132,114.24631829132737,514.0039818938453,-203.20097140836788,-0.28332343561317236,-1.7786216172866658
2930,churn,1,1249.5919629892373,193.63770538682408,758.1796087081816,-491.41235428105574,-0.39325825456296426,-2.5377926953811833
2931,churn,1,397.0872456014621,107.0568706589744,221.05341809095177,-176.03382751051032,-0.4433127214747845,-1.6443020090813172
2932,churn,1,1301.5671152028458,173.6498275128912,1232.835989340945,-68.73112586190086,-0.05280644006681845,-0.39580301832893267
2933,churn,1,721.6070731357767,193.72049833312732,374.0420063412127,-347.56506679456396,-0.48165418512903985,-1.7941574060834857
2934,churn,1,1693.499336120327,422.68735953480365,1699.3148149437102,5.815478823383273,0.003434001241893649,0.013758345718650318
2935,churn,1,2413.090730492862,302.97322328608016,2212.0716335631005,-201.01909692976142,-0.08330358008905213,-0.6634879965611703
2936,churn,1,297.57370061425996,54.938563393091314,157.09148681583105,-140.48221379842892,-0.47209216912798946,-2.557078400344465
2937,churn,1,2789.2780932980554,672.5201337577196,3380.069990000203,590.7918967021474,0.21180817291817336,0.8784746612730923
2938,churn,1,1347.8729426507216,372.6554427259278,401.08969864900666,-946.7832440017149,-0.7024276651327199,-2.5406397853097604
2939,churn,1,2985.25740674299,370.17977076883443,2176.632977473201,-808.6244292697888,-0.27087259793520574,-2.184410097802857
2940,churn,1,409.0595646992819,73.8010195230513,620.4726942048572,211.41312950557534,0.5168272490119982,2.864636977535815
2941,churn,1,1477.7600560173992,361.7550543134993,988.8998125300358,-488.8602434873634,-0.3308116507119932,-1.3513570512928175
2942,churn,1,1313.9152957515917,233.04509758907642,1575.301500443182,261.38620469159036,0.19893687632433799,1.1216121145465467
2943,churn,1,1384.2575349025935,266.27027422459776,1620.3421246131184,236.08458971052482,0.17054961505204122,0.8866351694646492
2944,churn,1,3553.270455365349,431.8410105117972,2757.5238572230505,-795.7465981422984,-0.2239476584003734,-1.8426841795299103
2945,churn,1,1617.0576906978142,229.72642988007894,1347.9826812476024,-269.07500945021184,-0.16639790342550922,-1.1712845125860072
2946,churn,1,315.9121284268408,71.4314979819045,199.86940573049537,-116.04272269634544,-0.3673259500172014,-1.6245315578534016
2947,churn,1,855.1962948172126,166.81219840547024,765.5677032527087,-89.62859156450384,-0.10480470052043528,-0.5373023820874521
2948,churn,1,1337.490054400942,268.322626189697,1160.2261118564686,-177.26394254447337,-0.13253477434183195,-0.6606373270182307
2949,churn,1,1525.2719176135743,193.79139894564656,896.2923445055483,-628.979573108026,-0.4123720930312028,-3.245652678757112
2950,churn,1,5085.030494706496,716.8209455189609,4066.679653995856,-1018.3508407106401,-0.2002644510727597,-1.4206488343799426
2951,churn,1,1354.6062839146439,397.32116883134233,1137.3804807451115,-217.22580316953236,-0.16036084118979338,-0.5467259743760139
2952,churn,1,2741.159141015644,821.815378665117,906.7484140567769,-1834.410726958867,-0.6692098607157803,-2.2321445601790986
2953,churn,1,695.7845138280568,115.39352039216338,462.67192125545154,-233.11259257260525,-0.3350356151074273,-2.0201532268048945
2954,churn,1,1068.0067811493082,259.67814474430816,1113.8302063053911,45.823425156082976,0.04290555637368826,0.17646238654855984
2955,churn,1,593.0477423043372,152.81061079848985,229.87572317142025,-363.172019132917,-0.612382432688777,-2.3766151920682335
2956,churn,1,1792.1874839459963,458.72322647603465,2350.5621672807006,558.3746833347043,0.3115604189497452,1.217236562500233
2957,churn,1,690.1734648427636,184.83914401432466,715.1426213336857,24.96915649092216,0.03617808820947741,0.13508586952224308
2958,churn,1,810.0053887001905,242.16900899500433,277.9947357910693,-532.0106529091212,-0.6567989056996703,-2.1968568774219
2959,churn,1,741.763032332349,157.63341941512334,535.3077454555375,-206.45528687681144,-0.2783305151075641,-1.3097177466734833
2960,churn,1,393.69267147788673,99.03364581669157,210.01443874512236,-183.67823273276437,-0.4665523288590892,-1.8547053500660522
2961,churn,1,2977.138992183365,775.5833471443631,2143.8930697085643,-833.2459224748009,-0.27988143135491217,-1.0743473613026207
2962,churn,1,1605.4349251843264,385.0321146073338,1050.0343740395488,-555.4005511447776,-0.3459502110189922,-1.4424785104255269
2963,churn,1,1456.129757439939,307.58668602735753,1005.4271126708304,-450.7026447691087,-0.3095209355253485,-1.4652865850280077
2964,churn,1,1541.6139578830396,375.39850444902055,714.5423390091445,-827.0716188738951,-0.536497230480216,-2.203183041679411
2965,churn,1,1448.9753264374633,358.1065063468014,632.6619678940943,-816.313358543369,-0.5633728495228455,-2.2795267443502576
2966,churn,1,599.5774216924146,167.4128937884672,398.6296862350114,-200.94773545740327,-0.33514893687989833,-1.2003121797255871
2967,churn,1,2446.002974215963,294.26229720153225,2009.903720631447,-436.0992535845162,-0.17829056553960346,-1.4820085948212511
2968,churn,1,442.9821146215853,77.47265296894359,453.00814000575684,10.026025384171533,0.022633025246936216,0.12941373504003612
2969,churn,1,801.5392864552549,163.7114279010884,561.0171329464913,-240.5221535087636,-0.3000753145518969,-1.4691836519444623
2970,churn,1,763.1878999673868,100.07780692262139,1085.2882645355758,322.100364568189,0.42204595301098624,3.2184994303205703
2971,churn,1,492.74730280316913,89.65069059680063,278.43086483320155,-214.31643796996758,-0.43494187943952595,-2.3905720808537296
2972,churn,1,798.7216583802849,135.68056344881143,633.2971399974302,-165.42451838285467,-0.20711159719684633,-1.2192204555906405
2973,churn,1,1151.5315915477058,312.36921227254123,631.8349505328783,-519.6966410148275,-0.4513090607582323,-1.663725554877648
2974,churn,1,386.97937766925384,80.99374044810556,586.5489378886829,199.56956021942904,0.5157110991842012,2.4640121460657514
2975,churn,1,356.80895002456265,93.88930249536783,239.46669294811187,-117.34225707645078,-0.3288657895727474,-1.2497936821102706
2976,churn,1,2158.158510774801,537.2372014954439,2506.9604440475373,348.8019332727363,0.1616201643814906,0.6492512661107933
2977,churn,1,579.9133880702454,172.64823748092027,166.9198665297596,-412.99352154048586,-0.7121641438815335,-2.392109688267896
2978,churn,1,3861.323192880287,974.7955214268366,3005.0974378544415,-856.2257550258455,-0.22174413076962843,-0.8783644735796108
2979,churn,1,712.0652442737631,104.27218447310699,685.4104735396418,-26.65477073412137,-0.0374330455649561,-0.25562685647001043
2980,churn,1,1191.7202818864232,195.09935494450514,957.1055963681449,-234.6146855182783,-0.19687059881778385,-1.2025395244644097
2981,churn,1,251.7005103964714,61.938863180569406,112.15447857381326,-139.54603182265814,-0.5544129870966461,-2.2529640464314262
2982,churn,1,521.707289696644,134.8173663898215,549.4356924877738,27.728402791129838,0.05314934895246147,0.20567382032188464
2983,churn,1,797.6871914608794,197.3229845189349,489.1888009007929,-308.4983905600865,-0.3867410607347279,-1.5634184294961508
2984,churn,1,1434.7142577652025,375.5797207663557,853.6868375357358,-581.0274202294668,-0.40497779755427404,-1.5470148895257259
2985,churn,1,924.9204555077993,147.14184689960658,759.7531472835802,-165.16730822421903,-0.1785746084873201,-1.1225039762951394
2986,churn,1,1109.9812481379013,297.8058874552373,714.3295561781624,-395.65169195973886,-0.35644898742522185,-1.3285556418665785
2987,churn,1,327.493985431561,58.716147456488734,202.0805448202289,-125.41344061133208,-0.38294883628493603,-2.135927611808472
2988,churn,1,1223.4283998956817,291.7306577770951,453.93955922979103,-769.4888406658906,-0.6289610742496273,-2.6376687542172546
2989,churn,1,2476.836875005226,676.4440554264391,1353.1197528871414,-1123.7171221180845,-0.45369040386065534,-1.6612122068390098
2990,churn,1,3028.346758962681,636.8019818874227,2901.230735629315,-127.11602333336623,-0.04197538573056544,-0.19961624955469828
2991,churn,1,1354.8198805423576,378.610556745385,1234.9442455264962,-119.87563501586146,-0.08848086504891942,-0.31661989577453237
2992,churn,1,482.6724336042776,113.55451830519831,263.3190762388499,-219.3533573654277,-0.4544559458833029,-1.9317008309248944
2993,churn,1,1840.6886036346125,301.27476503377704,1692.3914454423243,-148.29715819228818,-0.08056613046848962,-0.49223225906644397
2994,churn,1,468.7713383767419,69.57116986948242,433.98187130519716,-34.78946707154472,-0.0742141513856488,-0.5000558009418383
2995,churn,1,1321.6114562637779,297.7441972907953,813.8385073044425,-507.7729489593354,-0.38420743596973633,-1.7053999828699034
2996,churn,1,883.1904856949506,177.44820989486365,496.5394571503064,-386.65102854464413,-0.4377889422579122,-2.1789514178459797
2997,churn,1,1532.3950845720176,258.77795290805284,1660.954757340957,128.55967276893944,0.08389460006969733,0.4967953078082288
2998,churn,1,1082.5152012648616,196.02637343641402,1090.0484954397432,7.533294174881576,0.006959065485712645,0.038430003283844785
2999,churn,1,1689.7611979171775,245.2712423171871,1292.8882449525415,-396.87295296463594,-0.2348692545750411,-1.6180981888263772
3000,churn,1,1432.0548759968096,280.19323752724677,1068.5515678513402,-363.5033081454694,-0.25383336507439763,-1.2973307684134288
